string2 0,string 1
main_010_010_010,"Ты видишь это сообщение? Это система связи под названием
""Дигилайн""."
main_010_010_020,"Ты можешь просматривать сообщения на своём Дигивайсе. Мы будем
активно использовать Дигилайн в дальнейшем."
main_010_010_030,"Документ: ""Дигилайн""

Просмотреть {decision}"
main_010_020_010,"Документ: ""Система Навигации""

Просмотреть {decision}"
main_010_080_010,"Хорошая работа. Как ты видишь, контакт с Дигимоном запускает
битву."
main_010_080_011,"К сожалению, такие битвы неизбежны. Разрешаю использование
Дигиатаки {r2}."
main_010_080_012,"Документ: ""Дигиатаки""

Просмотреть {decision}"
main_010_080_020,"Уничтожение целевого объекта подтверждено. Продолжайте движение
к целевым координатам."
main_010_120_010,"Та девушка сказала, что что-то должно произойти на крыше."
main_010_120_011,"Кажется, у неё больше информации, чем у нас. Возможно, стоит
остаться с ней."
main_020_030_010,"Почему бы не отдохнуть? Твой Дигивайс имеет функцию
восстановления."
main_020_030_020,"Просто оставайся на месте и не двигайся. Твой Дигимон должен
исцелиться."
main_020_030_030,"Документ: ""Режим Регенерации""

Просмотреть {decision}"
main_020_070_010,"Что здесь произошло? Это то, что Стена была построена, чтобы
скрыть?"
main_020_070_011,"Оставь здравый смысл здесь. Аномалии всегда развиваются в
неожиданных направлениях."
main_020_070_020,"Документ: ""Конверсия и Скорость Сканирования""

Просмотреть {decision}"
main_020_090_010,"Похоже, подземный лифт снова работает. Направляйся к метке на
карте."
main_020_070_030,"При прогрессивном усилении в конечном итоге упреждающая атака
твоей Дигиатаки {r2} иногда будет достаточной, чтобы закончить
битву до её начала."
main_020_070_031,"Это поможет тебе выполнять миссии более эффективно, так что
надеюсь, ты будешь этим пользоваться."
main_020_120_010,"Я продолжу подниматься наверх. Я беспокоюсь о нашем маленьком
друге!"
main_020_120_011,Встретимся позже на крыше!
main_020_160_010,"Взаимодействия с неизвестной фазово-электронной формой жизни...
Должен быть ценным образцом."
main_020_160_011,"Мы передадим данные в аналитический отдел. Продолжай
расследование."
main_050_020_010,"Нам нужно откалибровать твой Дигивайс, поэтому, пожалуйста,
направляйся к этим трём конкретным точкам."
main_050_020_011,"Я отправил координаты на твою карту. Нам необходимо подтвердить
точность системы данных о местоположении, так что я ценю твоё
сотрудничество."
main_050_030_010,Ты смог поговорить с папой? Он не сказал тебе ничего странного?
main_050_030_011,"Ты всегда можешь его отшить, если он начнёт докучать вопросами!
Я точно ему всыплю!"
main_050_030_012,"Просто напиши мне, если что-то понадобится!"
main_050_030_020,"Инори Мисоно... Когда ты впервые встретил её, твой Дигивайс
определил её как существующий контакт."
main_050_030_021,"Возможно, причина в сообщениях Дигилайн, которые были только
что. По крайней мере, журнал этих сообщений уже должен был быть
на её устройстве."
main_050_030_022,"Может, твой Дигивайс смог это обнаружить..."
main_050_030_023,"Может, твой Дигивайс смог это обнаружить..."
main_050_035_005,"Хорошо. Ты на позиции. Теперь жди. Я начну вносить
корректировки."
main_050_035_010,"Твои координаты получены без проблем. Продолжай к
следующей точке."
main_050_038_005,"Хорошо. Ты на позиции. Теперь жди. Я начну вносить
корректировки."
main_050_038_010,"Калибровка проходит успешно. Направляйся к последней
точке."
main_060_080_010,"Эта девушка только что упомянула ""фазово-электронную форму жизни""?"
main_060_080_011,"С ней что-то не так. Тебе лучше держать её под пристальным
наблюдением."
main_060_080_012,"Мне нужна каждая крупица информации о ней, какой бы
незначительной она ни была. Этот мир... У него... заканчивается
время, и быстро."
main_060_090_010,"Кажется, ряд образцов Дигимонов признаёт всё, чего они никогда
раньше не видели, врагом, без лишних вопросов."
main_060_090_020,"Эти враждебные Дигимоны опасны для людей, но Дигимоны, рождённые
через Конверсию, не проявляют таких черт."
main_060_090_030,"Подземка Синдзюку - это логово враждебных Дигимонов, но тот, за
которым ты следишь, ведёт себя иначе. Может, мы получим
достоверные данные."
main_060_090_040,"Все эти враждебные Дигимоны находятся в подземке Синдзюку с тех
самых пор, восемь лет назад."
main_060_090_050,"Эти Дигимоны, вероятно, связаны и с Адом Синдзюку. Сообщай о
любых находках, Агент {player}."
main_060_090_060,"Насчёт ОккультТокио ТВ, о котором шла речь... По данным видно,
что за восемь лет число его подписчиков выросло до двух
миллионов."
main_060_090_070,"Похоже, оно начало расти... да, как раз около восьми лет назад.
Возможно, именно съёмки, проходящие сейчас, и вызвали этот рост."
main_070_010_010,Ты проснулся? Вставай и пой!
main_070_010_011,"У меня сегодня школа, так что я ушла пораньше. Завтрак на столе.
Угощайся!"
main_070_010_012,"И, пожалуйста, присмотри за Эгиомоном, пока меня нет, хорошо?"
main_070_020_010,"Именно ты находишься на земле в том мире, так что мне придётся
оставить все решения на месте на тебя."
main_070_020_011,"Только не забывай о важном. Через восемь лет всё, что ты видишь
там сейчас, будет в руинах."
main_070_020_012,"Мы примем любую зацепку, которая поможет предотвратить
будущую катастрофу, какой бы незначительной она ни казалась."
main_070_020_013,"Я рассчитываю на тебя, Агент {player}."
main_070_040_010,"Возможно, неплохой идеей будет примкнуть к экспериментам
общественной безопасности. Мы тоже хотим больше информации о
Дигимонах."
main_070_040_011,Ведь Дигимоны как-то связаны с грядущим Адом Синдзюку.
main_070_040_012,"Эта отвратительная аномалия, которая приносит апокалипсис...
Исследование Дигимонов - наш единственный путь к истине."
main_070_090_010,"Когда я вернулась из школы, дом был пуст. Куда все ушли? И не
сказав мне?!"
main_070_090_011,"Хмпф! Тогда я съем все эти закуски сама, наверное."
main_080_060_010,Ну! Вот это даёт повод для раздумий.
main_080_060_011,"База данных АДАМАС определённо получает свежие обновления
сейчас!"
main_080_060_012,"Ключ явно в тех аномалиях класса А... Не упускай из виду
Эгиомона или Инори Мисоно."
main_080_060_013,"Куда бы они ни направлялись, можешь быть уверен, что там будут
появляться новые аномалии."
main_080_060_014,Может ли быть связь с Адом Синдзюку? Продолжай расследование.
main_090_060_010,"Тот Дигимон упомянул ""наш мир"", не так ли?"
main_090_060_011,Только подумай о значимости этих слов...!
main_090_060_012,"Боже мой. Всё, что мы когда-либо думали, что знаем, разбивается
на кусочки."
main_090_080_010,"Ты сейчас смотрел телевизор?! Что это вообще было? На секунду в
этой трансляции появилось что-то довольно жуткое...!"
main_090_080_011,"А теперь они просто пытаются сделать вид, что ничего не было?!
Вау! Это жесть..."
main_090_080_012,Моё чутьё на сенсации щекочет!
main_090_080_013,"Я пойду сниму материал для следующего обновления. Жди с
нетерпением!"
main_100_050_010,"Внешние подземелья? Аномальные явления продолжают поступать...
Но нет времени глазеть. Это отличный шанс собрать информацию..."
main_100_050_011,"Продолжай расследование. Нам нужно приблизиться к истине,
стоящей за аномалией, которая означает конец всего - Аду
Синдзюку."
main_100_050_012,"...Информация, которая может приблизить нас к истине, стоящей за
аномалией, которая означает конец всего - Аду Синдзюку."
main_03_351_0,"Наша единственная зацепка - это тот Дигимон. Преследуй его и
захвати."
main_110_030_010,"Тёмная тень, хм? Звучит знакомо? Мы видели одну на крыше
Токийского столичного правительства как раз перед Адом Синдзюку."
main_110_030_011,"Это может быть связано с аномалиями, которые его вызывают."
main_110_030_012,Предоставь мне подробный отчёт об обстановке.
main_120_090_010,"Судя по реакциям Дигимонов... кажется, они уже знали о
существовании людей."
main_120_090_011,"Как и ты, другие люди, должно быть, случайно проскользнули в тот
мир в прошлом. Один этот факт объяснил бы несколько аномалий...!"
main_130_030_010,Ты в порядке? Мы на мгновение потеряли связь.
main_130_030_011,Что случилось? Я ожидаю подробного отчёта позже.
main_150_010_010,"Факториальная зона... Что-то вроде промышленной зоны для
Цифрового мира?"
main_150_010_011,"И я вижу, конфликт между тамошними Дигимонами стал довольно
серьёзным. Может, это похоже на ситуацию восьмилетней давности?"
main_170_010_010,"В Цифровом Мире есть своё море? Я представляю, что некоторые из
наблюдений русалок на протяжении веков на самом деле были
Дигимонами..."
main_170_010_011,"Доктору Юки бы понравилось это место, знай он о нём. Твой
приёмный отец посвятил свою жизнь разгадыванию аномальных
явлений."
main_170_010_012,"И в конце концов... сам доктор пропал без вести из-за такой
аномалии. Почти нельзя не восхищаться замкнувшимся кругом его
жизни."
main_170_010_013,"Не было бы иронично, если бы он попал в Цифровой мир и просто
остался там продолжать свои исследования..."
main_180_010_010,"Из того, что я слышал, Инори Мисоно и её отец потеряли членов
семьи из-за аномалии. Должно быть, это было довольно тяжело."
main_180_010_011,"Бьюсь об заклад, ты помнишь таинственное исчезновение твоего
собственного приёмного отца. Существует отчётливая возможность,
что доктор Юки оказался там, в том мире."
main_180_010_012,"Это лишь слабая надежда. Тем не менее, вероятно, хорошая идея
держать это в уме."
main_200_030_010,"Показания врага зашкаливают. Похоже, Титаны повсюду на
поверхности."
main_200_030_011,"Я отправлю тебе подземный маршрут, где нет врагов. Оттуда ты
сможешь подняться на Перекрёстке Надземного Моста и собрать
информацию."
main_210_010_010,"Чтобы направиться к зданию правительства, куда упало сокровище,
тебе нужно разобраться с Титанами на поверхности."
main_210_010_011,"Кажется, у Др. Симмонс есть умная идея... Возможно, лучше
работать вместе."
main_210_010_020,"Многочисленные показания врага... Должно быть, это Титаны. Тебе
лучше хорошо подготовиться, прежде чем двигаться вперёд."
main_210_020_010,"Я обновил твою карту. Похоже, ты можешь спуститься под землю
через ближайший люк."
main_210_020_020,"Я засекаю сигналы связи впереди... Возможно, это люди из
общественной безопасности."
main_210_020_030,"Это определённо звучало так, будто идёт бой. Возможно, офицеры
общественной безопасности под атакой."
main_210_020_040,"Похоже, поверхность специально забаррикадирована, чтобы
предотвратить вторжение Титанов."
main_210_020_041,"Наш анализ показывает, что это очень похоже на лабиринт.
Следовательно, самый эффективный путь, скорее всего, пролегает
под землёй."
main_210_020_050,"Она упомянула базу на станции Хигаси-Синдзюку? Вероятно, она в
депо метро. Я отметил место на твоей карте."
main_210_020_060,"Показания данных в окружающей области значительно меняются.
Может, это Дигимоны? Что-то должно произойти."
main_210_020_070,"Эти показания свидетельствуют о значительной подземной
активности враждебных Дигимонов. Кажется, они двигаются, но
куда?"
main_210_020_080,"Показания Дигимонов приближаются к генератору электромагнитной
сети."
main_210_020_081,Все там в опасности! Ты должен поторопиться!
main_210_020_090,"Обнаружено огромное количество враждебных Дигимонов! Разберись с
угрозой, пока не стало слишком поздно."
main_210_020_100,"Генераторы электромагнитной сети замедлили движение показаний
врага."
main_210_020_101,"Генераторы, по-видимому, испускают электромагнитные волны,
которые мешают фазовым электронам... Мозг Др. Симмонс - это
нечто иное."
main_210_020_110,"Дигимоны распространяются в поверхностные районы, а люди
укрываются под землёй."
main_210_020_111,"Прямо противоположная ситуация, когда ты впервые пришёл сюда.
Какая ирония!"
main_210_020_120,Небо странного цвета...
main_210_020_121,"Может, это эффект от открытия врат? Или, возможно, из-за
массового притока Дигимонов?"
main_210_020_122,"Может, поэтому Юномон так не решалась открывать врата."
main_210_020_130,"Интересно, как люди восприняли вид падающих с неба Дигимонов..."
main_210_020_131,"Возможно, так рождались мифы и фольклор."
main_210_020_132,"Люди в прошлом, возможно, представляли божеств или существ из
фольклора, если бы стали свидетелями такой сцены."
main_210_020_140,"Я анализирую данные, которые ты присылаешь."
main_210_020_141,"Некоторые данные показывают аномальные значения... как будто
пространство-время нарушено."
main_210_020_142,В такие времена и происходят аномалии...
main_210_020_150,"Сокровище упало в сторону Токийского столичного правительства в
Ниси-Синдзюку."
main_210_020_151,Я обновил твою карту. Направляйся к зданию правительства.
main_210_030_010,"Переход к враждебности у этих Дигимонов... Я не думал, что такое
превращение возможно."
main_210_030_020,"Враждебная природа Дигимонов может исходить из интенсивного
защитного инстинкта."
main_210_030_030,"Возможно, это похоже на гиперактивную иммунную систему. Если
Дигимоны - это антитела, может ли оказаться, что мы..."
main_210_030_040,"...инородное вещество, сеющее хаос в мире...? Это может быть
ближе к истине, чем нам хотелось бы... Выйди на улицу и посмотри
вверх."
main_210_030_050,">Оператор Мы наблюдаем странное изменение неба. Может ли это
быть из-за эффекта путешествий туда и обратно через
пространство-время?"
main_230_010_010,"Та история ""Рип Ван Винкль"", упомянутая только что, возможно, на
самом деле произошла от аномалии."
main_230_010_011,"Когда ты вернулся в реальный мир после посещения Цифрового
Мира..."
main_230_010_012,"...прошёл большой промежуток времени, прямо как в той истории.
Это не может быть совпадением."
main_235_040_010,"Что касается Доктора Юки... Что ж, только сейчас мы можем
объяснить его исчезновение. Ведь теперь и мы пережили нарушение
пространства и времени."
main_235_040_011,"Все точки начинают соединяться, не отрицаю этого. Может, есть
даже способ найти доктора..."
main_235_040_012,"Ты бы хотел снова увидеть своего приёмного отца, не так ли? Я
надеялся помочь осуществить это, если бы мог..."
main_235_040_013,"...но боюсь, что мир на этой стороне исчерпывает время."
main_250_040_010,"Те, кто проиграет в конфликте, потеряют всё."
main_250_040_011,"Это придаёт ещё больше веса словам Меркуримона о том, что им не
остаётся ничего, кроме как сопротивляться."
main_250_040_012,"Это чувство... несомненно, сделает этот конфликт ещё более
интенсивным."
main_250_050_010,Ланамон... Умеренные Титаны...
main_250_050_011,Не все хотят сражаться. То же самое можно сказать о любой войне.
main_250_050_012,"Но тот факт, что войны всё равно происходят, означает, что
трагедия... скорее всего, повторится."
main_260_050_010,"Так что, полагаю, это похоже на возвращение из царства сна в
истории ""Рип Ван Винкль"". Ты мог бы даже написать продолжение
после всего, что пережил."
main_260_050_011,"Человеческий мир и Цифровой мир, кажется, оказывают взаимное
влияние друг на друга. Наша статистика показывает, что во
времена социальных беспорядков наблюдается рост аномалий."
main_260_050_012,"Но если аномалии на самом деле связаны с Дигимонами, ассоциация
начинает размываться. Если бы мы только могли понять принципы,
стоящие за всем этим, мы могли бы взорвать всё это дело."
main_260_050_013,"Возьмём, к примеру, то, как даже в мире после Ада борьба за
ресурсы всё ещё актуальна. Тем временем, в Цифровом Мире они
сражаются за Поток."
main_260_080_010,"Ты получил это сообщение нормально? На нашей стороне были
некоторые движения, так что я решил связаться."
main_260_080_011,"В рядах Меркуримона также есть определённое число ""поджигателей
войны"", и эти Дигимоны сейчас готовятся к битве."
main_260_080_012,"Большинство этих воинственных Дигимонов потеряли дорогих друзей
из-за Титанов. Так что... можно с уверенностью сказать, что этот
конфликт не основан на логике."
main_260_080_013,"Меркуримон пока сдерживает их... но я думаю, что вопрос времени,
когда этот котёл закипит."
main_280_005_010,"Что там случилось? Мы на время потеряли с тобой связь. Всё в
порядке?"
main_280_005_011,"Мы можем анализировать любые изменения в ситуации и на нашей
стороне. Но нам нужно, чтобы ты собрал как можно больше
актуальной информации."
main_280_010_010,"Судя по всему... Я бы сказал, что время было отмотано назад."
main_280_010_011,"Мне понадобятся дополнительные данные, чтобы быть уверенным."
main_285_070_010,"О, Инори... Где ты?"
main_285_070_011,"Напиши мне, если видишь это. Пожалуйста! Я больше не могу так
волноваться."
main_285_070_012,"Есть вещи, которые я тебе ещё не рассказал. Например... как сон,
который у меня был с детства, наконец сбылся."
main_285_070_013,"Я хочу, чтобы ты увидел это со мной."
main_290_020_010,"[Первая Поездка Бесплатно!]
Спасибо за ваше покровительство. :D"
main_290_020_011,"Безопасность и душевное спокойствие за 100 иен за поездку!
Спасибо, что пользуетесь компанией Палмон Райд XD"
main_290_020_020,"Безопасность и душевное спокойствие за 100 иен за поездку!
Спасибо, что пользуетесь компанией Палмон Райд XD"
main_290_030_010,"Что-то кажется неправильным. На основе предыдущих данных я решил
установить твоей целью деревню. Тебе следует отправиться туда."
main_290_040_010,"Боюсь, данные, которые нам присылают оттуда, тоже не выглядят
обнадёживающими... Можешь найти какой-нибудь способ
продвинуться?"
main_290_050_010,Просить денег в такое время. Называется - безжалостно.
main_290_060_010,"Согласно данным, которые я получаю, в деревне что-то не так.
Тебе следует действовать с осторожностью."
main_290_070_010,"Я получаю массивные показания в районе святилища. Возможно, это
Бахусмон. Пожалуйста, сходи и посмотри."
main_290_080_010,"На данный момент... ты представитель, работающий над остановкой
войны в другом мире. Агент в самом истинном смысле этого слова."
main_290_080_011,"Твои действия могут даже спасти мир. Прямо как герой Агент
Альфа!"
main_300_000_010,"[Первая Поездка Бесплатно!]
Спасибо за ваше покровительство. :D"
main_300_000_011,"Безопасность и душевное спокойствие за 100 иен за поездку!
Спасибо, что пользуетесь компанией Палмон Райд XD"
main_300_000_020,"Безопасность и душевное спокойствие за 100 иен за поездку!
Спасибо, что пользуетесь компанией Палмон Райд XD"
main_300_070_010,"Я думаю, тебе стоит иметь в виду ту ""обиду"", о которой говорил
Титан."
main_300_070_011,"У обеих сторон есть причины, по которым они не могут отступить,
и именно когда разные представления о справедливости
сталкиваются, конфликт может принять по-настоящему уродливый оборот."
main_300_070_012,"Будет слишком поздно, когда мы окажемся в самой гуще событий.
Тогда уже не будет способа остановить Ад Синдзюку."
main_310_010_010,"Меркуримон, кажется, перенапрягся. Бедняга слёг с тех пор, как ты
ушёл."
main_310_010_020,"Если Меркуримон умрёт... кто будет вести переговоры? Некому будет
сдерживать здесь поджигателей войны."
main_310_015_010,"Поджигатели войны среди Дигимонов... Звучит как нечто, что может
разжечь пламя конфликта."
main_310_015_020,"Похоже, Меркуримон, как лидер, был вынужден прокладывать трудный
курс."
main_310_018_010,"Я приношу печальные новости об отравлении Меркуримона... Без
лечения, боюсь, он недолго продержится в этом мире!"
main_310_018_020,"Нам всё равно понадобится плод Карпос Хюле... хотя я слышал, что
ранее тебе не удалось его получить..."
main_310_018_030,"Я пойду и поищу его сам. С состоянием Меркуримона дорога каждая
минута."
main_310_020_010,"Был такой аниме, которым я был одержим, когда был студентом, под
названием ""Агент Альфа""."
main_310_020_011,Он вдохновил меня на создание собственного аниме.
main_310_020_020,"Я накопил достаточно денег через видеостриминг... и осуществил
эту мечту."
main_310_020_021,"Но цель изменилась. Она заключалась в том, чтобы позвать тебя
после твоего исчезновения восемь лет назад."
main_320_010_010,"Путешествие во времени снова... и, кажется, это происходит
легче, чем раньше."
main_320_010_011,"Повторяй это достаточно часто, и пространство-время начнёт
искривляться—"
main_320_010_012,"Это может привести к серьёзному нарушению пространства-времени.
Мы должны принять решение, пока не стало слишком поздно..."
main_330_000_010,Моя первая работа...
main_330_000_011,"Я планировал её как дань уважения ""Агенту Альфе"" — внешне, во
всяком случае."
main_330_000_012,"Я использовал свои собственные деньги от стриминга и привлёк
некоторых спонсоров."
main_330_000_013,"Он выйдет в любой день, так что жди этого с нетерпением, хорошо,
Инори?"
main_330_010_010,"Я нашёл способ избавить Меркуримона от этого яда! Я приготовлю
ингредиенты и отправлюсь в Деревню Восстания."
main_330_010_020,Я нашёл плод Карпос Хюле. Я уже направляюсь туда.
main_340_000_010,"Как только все увидят, что я создал, они точно будут сидеть на
краешках своих мест."
main_340_000_011,"Я сделал главного героя похожим на тебя, {player}, чтобы
привлечь больше очевидцев."
main_340_000_012,"...Чтобы помочь найти вас всех, после того как вы исчезли."
main_340_000_013,"И это был бонус, что твой облик так близко напоминал одежду
Агента Альфы."
main_340_000_014,"Если пойдёшь в Хигаси-Синдзюку, просто посмотри вверх. Там
сейчас крутят промо-видео."
main_340_010_010,"Не годится. Ты окружён бесчисленными огромными показаниями.
Найди другой маршрут. Откуда вообще эти Дигимоны?"
main_340_010_011,"Мир, в который ты путешествовал во времени, определённо полон
более враждебных Дигимонов, чем мир, который я знаю."
main_340_010_012,"Путешествие во времени - это причина? Может, отклонение от
правил времени и пространства приводит к появлению новых
Дигимонов?"
main_340_010_013,"Если гипотеза исследовательской группы верна и их агрессия
подобна гиперактивной иммунной системе, это имело бы смысл, не
так ли?"
main_340_010_014,"Ведь существо, путешествовавшее во времени, - не более чем
инородное вещество для того мира...!"
main_340_020_010,"Когда враждебные Дигимоны собрались в подземке Синдзюку, я
думал, что это из-за яйца, которое оказалось там..."
main_340_020_011,"Но что, если Дигимоны появились там, чтобы избавиться от яйца...
...как антитела, устраняющие инородное вещество -
путешественника во времени?"
main_340_020_012,"У меня нет никаких доказательств, но если я прав, это имело бы
смысл, что враждебные Дигимоны увеличиваются с каждым
путешествием во времени."
main_340_020_013,"Тебе интересно, почему у меня такая дикая теория?"
main_340_020_014,"Потому что АДАМАС однажды пытался устранить Дигимонов со
способностями к путешествию во времени точно так же - как
инородное вещество."
main_340_020_015,"Впереди многочисленные показания враждебных Дигимонов. Найди
другой маршрут!"
main_350_010_020,"Мы прибыли, и всё готово. Мы ждём, когда ты присоединишься к
нам!"
main_390_010_010,"Похоже, они используют захваченных Дигимонов для своей системы
безопасности. Никакой красоты в этом... Никакой красоты..."
main_390_010_020,"Как им удалось захватить и контролировать всех этих Дигимонов?
Не то чтобы Дигимоны не могут дать отпор..."
main_390_010_030,"Какую уникальную способность получила общественная безопасность?
Кто-то предоставляет им какую-то особую технологию?"
main_390_130_010,"Мне есть что тебе сказать. Приходи повидаться со мной в Деревне
Восстания."
main_400_000_010,"Я услышал об оружии от Куги после того, как мы захватили его.
Похоже, они включили любые части, которые могли, от Дигимонов."
main_400_000_020,"Они утверждают, что оно предназначено для ""контроля"", но на
самом деле это просто машина для убийств. Отключи ограничитель,
и оно, по-видимому, уничтожит каждую биоподпись в окрестностях."
main_400_000_030,"Я знаю, что Куга раньше работал под моим началом, но он
действительно жалок. Его амбиции лишили его всего самоуважения
как учёного..."
main_440_070_010,"...По...жалуй...ста, отве...йте! Связь..."
main_440_070_015,"...Я повтор...ю... Пожа...йста, отве...ьте... Вы в...
нестабиль...ом простра...стве!"
main_440_070_020,"...Время...! Если бы вы могли... отве...ить сра...у, я был бы
приз...ателен..."
main_440_070_025,"Просто дай мне... координ...ты... Я разберусь... с осталь...ым!
...Чёрт возьми, это соедине...ие..."
main_440_070_030,"...надеюсь, эти слова достигнут тебя! Я буду верить, что ты
можешь это видеть."
main_440_070_035,"Ты находишься в крайне нестабильном пространстве. Если ты не
выберешься оттуда быстро, обратного пути не будет!"
main_440_070_040,"Однако я верю, что есть способ спасти тебя! Мне просто нужно
средство для определения твоего местоположения."
main_440_070_045,"Тот мир был насильственно соединён с нашим. Где-то должна быть
""точка искажения""."
main_440_070_050,"Если поблизости есть какой-то крупный источник энергии, я могу
использовать его в качестве ориентира для твоего
местоположения..."
main_440_070_055,"Изменилось ли что-нибудь в той местности, которую ты видел так
много раз раньше?"
main_440_070_060,Слушай! Ищи любые несоответствия!
main_440_070_065,"Места, которые изменились... времена, когда ты... был там...
Должен быть... крупный ...сточник энергии...!"
sub_010_001_1,"Футболки пропадают! Это аномальное явление? Приходи в офис папы
Инори, и я тебе всё расскажу!
Просмотреть детали миссии {decision}"
sub_010_002_1,"Я получил загадочное сообщение и пытаюсь в нём разобраться.
Приходи в офис папы Инори, чтобы помочь мне!
Просмотреть детали миссии {decision}"
sub_010_002_2,"Я слышал, что монстр вернулся к тому ребёнку-клиенту и завёл
настоящего друга!"
sub_010_003_1,"Есть информация о загадочном явлении в Парке Синдзюку! Давай
встретимся на Водной Площади в парке!
Просмотреть детали миссии {decision}"
sub_010_003_2,"Не все кадры, которые я снял в Парке Синдзюку, получились
отлично, но я доволен результатами. Чувствую, что монетизация
уже близко!"
sub_020_011_1,
sub_020_012_1,Неиспользованный
sub_020_013_1,"У меня осталось немного синего хромдигизоидного металла,
и я хочу сделать из него кое-что клевое! Но мне нужно еще
несколько материалов...
Посмотреть детали задания {decision}"
sub_020_014_1,
sub_020_015_1,
sub_020_016_1,
sub_020_018_1,"Теперь я здесь совсем один, и у меня возникли трудности с
кое-чем. Можешь прийти на Пляж Бездны, чтобы помочь?
Просмотреть детали миссии {decision}"
sub_020_019_1,"Помогите! Я в тюрьме Святилища Бездны! Надеюсь, кто-нибудь
получит это!
Просмотреть детали миссии {decision}"
sub_030_024_1,"Ай... Меня атаковали пчёлы... Вот день! Я буду ждать тебя у
Причала Тенистого Дерева. Можешь прийти поговорить?
Просмотреть детали миссии {decision}"
sub_030_026_1,
sub_030_027_1,
sub_030_028_1,
sub_030_029_1,"Наличие группы сделало бы вечеринку более оживлённой. Мне нужна
твоя помощь. Я буду ждать тебя в Деревне Зубчатого Леса.
Просмотреть детали миссии {decision}"
sub_030_030_1,"О, нет! Помнишь ту секретную базу, о которой я тебе рассказывал?
Пожалуйста, просто приди в деревню!
Просмотреть детали миссии {decision}"
sub_030_031_1,"В Деревне Зубчатого Леса в последнее время, кажется, царит много
веселой суеты, но я не могу покинуть святилище... так что я всё
пропускаю... Просмотреть детали миссии {decision}"
sub_040_032_1,"Мы защищаем покой леса! Мы начнём наш патруль с Равнины Парящего
Острова!
Просмотреть детали миссии {decision}"
sub_040_033_1,"Мы, братья, сделаем лес снова мирным! С Парящих Скалистых
Островов от этих оставшихся Титанов не останется и следа!
Просмотреть детали миссии {decision}"
sub_050_038_1,"У меня к тебе большая просьба. Не мог бы ты зайти в магазин,
когда будешь в Центральном городе?
Просмотреть детали миссии {decision}"
sub_050_039_1,"Мой драгоценный молот в беде... Мой молот — это моя жизнь!
Приходи в магазин в Центральном городе. Я умоляю тебя!
Просмотреть детали миссии {decision}"
sub_050_040_1,Неиспользованный
sub_050_041_1,"Мой напарник по безопасности из Центральной Башни ещё не
вернулся с работы. Мы должны были встретиться в центре города.
Он что, бездельничает? Просмотреть детали миссии {decision}"
sub_050_042_1,"Я не могу достать перо Пэрротмона, потому что Титаны мешают!
Может, мне стоит сходить в центр города и переосмыслить план.
Просмотреть детали миссии {decision}"
sub_050_043_1,"В этот раз мы точно добудем драгоценность ПлатинумНумемона!
Кто хочет с нами, встречаемся в центре Центрального города!
Посмотреть детали задания {decision}"
sub_050_044_1,Неиспользованный
sub_050_045_1,
sub_050_046_1,
sub_050_047_1,
sub_050_048_1,
sub_050_049_1,
sub_050_050_1,
sub_060_052_1,
sub_060_053_1,
sub_070_055_1,"Хм... Неужели любовь действительно может изменить человека, интересно...?
Эй, не мог бы ты прийти и немного поговорить? Я буду у себя дома в
центре Центрального города. Просмотреть детали миссии {decision}"
sub_070_056_1,"Хм... Я всё ещё не понимаю... Я хочу поговорить об этом ещё, так
что приходи в Деревню Восстания.
Просмотреть детали миссии {decision}"
sub_070_056_2,"Я... думаю, я, возможно, схожу с ума. Я как-то странно себя
чувствую. Пожалуй, я пойду попробую прочистить голову."
sub_070_057_1,"Это чувство... Я должен что-то с этим сделать. Приходи
встретиться со мной в Деревне Восстания.
Просмотреть детали миссии {decision}"
sub_080_059_1,"Я хочу отправиться в путешествие с Блимпмоном. Я не могу вечно
оставаться в Центральном городе!
Просмотреть детали миссии {decision}"
sub_080_060_1,"Я не могу так продолжать...! Думаю, мне нужен твой совет. Я буду
ждать в Центральном городе.
Просмотреть детали миссии {decision}"
sub_080_061_1,
sub_080_062_1,
sub_080_063_1,
sub_080_063_2,
sub_090_070_1,Неиспользованный
sub_090_071_1,Неиспользованный
sub_090_071_2,"Эй! Ты сейчас свободен? Есть место, которое я хочу проверить, и
мне нужен сопровождающий. Я забронировал время у той гадалки, о
которой все говорят! Встретимся там!"
sub_090_072_1,"Мне удалось записаться к той знаменитой гадалке. Пойдём вместе!
Поспеши в кофейню на Перекрёстке Косю-Кайдо!
Просмотреть детали миссии {decision}"
sub_090_073_1,Неиспользованный
sub_090_074_1,Неиспользованный
sub_095_077_1,"Производственная линия Факториального города не работает...
Нам не хватает материалов и хромдигизоида...
Посмотреть детали задания {decision}"
sub_095_078_1,"БЛИМПМОН РАЗБИЛСЯ В ФАКТОРИАЛЬНОМ ГОРОДЕ И
НУЖДАЕТСЯ В РЕМОНТЕ.
Просмотреть детали миссии {decision}"
sub_095_082_1,"Я получил деталь от отличной фигурки, и у меня есть несколько
вопросов о ней. Приходи повидаться со мной в Ядре Факториала.
Просмотреть детали миссии {decision}"
sub_095_083_1,
sub_095_084_1,
sub_095_084_2,
sub_095_084_3,
sub_095_168_1,Неиспользованный
sub_100_087_1,"Я знаю, что они не привыкли к этому миру, но чтобы нам
понадобилась помощь людей... Ах, ну. Пожалуйста, приходи в
VIP-комнату театра. Просмотреть детали миссии {decision}"
sub_100_087_2,"Я могу подтвердить, что все Королевские Рыцари вернулись. Я
хочу, чтобы вы пришли и забрали свою награду."
sub_100_088_1,"Не мог бы ты зайти в VIP-комнату? Мне нужно попросить тебя об
одолжении. Это должно быть неплохой сделкой и для тебя.
Просмотреть детали миссии {decision}"
sub_100_089_1,"Помощники, которых я привёл, находятся на Арене Рая. Тебе стоит
сходить к ним и напомнить им об их роли.
Просмотреть детали миссии {decision}"
sub_110_090_1,"Я подтвердил аномальное явление! Но у меня есть ощущение, что
это немного сложно. Я в задних переулках Акихабары. Найди меня!
Просмотреть детали миссии {decision}"
sub_110_091_1,"Мы убегали от чего-то страшного, но мой друг не успел! Я в
Центральном городе. Пожалуйста, помоги!
Просмотреть детали миссии {decision}"
sub_110_092_1,"Мне удалось вовремя добраться до Центральной Башни... но все в
этом мире такие сильные, что я начинаю сомневаться в себе.
Просмотреть детали миссии {decision}"
sub_110_093_1,"Я одолею бессмертного коня Тёмного Сада и тем самым верну себе
уверенность как рыцарь!
Просмотреть детали миссии {decision}"
sub_110_094_1,"В замке Лорда Плутомона творится что-то странное, но я слишком
напуган, чтобы расследовать... Кто-нибудь, пожалуйста, помогите!
Просмотреть детали миссии {decision}"
sub_110_095_1,Неиспользованный
sub_110_098_1,"Эй, приходи в Центральную Башню! Я хочу показать тебе всех
собравшихся здесь Королевских Рыцарей.
Просмотреть детали миссии {decision}"
sub_110_099_1,"Я, Галлантмон, пришёл в Факториальный Город, чтобы починить своё
снаряжение, но не ожидал, что меня здесь задержат... Хм.
Просмотреть детали миссии {decision}"
sub_110_100_1,"Я с ВэрГарурумоном в святилище Зубчатого Леса. Интересно, почему
он так ненавидит людей...
Просмотреть детали миссии {decision}"
sub_110_101_1,"Я проделал весь этот путь в Факториальный Город, но не могу
починить свою броню. Мне нужна твоя помощь!
Просмотреть детали миссии {decision}"
sub_110_102_1,"Я пришёл в Святилище Бездны, чтобы починить свою броню, но как
мне устроить встречу с Нептунемоном?
Просмотреть детали миссии {decision}"
sub_110_103_1,"Я получил наводку о чём-то подозрительном! Что-то насчёт наблюдений
фазово-электронных форм жизни... Сама наводка тоже звучит подозрительно.
Я дам тебе детали в офисе! Просмотреть детали миссии {decision}"
sub_110_104_1,"Мы столкнулись с неопознанным летающим объектом в Акихабаре.
Можешь ли ты помочь мне? Я буду ждать у Южного Выхода
Электрического Города. Просмотреть детали миссии {decision}"
sub_110_104_2,"Как сказал доктор Симмонс, это довольно интересно."
sub_110_105_1,"Вот я и в Центральной Башне, но ЛордНайтмона нигде не видно.
Весьма тревожно...
Просмотреть детали миссии {decision}"
sub_110_106_1,"Динасмон и ЛордНайтмон спорят в Центральной Башне, и шум сводит
меня с ума. Не мог бы ты поговорить с ними?
Просмотреть детали миссии {decision}"
sub_110_108_1,"Подумать только, что никто из них не смог заметить меня... Это
впервые. А я ведь проделал весь этот путь до Центральной Башни!
Просмотреть детали миссии {decision}"
sub_110_109_1,"Я просто отдыхал в Тенистом Лесу, и тут появился этот
действительно сильный парень!
Просмотреть детали миссии {decision}"
sub_110_111_1,"Угх, как скучно. Куда, чёрт возьми, запропастился Джесмон? Разве
я не сказал встретиться на Арене Рая?
Просмотреть детали миссии {decision}"
sub_110_112_1,"Я стою в очереди в 'Яро-кэй Рамен' в Акихабаре, но что бы я ни
говорил, я всегда получаю не тот заказ....
Просмотреть детали миссии {decision}"
sub_110_113_1,"Мой друг, кажется, замешан в какую-то неприятность. Нужно заглянуть
в задние переулки Акихабары.
Просмотреть детали миссии {decision}"
sub_110_208_1,"Даже Сузаномон увлёкся этим миром. Пожалуйста, победи его на
Арене Рая и напомни ему о его истинной задаче.
Просмотреть детали миссии {decision}"
sub_110_211_1,"Мы восстановили большую часть своих сил. Приходи в Центральную
Башню как можно скорее. Мы будем ждать тебя!
Просмотреть детали миссии {decision}"
sub_900_114_1,Неиспользованный
sub_900_116_1,Неиспользованный
sub_900_117_1,Неиспользованный
sub_200_146_1,"Ещё один человек ушёл. Нам сильно не хватает рабочей силы. Следующее
место — Южный Выход Электрического Города... Может, кто-нибудь даст
мне энергетический напиток? Просмотреть детали миссии {decision}"
sub_200_147_1,"Я слышал, косплеер пропал в Парке Синдзюку. Я хочу расследовать,
так что давай встретимся на Водной Площади.
Просмотреть детали миссии {decision}"
sub_200_148_1,"Есть несколько Дигимонов, которые очень боятся людей. Я приду к
тебе домой в Центральный город, чтобы рассказать тебе всё об
этом. Просмотреть детали миссии {decision}"
sub_200_149_1,"Можешь прийти сюда быстрее? Я получил супер-жуткий Дигилайн.
Давай встретимся на Площади Видений в Хигаси-Синдзюку!
Просмотреть детали миссии {decision}"
sub_200_150_1,"Я проделал весь этот путь до Пляжа Бездны, а здесь никого нет...
Я хочу повеселиться со всеми в океане.
Просмотреть детали миссии {decision}"
sub_050_151_1,Неиспользованный
sub_050_152_1,"Есть кое-что, что я хочу сделать, и мне нужна твоя помощь. Я
буду ждать тебя в центре Центрального города.
Просмотреть детали миссии {decision}"
sub_090_153_1,
sub_900_154_1,
sub_900_154_2,
sub_080_155_1,
sub_010_156_1,"В офис папы Инори пришло странное письмо, и я не знаю, что
делать. У кого-нибудь есть совет?
Просмотреть детали миссии {decision}"
sub_010_157_1,
sub_010_158_1,(TBD) sub_010_158_1 Стартовый Дигиттер
sub_010_158_2,
sub_010_158_3,
sub_010_158_4,
sub_010_159_1,"Что вообще означает 'двадцатейший'...? Я сейчас совсем потерян,
поэтому просто стою в заднем переулке в Синдзюку...
Просмотреть детали миссии {decision}"
sub_040_160_1,"Конечно, я стал сильнее. Но теперь, когда Старшего Брата... Что
нам делать с Ареной Рая?
Просмотреть детали миссии {decision}"
sub_090_161_1,
sub_900_162_1,"Пришло время увидеть, кто истинный Король Карт. Я жду тебя у
Южного Выхода Электрического Города станции Акихабара.
Просмотреть детали миссии {decision}"
sub_900_162_2,"Похоже, ты побил Карточного короля. Ты заслужил право увидеть
меня. Я буду ждать тебя в Синдзюку."
sub_900_163_1,
sub_900_163_2,
sub_900_164_1,
sub_900_164_2,
sub_900_165_1,
sub_900_165_2,
sub_900_166_1,
sub_900_166_2,
sub_900_217_1,"Мне нужно поговорить с тобой. Я буду ждать тебя в заднем
переулке Акихабары.
Просмотреть детали миссии {decision}"
sub_070_167_1,"Мне нужно рассказать тебе о том, что меня беспокоит... Я могу
поделиться этим только с тобой. Я буду ждать в моём доме в
центре города! Просмотреть детали миссии {decision}"
sub_910_169_1,"Я получил наводку о деле о пропавшем человеке. Не мог бы ты
зайти в офис и помочь мне?
Просмотреть детали миссии {decision}"
sub_910_170_1,"Есть кое-кто, с кем я хочу тебя познакомить. Мы встречаемся в
офисе, так что я хочу, чтобы ты тоже пришёл.
Просмотреть детали миссии {decision}"
sub_910_171_1,"Я нашёл своё школьное фото. Присоединяйся ко мне, чтобы
поностальгировать! Я буду ждать тебя в офисе.
Просмотреть детали миссии {decision}"
sub_020_172_1,"Странно, что Шаркмон так легко отступил. Почему бы нам не
исследовать дно океана? Я буду ждать тебя в Глубинах Бездны.
Просмотреть детали миссии {decision}"
sub_020_173_1,"Ни один посетитель здесь не может оценить мою милоту.
Кто-нибудь, придите и исцелите мой усталый дух в 'Водопое
Воителя'! Просмотреть детали миссии {decision}"
sub_050_176_1,"У меня есть одно хлопотное дело. Загляни в таверну,
когда будешь в Центральном городе.
Просмотреть детали миссии {decision}"
sub_080_177_1,
sub_100_178_1,"Трое ведущих хотят передать тебе кое-что. Пожалуйста, приходи в
VIP-комнату Промежуточного Театра.
Просмотреть детали миссии {decision}"
sub_010_179_1,"Чёрт, какая западня. Кто-то заперся в туалете и не выходит. Они
всё бормочут о каком-то капитане и каком-то оружии...
Просмотреть детали миссии {decision}"
sub_010_180_1,"Разносите новость! Есть не один, а ДВА невероятно качественных
косплеера! Приходите посмотреть на них у Южного Выхода
Электрического Города! Просмотреть детали миссии {decision}"
sub_900_181_1,
sub_900_182_1,
sub_030_183_1,"Туман такой сильный, что я не могу пройти глубже в лес. Мне
стало страшно, и я вернулся в деревню...
Просмотреть детали миссии {decision}"
sub_030_184_1,
sub_900_215_1,"Я обнаружил ещё одно проявление аномального пространства. Я бы
хотел, чтобы ты его исследовал. Я буду ждать в Промежуточном
Театре. Просмотреть детали миссии {decision}"
sub_900_216_1,"Я зафиксировал сигнал, не похожий ни на что, что я видел раньше.
Приходи в Промежуточный Театр.
Просмотреть детали миссии {decision}"
sub_seekhiroko_010_010,"В последнее время мне снятся такие странные сны... Но они 
суперреалистичные, как будто я на самом деле там. Это может быть
моей следующей большой сенсацией! Просмотреть детали миссии {decision}"
sub_seekhiroko_010_011,Я чувствую запах истории для моего следующего видео!
sub_seekhiroko_020_010,"Что даёт? Мне больше не снятся странные сны! И вот я был ТААААК
близок к убийственной истории! Ну что ж. Думаю, мне просто нужно
продолжать охоту!"
sub_seekhiroko_020_011,"Ну что ж. Думаю, мне просто нужно продолжать охоту!"
sub_seekhiroko_030_010,"Мне снилось, что я нахожусь в месте с САМЫМИ УДИВИТЕЛЬНЫМИ
пейзажами! Это было так странно, как будто это был какой-то
далёкий мир! Жаль, что я не мог взять туда Инори!"
sub_seekhiroko_030_011,"Жаль, что я не мог взять туда Инори!"
sub_seekhiroko_040_010,"Мне приснился сон, что я плаваю и плаваю в этом великолепном
океане! И у меня никогда не заканчивался воздух, независимо от
того, сколько времени я оставался под водой! Это было ТААААК весело!"
sub_seekhiroko_040_011,Это было ТААААК весело!
sub_seekhiroko_050_010,"Мне приснился сон о великолепной вечеринке под огромной ёлкой!
Казалось, что всем было очень весело! Интересно, бывают ли
повторы во снах..."
sub_seekhiroko_050_011,"Интересно, бывают ли повторы снов..."
sub_seekhiroko_060_010,"Мне снился потрясающий город, полный пыхтящих машин! Жаль, что
Инори тоже не видела этого! Пейзаж был таким же классным!"
sub_seekhiroko_060_011,Пейзаж был просто потрясающим!
sub_seekhiroko_070_010,"Мне снилось место с кучей ангельских людей. И там был коридор,
где пол двигался вместе с тобой, когда ты шёл. Невозможно было
понять смысл во всём этом!"
sub_seekhiroko_070_011,Никак не мог понять смысл во всём этом!
sub_seekhiroko_080_010,"В моём сне я побывал в этом мире, где было МОРОЗНО! Ничего,
кроме льда и снега, насколько хватало глаз. О, но я
действительно играл с пингвинами и снеговиками!"
sub_seekhiroko_080_011,
sub_seekhiroko_090_010,"Мне приснился сон о том, как я спускаюсь под оживленный город. Я
продолжал спускаться всё ниже и ниже через все эти повороты и
изгибы... Типа, обойдусь без этой влажности, хотя! Фух!"
sub_seekhiroko_090_011,
sub_seekhiroko_100_010,"Итак, вникни в это! В моём сне я исследовал морские глубины!
Типа, я говорю о самом дне, возле этих огромных костей. И, лучше
всего, там были говорящие рыбы!"
sub_seekhiroko_100_011,
sub_seekhiroko_110_010,"Итак, посреди леса была железнодорожная станция, и там были эти
говорящие цветы и растения, которые говорили, что они охраняют
лес. Это то, что было в моём сне."
sub_seekhiroko_110_011,"Это то, что было в моём сне."
sub_seekhiroko_120_010,"Я был в музее, где был огромный робот! Почти уверен, что его
создал какой-нибудь гениальный изобретатель... О, кстати, это
был сон."
sub_seekhiroko_120_011,"О, кстати, это был сон."
sub_seekhiroko_130_010,"Я побывал в этой сверкающей комнате во сне. Там было то, что,
как мне кажется, было стулом, очень высоким, с действительно
большим лицом на нём. Извини. Я знаю, это трудно представить!"
sub_seekhiroko_130_011,"Извини. Я знаю, это трудно представить!"
sub_seekhiroko_140_010,"Мне приснился сон, что я заблудился в полуразрушенном замке.
Казалось, я не мог попасть туда, куда хотел... Но когда я,
наконец, прибыл... это оказалась тёмная, мрачная крепость."
sub_seekhiroko_140_011,
sub_seekhiroko_150_010,"Мне снилась скрытая деревня. Она казалась заброшенной, за исключением
того, что там был человек в белом халате, который продолжал улыбаться
и говорить: 'Теперь давай попробуем это...' с упрямой решимостью."
sub_seekhiroko_150_011,
sub_seekhiroko_160_010,"Чувствую, что у меня было так много странных снов! О самых
разных вещах, таких как красивые пейзажи и дно океана! Из них
должны получиться отличные темы для видео! Я должен собрать их все!"
sub_seekhiroko_160_011,
sub_seeketemon_010_010,"Мои души пропали, йо! Так боюсь, что они замёрзнут... Братан!
Помоги Дигимону! Найди все мои души для меня, а?!
Просмотреть детали миссии {decision}"
sub_seeketemon_010_011,
sub_seeketemon_020_010,"Чувак! Эти души безупречны! И теперь король Дигимона может
продолжать сиять! Спасибо, семья! Я отправил тебе кое-что за
твои хлопоты!"
sub_seeketemon_020_011,
sub_seeketemon_030_010,"Это моя душа, без сомнения! Ты всегда помнишь свой Номер 1!"
sub_seeketemon_040_010,"Сияет ли моя душа? Номер 2, благодаря тебе!"
sub_seeketemon_050_010,"Зажглась ли моя душа? Номер 3, в том месте, где нужно быть!"
sub_seeketemon_060_010,"Мою душу заклинило? Номер 4, на полу!"
sub_seeketemon_070_010,"Нашла ли моя душа ответ? Номер 5, выглядит живой!"
sub_seeketemon_080_010,Моя душа хотела команду! Номер 6 в миксе!
sub_seeketemon_090_010,Моя душа хочет зашифровать! Счастливое число 7!
sub_seeketemon_100_010,"Чокнутые болваны заставляют мою душу бурлить! Число 8 и жизнь
прекрасны!"
sub_seeketemon_110_010,"Моя душа прокладывает узкие канавки! Номер 9 и чувствую себя
прекрасно!"
sub_seeketemon_120_010,"Моя душа - молодой стрелок! Номер 10, снова вернулся!"
sub_seeketemon_130_010,"Моя душа поддерживает хорошие флюиды! Номер 11, прямо с небес!"
sub_seeketemon_140_010,"Это моя душа, детка! Понимаешь, о чём я? Дай мне дюжину таких,
как номер 12!"
sub_seeketemon_150_010,"Моя душа супер-царственна! В этом числе 13 нет ничего
несчастливого!"
sub_seeketemon_160_010,"В моей душе было то, что тебе нужно? Номер 14, выглядящий чистым
и стройным!"
sub_seeketemon_170_010,Моя душа - братан на всю жизнь! Номер 15 - настоящая машина!
sub_seeketemon_180_010,Моя душа потрясающая! Число 16 ещё никогда не было таким милым!
sub_seeketemon_190_010,"На душе у меня неспокойно, поверьте! Номер 17 был последним,
кого мы видели!"
sub_seeketemon_200_010,"Братан! Ты нашёл все мои души! Сиди смирно, пока я проверю, всё
ли в порядке! Я свяжусь с тобой позже!"
sub_seeketemon_200_011,Я свяжусь с тобой позже!
sub_seekkuga_010_010,"Зачистка Курамона в твоих способных руках. Они могут прятаться
где угодно в городе. Но твоих навыков более чем достаточно для
этой задачи, не так ли? Хи-хи. Просмотреть детали миссии {decision}"
sub_seekkuga_010_011,
sub_seekkuga_020_010,"Ты истребил всех Курамонов! Должен сказать, я понятия не имел,
что Куга такой завистливый парень. Это послужит отличным
материалом для исследования. Спасибо!"
sub_seekkuga_020_011,
sub_seekkuga_030_010,"[Свалка доктора Куги]
С дороги! Не приставай ко мне! Просто оставь меня в покое!"
sub_seekkuga_040_010,"[Свалка доктора Куги]
Снова?! Она снова вернулась?! Почему?!"
sub_seekkuga_050_010,"[Свалка доктора Куги]
Не оставляй меня! Не оставляй меня здесь совсем одну!"
sub_seekkuga_060_010,"[Свалка доктора Куги]
Чёрт возьми! Все продолжают стоять у меня на пути!"
sub_seekkuga_070_010,"[Свалка доктора Куги]
Где она?! Где Симмонс?!"
sub_seekkuga_080_010,"[Свалка доктора Куги]
Хехехе... Это будет конец Симмонса..."
sub_seekkuga_090_010,"[Свалка доктора Куги]
Это должен быть я...! Я! Никто другой!"
sub_seekkuga_100_010,"[Свалка доктора Куги]
Почему это не РАБОТАЕТ?! Как Симмонс это делает?!"
sub_seekkuga_110_010,"[Свалка доктора Куги]
Теперь я это вижу... Чего мне не хватает, так это голода!"
sub_seekkuga_120_010,"[Свалка доктора Куги]
Я единственный, кто может использовать Дигимон!"
sub_seekkuga_130_010,"[Свалка доктора Куги]
Симмонс! Симмонс! Симмонс!
Это всегда Симмонс... Просто заткнись уже!"
sub_seekkuga_140_010,"[Свалка доктора Куги]
Я буду тем, кто спасет мир! Не она!"
sub_seekkuga_150_010,"[Свалка доктора Куги]
Нет, нет, этого не может быть! Это должен быть сон!"
sub_seekkuga_160_010,"Это должен быть последний Курамон. Сиди смирно. Мне нужно
немного времени, чтобы подтвердить."
sub_clear_010_010,"На данный момент все побочные миссии выполнены. Ваш вклад будет
использован для анализа данных АДАМАСА."
sub_clear_010_020,"Как и ожидалось от человека твоего уровня. Приступайте к своей
основной миссии."
sub_clear_010_030,"На данный момент все побочные миссии завершены. База данных
ADAMAS будет постоянно обновляться."
sub_clear_010_040,"Ваш неоценимый вклад был отмечен. Приступайте к своей основной
миссии."
sub_clear_010_050,"Документ: ""Побочные Миссии""

Просмотреть {decision}"
dlc_000_010_1,"Техническое обслуживание лифта в задней части Промежуточного
Театра теперь завершено. Не мог бы ты зайти взглянуть? Я бы
хотел провести для тебя экскурсию. Просмотреть детали миссии {decision}"
dlc_000_020_1,За каждой дверью ждёт новая история об истине мира...
dlc_010_010_1,"Возникла проблема, касающаяся естественных законов мира. Я бы
хотел, чтобы ты её исследовал.
Просмотреть детали миссии {decision}"
dlc_020_010_1,"Есть кое-что, что я бы хотел, чтобы ты исследовал. Кто-то
искажает сами основы нашего мира.
Просмотреть детали миссии {decision}"
dlc_030_010_1,"Есть кое-что, что я бы хотел, чтобы ты исследовал. Кто-то
изменяет само течение времени.
Просмотреть детали миссии {decision}"
field_14_020_1,"Обнаружена неизвестная фазово-электронная форма жизни. Возможно,
она что-то знает. Попробуйте установить контакт."
field_14_040_0,"Пути назад уже нет. Тебе просто нужно найти лифт и двигаться
дальше."
field_14_040_1,"Анализ {l2} должен помочь вам найти любые слабые места в стене.
Просмотрите документ, если хотите узнать, как его использовать."
field_14_040_2,"Документ: ""Режим Анализа""

Просмотреть {decision}"
field_02_140_0,"Молния, похоже, притягивается к Дигимону с механическими телами.
Возможно, вы сможете использовать это в своих интересах во время
битвы."
field_03_160_0,"Не забывай, что Дивермон - Титан... Я не уверен, насколько мы
можем ему доверять."
field_03_160_1,"Возможно, он даже не вернется, как обещал. И вот мы здесь, на
дне океана..."
field_03_160_2,"Другими словами, это может быть ловушка. Будьте начеку."
field_06_190_10,Иди в переднюю часть вагона! Спаси Локомона!
field_06_190_20,"Обнаружены многочисленные сигналы Титанов. Вступай с ними
в бой, чтобы сбросить их с Локомона!"
field_06_190_21,"Используй Дигиатаки, чтобы быстро побеждать врагов
и двигаться дальше!"
field_06_190_30,Впереди обнаружено множество дигимонов! Действуй осторожно!
field_06_190_40,"Прямо впереди обнаружен огромный Дигимон! Он, должно быть,
довольно сильный. Держись!"
field_06_190_50,"Используй Дигиатаки, чтобы победить врага! Спаси Локомона!"
timejump_010_010,Возврат к Абсолютной временной шкале: Реальный мир.
timejump_020_010,"Возврат к Абсолютной временной шкале: Синдзюку
(8 лет назад)."
timejump_030_010,"Возврат к Абсолютной временной шкале: Цифровой мир
(8 лет назад)."
timejump_040_010,"Возврат к Абсолютной временной шкале: Синдзюку
(настоящее время)."
timejump_050_010,"Возврат к Абсолютной временной шкале: Цифровой мир
(настоящее время)."
timejump_060_010,"Возврат к Абсолютной временной шкале: Деревня Восстания
(настоящее время)."
arena_010_050,"Следующий бой завершён! Очевидно, никто в этой команде не
лжёт. Поговорим о странном..."
arena_010_060,"Следующий бой завершён! Эта команда - цирковая труппа,
настолько известная, что даже привлекла внимание чемпиона!"
arena_010_070,"Следующий бой завершён! Команда соперника на этот раз
окутана тайной, выиграв все свои предыдущие матчи по умолчанию!"
arena_010_080,"Следующий бой завершён! Я слышал, на этот раз ты столкнёшься
с каким-то тайным подразделением спецназа!"
arena_010_090,"Следующий бой завершён! Очевидно, тебе противостоит безумно
сильный, молчаливый тип..."
arena_010_100,"Следующий бой завершён! Тебе противостоит пара привратников
из миров огня и льда."
arena_010_110,"Следующий бой завершён! Но... этот следующий боец просто
невероятен!"
arena_010_120,"Следующий бой завершён! Твои оппоненты говорили что-то о
том, что наконец-то родился настоящий король!"
arena_010_130,"Следующий бой завершён, но... похоже, что команда соперника
заботится только о Люсемоне."
arena_010_140,"Следующий бой завершён! Кажется, что другая команда
постоянно о чём-то спорит..."
arena_010_150,"Следующий бой завершён. Очевидно, это коллеги, которым нужно
свести с тобой счёты, и они кажутся довольно раздражёнными."
arena_010_160,"Следующий бой завершён! Это сами близнецы Терьер, и они
сильнее, чем когда-либо!"
arena_010_170,"Эй! Ты не можешь принести стол на арену только для того, чтобы
перевернуть его! Слушай. Позволь мне позаботиться об этой штуке.
Ты иди и заткни парня!"
arena_010_180,"Наконец-то ты встретишься лицом к лицу с Марсмоном! Это
долгожданный финальный бой! Я буду нервничать в этот раз!"
arena_010_190,"Трио, которое в последнее время сделало себе имя на арене,
бросило вам вызов. Я ожидаю хорошего матча!"
arena_010_200,"Ого! Это серьёзный бой! Герой Шамбалы согласился сразиться с
тобой!"
arena_010_210,"ЛордНайтмон бросил вам вызов встретиться с его Легионом Красоты.
Хотя, по-видимому, ЛордНайтмон - единственный участник..."
arena_010_220,"Величайший Двадцатилетний согласился сразиться с тобой! У меня
только один вопрос... Кто или что такое 'Двадцатилетний'?"
arena_010_230,"Какой-то яркий дуэт пробился к нам и убедил меня подписать с
ними контракт. Что это было?"
hazama_00_000_0,"{fc2Обнаружен несанкционированный доступ.
Команда: Воспроизвести Сообщение}"
hazama_00_000_1,"{fc2Обнаружен несанкционированный доступ.
Команда: Воспроизвести Дигилайн}"
hazama_00_010_1,"Документ: ""Внешние подземелья""

Просмотреть {decision}"
hazama_00_020_1,"Внешние подземелья прошлых веков... Ходят слухи, что внутри
вас ждут мучительные испытания."
hazama_00_020_2,"Я зарегистрировал это Внешнее подземелье. Поговори со мной,
когда захочешь пройти испытание."
hazama_00_020_3,"Документ: ""Внешние подземелья""

Просмотреть {decision}"
hazama_00_020_4,"Я зарегистрировал это новое Внешнее подземелье. Приходи в
Промежуточный театр, если захочешь пройти его позже."
hazama_00_030_1,"Тот факт, что вы получили это сообщение, означает, что здесь
побывал ещё один человек, кроме меня."
hazama_00_030_2,"Дигимоны называют это место ""Внешними Подземельями""."
hazama_00_030_3,"Я тоже случайно попал в этот мир, но теперь я не могу уйти."
hazama_00_030_4,"У меня не было ничего, кроме свободного времени, поэтому я
создал несколько игр. Довольно впечатляюще, если я сам так
скажу."
hazama_00_030_5,"Я пытался уговорить нескольких своих друзей-дигимонов покрутить
их... но даже тот старый чудак Барбамон не может победить их."
hazama_00_030_6,"Для существ с искусственным интеллектом они абсолютно не умеют
играть в игры. Я был бы рад, если бы вы или кто-нибудь другой
попробовал мои."
hazama_00_030_7,"Выиграйте игру, и я подарю вам кое-что особенное, что я припас
для тебя."
hazama_00_040_1,"Поздравляю с победой в одной из игр! Жаль, что я не мог увидеть,
как ты это делаешь лично."
hazama_00_040_2,"Но у меня все ещё есть много шедевров, которые ждут вас. Смело
беритесь и за них!"
hazama_00_050_1,"{fc2Обнаружен несанкционированный доступ.
Определённые функции Дигивайса отключены.}"
hazama_00_050_2,Функциональность Дигивайса была полностью восстановлена.
hazama_00_050_3,"Документ: ""Ограничения на использование Дигивайса""

Просмотреть {decision}"
hazama_00_060_1,"Документ: ""Правила гонки Пекмоновов""

Просмотреть {decision}"
hazama_00_100_1,"Я не могу в это поверить! Ты действительно выложился по полной и
завершил свою первую серию. Поздравляю!"
hazama_00_100_2,"Пожалуйста, примите эту награду как мой способ выразить
благодарность. Надеюсь, она вам понравится!"
hazama_00_100_3,"Всего я создал пять типов игр. Я рекомендую вам попробовать и
остальные четыре разновидности!"
hazama_00_110_1,"Ого... Ты действительно только что закончил вторую серию? Ты
нечто особенное! Я приветствую тебя."
hazama_00_110_2,"Всего я создал пять типов игр! Это означает, что у тебя есть ещё
три варианта, которые можно попробовать."
hazama_00_120_1,"Закончены три серии? Я бы сказал, что у тебя есть всё, что
нужно, чтобы стать Укротителем Дигимонов."
hazama_00_120_2,"Всего я создал пять типов игр! Это означает, что у тебя есть ещё
две разновидности, которые можно попробовать."
hazama_00_130_1,"Посмотри-ка, тебе удалось победить четверых из моей серии! У тебя с
твоим Дигимоном, должно быть, действительно тесная связь."
hazama_00_130_2,"Это последняя серия! Пройдите эту, и вы закончите их все!"
hazama_00_140_1,"Поздравляю с победой во всех последних сериях! Ты, без сомнения,
первоклассный Укротитель."
hazama_00_140_2,"Хотя я действительно хотел бы, чтобы мы могли поговорить с глазу
на глаз, совсем недавно открылись врата обратно в мой родной
мир."
hazama_00_140_3,"Однако он очень нестабилен, так что никто не знает, смогу ли я
вернуться сюда снова."
hazama_00_140_4,"Живя в Цифровом Мире, у меня появилась мечта. Я надеюсь, что
однажды Дигимон придет и в наш мир."
hazama_00_140_5,"Поэтому я хочу сделать всё, что в моих силах, чтобы убедиться,
что люди и Дигимоны поладят, когда это произойдёт."
hazama_00_140_6,"Например, может быть... превращать свои игры в игрушки и
продавать их."
hazama_00_140_7,"Я не уверен, что я действительно могу сделать, но я всё равно
собираюсь попробовать. Вот почему я доверил тебе мой тщательно
выращенный Дигимон."
hazama_00_140_8,"Я имею в виду Дигимон, который до сих пор дремал в этом
устройстве. Что ж, гордись мной, и мы ещё увидимся!"
hazama_99_010_1,"Первый день с момента прибытия сюда. Я столкнулся с некоторыми
формами жизни, называемыми ""Дигимон""."
hazama_99_010_2,"Похоже, они понимают человеческую речь. Я попросил их рассказать
мне всё об этом мире."
hazama_99_010_3,"Я знаю, что мне следует быть осторожной с этими разумными
существами, но Ботамон, который привязался ко мне, просто
слишком очарователен, чтобы выразить это словами."
hazama_99_020_1,"Второй день с момента прибытия сюда. Я наткнулся на странное
устройство."
hazama_99_020_2,"Похоже, оно программируется на языке ассемблера. Я едва помню,
как это делается, но посмотрю, что смогу сделать, когда у меня
будет немного свободного времени."
hazama_99_020_3,Прямо сейчас мне нужно сосредоточиться на поиске еды.
hazama_99_030_1,"Третий день с момента прибытия сюда. Дигимон поделился со мной
чем-то под названием ""Дигимясо""."
hazama_99_030_2,"Казалось, что у меня во рту запускаются электроны. Какое
странное ощущение."
hazama_99_040_1,"Четвёртый день с момента прибытия сюда. Внешний вид Ботамона
изменился после того, как я накормил его Дигимясом."
hazama_99_040_2,"Когда я их проанализировал, обнаружил, что они, похоже...
эволюционировали. Видимо, теперь их зовут «Коромон»."
hazama_99_040_3,"Похоже, что Дигимоны растут и развиваются, переписывая свои
собственные программы по мере того, как они потребляют различные
виды данных."
hazama_99_050_1,"Пятый день с момента прибытия сюда. Я всё ещё не нашёл способа
вернуться в свой мир."
hazama_99_050_2,"Однако, пока я возился с этим устройством, мне удалось открыть
врата в Цифровой мир."
hazama_99_050_3,"Снаружи это кажется довольно опасным... так что, может быть, я
ещё немного подготовлюсь, прежде чем рискну выйти."
hazama_99_060_1,День 6 после прибытия. Коромон снова эволюционировал.
hazama_99_060_2,"Теперь его зовут «Агумон». Ещё он освоил особый приём
«Малое пламя»."
hazama_99_060_3,"Пожалуй, пора дать ему сразиться с другими дигимонами.
Но, как обычно, я не могу перестать умиляться, когда
он набивает щёки ДигиМясом."
hazama_99_070_1,"День 7 с момента прибытия сюда. Я готов попробовать выйти на
улицу."
hazama_99_070_2,"Моим первым делом будет обследование местности... Думаю, я буду
понемногу изучать Цифровой мир."
hazama_99_080_1,"Агумон был на грани гибели в бою, но они каким-то образом
собрали свои силы и значительно увеличили мощь атаки и
интеллект."
hazama_99_080_2,"Их теперь называют «Агумон». Ещё они научились
особому приёму под названием «Малое пламя»."
hazama_99_090_1,"Общение с Дигимонами научило меня тому, что даже люди с
одинаковой внешностью обладают разными характерами. Это
увлекательно."
hazama_99_090_2,"Я заметил тенденцию к тому, что храбрым Дигимонам легче
наращивать силу атаки, в то время как заботливые Дигимоны могут
похвастаться более высокой защитой."
hazama_99_090_3,"Другие личности, похоже, осваивают особые навыки, такие как
""Первый в очереди"" и ""Встречный""."
hazama_99_100_1,Мой Агумон превратился в Греймона и выучил Мега Пламя.
hazama_99_100_2,"Возможность провести физическую атаку стихией огня, поражающую
всех врагов, чрезвычайно хороша. Это должно компенсировать
низкую защиту Дигимона."
hazama_99_100_3,"Далее, может быть, я попробую попросить Дигимона с низким
уровнем Духа научиться чему-нибудь эффективному, например,
Падению Магмы."
hazama_99_100_4,"Тем не менее, раздражает невозможность оценить характеристики
противника, не сразившись с ним сначала. Если бы только был
какой-то способ узнать его статистику заранее..."
hazama_99_110_1,"72-й... нет, 73-й день с момента прибытия сюда. Моё ощущение
времени становится всё более и более неопределённым."
hazama_99_110_2,"Я изрядно изучил Цифровой мир, но до сих пор не нашёл способа
вернуться домой."
hazama_99_110_3,"Тем не менее, я по-прежнему поражён полиморфизмом Дигимонов. Все
они преобразуются в формы, наиболее подходящие для их среды
обитания."
hazama_99_110_4,"Более того, несмотря на то, что предполагается, что это всего
лишь программы, временами я ловлю себя на том, что думаю о них
как о разумных существах, подобных людям."
hazama_99_120_1,"Я столкнулся с Дигимоном, способным к джогресс-эволюции.
Посмотрим, смогу ли я вспомнить комбинацию..."
hazama_99_120_2,"О, да... ЭнджВомон и ЛедиДевимон. Должны быть и другие
подобные... Мне просто нужно поискать ещё."
hazama_99_130_1,"Этот «Молот Тора» Зудомона, похоже, сделан из чрезвычайно ценного металла, который называют «хромдигизоидным металлом»."
hazama_99_130_2,"Похоже, тебе понадобится помощь ЛоадерЛеомона, чтобы добыть руду хромдигизоида, необходимую для его изготовления."
hazama_99_140_1,"Они были серьёзно ранены во время добычи полезных ископаемых, но
полностью выздоровели благодаря помощи Венусмон в кратчайшие
сроки."
hazama_99_140_2,"Согласно Венусмон, чем выше ДУХ человека, тем больше его
способность заживлять раны."
hazama_99_150_1,Я нашёл странный предмет... Диги-Яйцо.
hazama_99_150_2,"По словам Виззардмон, его используют для эволюции в броневые
формы."
hazama_99_160_1,Я наткнулся на таинственный предмет... Дух.
hazama_99_160_2,"По словам Виззардмон, его используют для эволюции в гибридные
формы."
hazama_99_170_1,"Некоторые дигимоны позволяют людям кататься на них. Особенно
хороши Бёрдрамон и Гарурумон."
hazama_99_170_2,"Но больше всего мне нравится разъезжать по окрестностям на
дорогом мотоцикле Вельземона ""Бегемот""."
hazama_99_180_1,"Дигимон может двигаться с поразительной скоростью. Из тех, что я
видел, Вингдрамон был ослепительно быстр."
hazama_99_180_2,"Я почти уверен, что они достигают... да, примерно 20 махов.
Огненное звуковое дыхание, которое они выпускают при движении с
такой скоростью, также вызывает ужас."
hazama_99_190_1,"Сегодня я нашёл Дигимон, который работает даже быстрее, чем
Вингдрамон."
hazama_99_190_2,"Я видел их всего секунду, но слышал, что их зовут
МагнаГарурумон."
hazama_99_200_1,"Я слышал, что Цифровой мир является домом для группы Дигимонов,
известных как ""Семь Великих Повелителей Демонов""..."
hazama_99_200_2,"Предположительно, они находятся в регионе, называемом Тёмной
Зоной. Я нанесу туда визит, если у меня будет такая возможность."
hazama_02_210_10,"Глюп-бляп-бляп... Глянец, глянец, слизь... ♪ Мне нравится...
петь... Вы поёте... вместе...?"
hazama_02_211_10,"Ладно, а теперь пошли за выпивкой! Пока у меня есть мой любимый
напиток, я могу делать всё, что угодно!"
hazama_02_212_10,"Кит, кит! Запрыгивай ко мне на спину и давай поплывём в открытое
море! Йохохо! Веселье ждёт!"
hazama_02_213_10,"Я доверю тебе выбрать, куда направить мою мощь. Без сомнения, ты
найдёшь ей хорошее применение."
hazama_03_300_10,"———Ваша заявка на участие в гонке Пекмон принята.
——— Пожалуйста, используйте своё устройство, чтобы получить
доступ к стойке регистрации!"
hazama_03_300_20,"———Ваша заявка на участие в гонке Пекмон аннулирована.
———Мы надеемся, что вы сможете принять участие в следующий раз!"
hazama_03_310_10,"Хохо! ♪ Будь то пение или гонки, я просто знаю, что с тобой всё
будет веселее!"
hazama_03_311_10,"Ии-хи-хи! Договор подписан! Теперь я пробуждаю дремлющий в тебе
магический талант!"
hazama_03_312_10,"Я отвезу тебя, куда захочешь! Главное, чтобы ты оценил мою
скорость!"
hazama_03_313_10,"Я регулярно провожу техническое обслуживание своего
оборудования, поэтому звоните мне, когда тебе понадобится.
Спасибо!"
hazama_04_415_10,"Теперь я, наконец, могу поделиться своим материалом с внешним
миром! Давайте сметём всех большой волной комедии!"
hazama_04_416_10,"Пожалуйста, позвольте мне присоединиться к вашей группе. Я
покажу вам своё поразительное тактическое мастерство."
hazama_04_417_10,"Мне не нужен повод для драки. Если кто-то доставит тебе
неприятности, просто дай мне разобраться с ними."
hazama_04_418_10,"С этого момента я буду работать для тебя в меру своих
возможностей. Просто отплатите мне сладким нектаром!"
hazama_05_510_10,"Я немедленно начну твоё обучение мистическим искусствам!
Совершенно особое мистическое искусство... искусство подружиться
со мной!"
hazama_05_511_10,"Давненько у меня не было хорошей драки... и мне не терпится
уйти! Просто прикрывай мою спину!"
hazama_05_515_10,"Хе-хе... Это был отличный напиток. С нетерпением жду возможности
поделиться с вами ещё..."
hazama_05_513_10,"В трудные времена сразу же обращайся ко мне. На твоих плечах
слишком большая ноша."
hazama_08_810_10,"Спасибо, что взял меня с собой! Гугу! Теперь я могу заниматься
весёлыми вещами! Гага!"
hazama_08_811_10,"ПРИМЕНЯЕТСЯ ПОСЛЕДНИЙ ПАТЧ... 99%. БИП, БИП... 100%... ПАТЧ
УСПЕШНО ПРИМЕНЁН. ЗДРАВСТВУЙТЕ! Я АНДРОМОН! Я РАД БЫТЬ У ВАС НА
СЛУЖБЕ!"
hazama_08_818_10,"Спасибо, что вытащила меня оттуда! Я отнесу тебя туда, куда тебе
нужно!"
hazama_08_813_10,"Я чувствую, что ты сражаешься со многими жестокими врагами...
Поэтому я клянусь своим клинком, что сохраню твою жизнь."
hazama_02_220_10,"Добро пожаловать! Это Зал Опыта. Сражайтесь в соответствии со
своими текущими способностями и заработайте много опыта!"
hazama_02_220_20,"Добро пожаловать! Это Золотой Зал. Сражайтесь в соответствии со
своими текущими способностями и заработайте много иен!"
hazama_02_220_30,"Добро пожаловать! Это Зал Материалов. Сражайтесь в соответствии
со своими текущими способностями и заработайте много материалов!"
hazama_02_220_40,"Когда вы устанете и захотите всё бросить, просто выйди за дверь!
Делай столько, сколько хочешь, когда захочешь. Превзойди себя!"
common_world_0001,Общие Мировые Линии
flag_1000,Флаг 1000
world_d0201_0001,О Центральном городе
fire_0001,Огненный Дигимон
mirei_0001,Цифровая Ферма
mirei_0002,"Говоря ""Да"" Специальному обучению на Цифровой Ферме"
mirei_0003,"Говорю ""Нет""."
recovery_start,"Режим регенерации активирован. ОЗ/ОС дигимонов будут
полностью восстановлены через {n0} секунд..."
recovery_end,"Режим регенерации завершён. ОЗ/ОС дигимона полностью
восстановлены."
full_recovery,"Медицинское обследование дигимона завершено. ОЗ/ОС
дигимона полностью восстановлены."
evolution_possible,"Теперь Дигимон {fc9может эволюционировать}. Подробности смотрите
через {fc15Дигивайс > Дигимон > Эволюция}."
kizuna_possible,"Новые {fc9Навыки Агента} теперь доступны для изучения.
Просмотрите их в разделе {fc15Дигивайс > Агент > Навыки Агента}."
digifarm_training_01,"Обучение {fc9{d0}} завершено. Если хочешь продолжить
тренировки, дай знать."
digifarm_training_02,"Очень хорошо. Оно продолжит тренироваться в том же режиме.
Обязательно время от времени проверяйте Цифровую Ферму."
tut_2006,Документ: «Дополнительные навыки»
