expected_gender,speaker_id,speaker_name,relative_path,row_id,word,context,text
female,char_MINERVAMON,Минервамон,message/battle.mbe/000_Sheet1.csv,1033010009,должен,"где сосредоточена их сила, должен сорвать атаку","Перед большим ходом всегда есть брешь. Сильный удар в то место,
где сосредоточена их сила, должен сорвать атаку!"
female,char_DIANAMON,Дианамон,message/battle.mbe/000_Sheet1.csv,1200020022,сделал,Ты так много сделал для нас,Ты так много сделал для нас...
female,char_MINERVAMON,Минервамон,message/battle.mbe/000_Sheet1.csv,1200020033,был,"Это был долгий путь, но в глубине души я знаю, что это наша","Это был долгий путь, но в глубине души я знаю, что это наша
последняя битва!"
female,char_VENUSMON,Венусмон,message/battle.mbe/000_Sheet1.csv,1200020170,должен,Ты не должен упасть,Ты не должен упасть.
female,char_MIREI,Мирей Микагура,message/d010.mbe/000_Sheet1.csv,d010_010_060,готов,"Если готов взяться за это задание,","...поэтому я попросила именно тебя. Если готов взяться за это задание,
воспользуйся здешним лифтом."
female,char_MIREI,Мирей Микагура,message/d010.mbe/000_Sheet1.csv,d010_010_090,готов,"Если готов взяться за это задание,","Если готов взяться за это задание,
воспользуйся здешним лифтом."
female,char_VENUSMON,Венусмон,message/d03.mbe/000_Sheet1.csv,f_d0302_0240_0120,был,Мне просто нужен был какой-то рычаг для переговоров,"Мне просто нужен был какой-то рычаг для переговоров. Это не
означало лишить кого-либо жизни."
female,char_INORI,Инори Мисоно,message/d05.mbe/000_Sheet1.csv,f_d0501_0050_0200,стал,кто-то стал бы винить тебя за такой выбор,"Должно быть, это было так трудно для тебя... Но я не думаю, что
кто-то стал бы винить тебя за такой выбор."
female,char_RANAMON,Ранамон,message/d06.mbe/000_Sheet1.csv,f_d0604_0300_0060,был,Он был специально создан для содержания самых опасных,"Он был специально создан для содержания самых опасных
преступников — худших из худших."
female,char_DIANAMON,Дианамон,message/d06.mbe/000_Sheet1.csv,f_d0604_0410_0020,должен,должен остаться здесь и стоять на страже,"Я не могу допустить, чтобы с Минни что-нибудь случилось. Я
должен остаться здесь и стоять на страже."
female,char_INORI,Инори Мисоно,message/d09.mbe/000_Sheet1.csv,f_d0903_0025_0030,должен,Кто-нибудь должен поймать плод снизу,"Кто-нибудь должен поймать плод снизу... Я сделаю это. Я
справлюсь с этим."
female,char_INORI,Инори Мисоно,message/d09.mbe/000_Sheet1.csv,f_d0903_0035_0100,уверен,Ты уверен,"Ты уверен? Эти дигимоны, вероятно, нападут, если ты подойдешь
слишком близко..."
female,char_VENUSMON,Венусмон,message/d09.mbe/000_Sheet1.csv,f_d0904_0210_0030,был,Враг был вызван Хрониками Акаши и основан на одном из Семи,"Враг был вызван Хрониками Акаши и основан на одном из Семи
Великих Повелителей Демонов."
female,char_VENUSMON,Венусмон,message/d09.mbe/000_Sheet1.csv,f_d0904_0310_0020,был,Это действительно был самый грозный противник,Это действительно был самый грозный противник...
female,char_TOUDO,Асуна Широки,message/d09.mbe/000_Sheet1.csv,f_d0904_0610_0030,был,"котором говорилось, что он был спасен Дигимоном","Шота Курой, пилот ""гигантского оружия"", прислал сообщение, в
котором говорилось, что он был спасен Дигимоном."
female,char_INORI,Инори Мисоно,message/d09.mbe/000_Sheet1.csv,f_d0904_0610_0050,сделал,Что сделал мой отец,А? Что сделал мой отец?!
female,char_JUNOMON,Юномон,message/d09.mbe/000_Sheet1.csv,f_d0905_0090_0040,должен,Ты должен пройти через ворота,Тогда сейчас. Ты должен пройти через ворота.
female,char_JUNOMON,Юномон,message/d09.mbe/000_Sheet1.csv,f_d0905_0110_0020,должен,Мост должен быть соединен с этими воротами,Мост должен быть соединен с этими воротами.
female,char_MINERVAMON,Минервамон,message/d09.mbe/000_Sheet1.csv,f_d0906_0060_0010,был,Это был,Это был... тяжелый бой. Но... мы победили!
female,char_DIANAMON,Дианамон,message/d09.mbe/000_Sheet1.csv,f_d0906_0060_0030,готов,"Будь готов, когда будешь готов, Аполломон","Будь готов, когда будешь готов, Аполломон!"
female,char_JUNOMON,Юномон,message/d09.mbe/000_Sheet1.csv,f_d0907_0040_0020,был,"Даже если миф был ложным, моя любовь к яйцу была настоящей","... должна ли я отрицать радость, которую испытала, когда из яйца
вылупился птенец? Даже если миф был ложным, моя любовь к яйцу была настоящей."
female,char_JUNOMON,Юномон,message/d09.mbe/000_Sheet1.csv,f_d0907_0040_0030,должен,"должен остановить план Хрономона, даже если это будет стоить мне жизни","Я не хочу думать, что даже это чувство было ошибкой. Поэтому я
должен остановить план Хрономона, даже если это будет стоить мне жизни!"
female,char_INORI,Инори Мисоно,message/d09.mbe/000_Sheet1.csv,f_d0907_0100_0030,сказал,Эгиомон сказал доверять,"Интересно, что тогда будет с миром... Эгиомон сказал доверять
ему, но..."
female,char_TOUDO,Асуна Широки,message/d11.mbe/000_Sheet1.csv,f_d1101_0130_0010,был,"тот Блэкгатомон, что был раньше","Ты ... тот Блэкгатомон, что был раньше! Ты только что спас нас
...?"
female,char_TOUDO,Асуна Широки,message/d11.mbe/000_Sheet1.csv,f_d1101_0150_0010,должен,"зарядил аккумулятор, так что он должен запуститься без проблем","Я быстро проверил, и генератор здесь выглядит нормально. И я
зарядил аккумулятор, так что он должен запуститься без проблем."
female,char_TOUDO,Асуна Широки,message/d11.mbe/000_Sheet1.csv,f_d1102_0100_0007,был,Он не был полностью уничтожен,"* вздох * Что ж, это облегчение. Он не был полностью уничтожен."
female,char_TOUDO,Асуна Широки,message/d11.mbe/000_Sheet1.csv,f_d1102_0120_0090,должен,Скоро вам должен позвонить доктор Симмонс,Скоро вам должен позвонить доктор Симмонс.
female,char_VENUSMON,Венусмон,message/d12.mbe/000_Sheet1.csv,f_d1204_0120_0040,был,"Если бы я получила известие хотя бы на день раньше, возможно, был","Если бы я получила известие хотя бы на день раньше, возможно, был
бы какой-то способ продлить это событие—"
female,char_TOUDO,Асуна Широки,message/d12.mbe/000_Sheet1.csv,f_d1204_0510_0020,был,"Возможно, что-то случилось с Дигимоном, который должен был","Возможно, что-то случилось с Дигимоном, который должен был
присматривать за этим."
female,char_TOUDO,Асуна Широки,message/d12.mbe/000_Sheet1.csv,f_d1204_0510_0020,должен,"Возможно, что-то случилось с Дигимоном, который должен был","Возможно, что-то случилось с Дигимоном, который должен был
присматривать за этим."
female,char_INORI,Инори Мисоно,message/d12.mbe/000_Sheet1.csv,f_d1206_0040_0140,был,"был какой-нибудь персонаж, который выглядел бы так","Ха. Я всё время смотрела ""Агента Альфу"", но не помню, чтобы там
был какой-нибудь персонаж, который выглядел бы так..."
female,char_TOUDO,Асуна Широки,message/d13.mbe/000_Sheet1.csv,f_d1301_0170_0030,должен,"получение идентификатора супервайзера, должен быть где-то здесь","Компьютер, принадлежащий человеку, который сделал этот запрос на
получение идентификатора супервайзера, должен быть где-то здесь."
female,char_TOUDO,Асуна Широки,message/d13.mbe/000_Sheet1.csv,f_d1301_0170_0030,сделал,"Компьютер, принадлежащий человеку, который сделал этот запрос на","Компьютер, принадлежащий человеку, который сделал этот запрос на
получение идентификатора супервайзера, должен быть где-то здесь."
female,char_TOUDO,Асуна Широки,message/d13.mbe/000_Sheet1.csv,f_d1301_0320_0010,сделал,Ты сделал это,Ты сделал это! Это идентификационный номер руководителя!
female,char_TOUDO,Асуна Широки,message/d13.mbe/000_Sheet1.csv,f_d1301_0330_0010,был,Это был грозный противник,Это был грозный противник.
male,char_OPERATOR_M,Оператор,message/d14.mbe/000_Sheet1.csv,f_d1401_0060_0015,была,"Может быть, это и есть то, для чего была построена Стена","Может быть, это и есть то, для чего была построена Стена ...?"
male,char_OPERATOR_M,Оператор,message/d14.mbe/000_Sheet1.csv,f_d1401_0060_0020,сказала,"Может быть, что-то происходит на крыше этого здания, как сказала","Может быть, что-то происходит на крыше этого здания, как сказала
та девушка..."
female,char_ANGEWOMON,Ангевумон,message/digimon_chat.mbe/000_Sheet1.csv,angew_001_0_char_ANGEWOMON,должен,"Человек должен исправлять ошибки мира, не потворствуя никакому","Человек должен исправлять ошибки мира, не потворствуя никакому
злу."
female,char_BEELSTARMON,Вель Стармон,message/digimon_chat.mbe/000_Sheet1.csv,belsta_001_3_reaction_char_BEELSTARMON,прав,Ты прав,Ты знаешь... Ты прав! ДА... Это ты - мой партнер!
female,char_LILITHMON,Лилитмон,message/digimon_chat.mbe/000_Sheet1.csv,lilis_001_0_char_LILITHMON,готов,Ты готов впасть в немилость ко мне,Ты готов впасть в немилость ко мне?
female,char_LILITHMON,Лилитмон,message/digimon_chat.mbe/000_Sheet1.csv,lilis_001_1_reaction_char_LILITHMON,готов,"Убедись, что действительно готов к этому","Ты понимаешь, что значит влюбиться вместе со мной, не так ли?
Убедись, что действительно готов к этому."
female,char_MIREI,Мирей Микагура,message/dlc000.mbe/000_Sheet1.csv,dlc000_100_020,готов,"Когда будешь готов, начни расследование заново","Когда будешь готов, начни расследование заново.
Я верю в тебя."
female,char_MIREI,Мирей Микагура,message/field_text.mbe/000_Sheet1.csv,dummy_dlc010_0460,должен,Однако выход должен,"Это место было случайно собрано Параллельмон. Однако выход должен
быть. Давайте найдем его."
male,char_OPERATOR_M,Оператор,message/field_text.mbe/000_Sheet1.csv,g_tutorial_1002_0030,права,"редко появлялся на публике, и все права на свои работы передал правительству и крупным корпорациям","И все же мало кто знает о нем, во многом из-за его личности. Он
редко появлялся на публике, и все права на свои работы передал правительству и крупным корпорациям."
male,char_OPERATOR_M,Оператор,message/m010.mbe/000_Sheet1.csv,m010_020_260,должна,секретность должна быть сохранена,"Эта миссия не исключение. Действуй максимально осторожно:
секретность должна быть сохранена."
male,char_OPERATOR_M,Оператор,message/m010.mbe/000_Sheet1.csv,m010_040_070,была,"Стена была построена сразу после этого, якобы для общественной","Стена была построена сразу после этого, якобы для общественной
безопасности, но правда остаётся туманной."
female,char_MYSTERIOUS_GIRL,Таинственная девушка,message/m010.mbe/000_Sheet1.csv,m010_200_055,был,Разве он не был с тобой,Эй. Куда он делся? Разве он не был с тобой?
male,char_GLASSES_WEARING_MAN,Мужчина в очках,message/m040.mbe/000_Sheet1.csv,m040_040_010,должна,"Моя дочь должна быть где-то здесь, внизу","Моя дочь должна быть где-то здесь, внизу."
male,char_GLASSES_WEARING_MAN,Мужчина в очках,message/m040.mbe/000_Sheet1.csv,m040_050_190,была,"Ты хочешь сказать мне, что знаешь, что это была за штука","Ты хочешь сказать мне, что знаешь, что это была за штука?"
male,char_GLASSES_WEARING_MAN,Мужчина в очках,message/m040.mbe/000_Sheet1.csv,m040_050_230,была,"Была ли это та же сила Дигимона, которая сломала замок и привела","Была ли это та же сила Дигимона, которая сломала замок и привела
нас сюда?"
female,char_PROTECTED_GIRL,Девушка под охраной,message/m040.mbe/000_Sheet1.csv,m040_110_090,сделал,"То, что ты там сделал,","Д-да, спасибо тебе. Я должна сказать... То, что ты там сделал,
было ... невероятно!"
female,char_PROTECTED_GIRL,Девушка под охраной,message/m050.mbe/000_Sheet1.csv,m050_010_100,сказал,"Папа сказал, чтобы я разрешила тебе пока пользоваться","Папа сказал, чтобы я разрешила тебе пока пользоваться
этим помещением."
female,char_INORI,Инори Мисоно,message/m050.mbe/000_Sheet1.csv,m050_010_120,сказал,"Ты сказал кое-что, из-за чего это прозвучало так, будто","Ты сказал кое-что, из-за чего это прозвучало так, будто
мы встречались раньше. Прости, я не помню."
female,char_INORI,Инори Мисоно,message/m050.mbe/000_Sheet1.csv,m050_010_130,готов,"когда будешь готов, хорошо","Что ж, давай начнём с осмотра дома. Спускайся вниз,
когда будешь готов, хорошо?"
male,char_OPERATOR_M,Оператор,message/m050.mbe/000_Sheet1.csv,m050_060_080,была,"Катастрофа, вызвавшая это глобальное бедствие, была","Катастрофа, вызвавшая это глобальное бедствие, была
названа ""Адом Синдзюку""."
female,char_HIROKO,Хироко Сагисака,message/m060.mbe/000_Sheet1.csv,m060_020_010,был,Никто даже не был в,"В этот раз всё будееет ооотлично, клянусь! Никто даже не был в
этом месте раньше!"
female,char_INORI,Инори Мисоно,message/m060.mbe/000_Sheet1.csv,m060_050_060,был,"Я думаю, это был Ку","Я думаю, это был Ку."
female,char_INORI,Инори Мисоно,message/m060.mbe/000_Sheet1.csv,m060_050_090,был,"Он же был ранен, так","То, как другие издевались над бедняжкой... Он же был ранен, так
что я волнуюсь..."
female,char_INORI,Инори Мисоно,message/m060.mbe/000_Sheet1.csv,m060_150_010,сказал,Ты сказал,Ты сказал... тебя зовут Эгиомон?
male,char_TAKEMIYA,Косуке Мисоно,message/m070.mbe/000_Sheet1.csv,m070_010_070,готова,Она ещё не готова узнать обо всём этом,"А, и не говори Инори. Она ещё не готова узнать обо всём этом."
male,char_OPERATOR_M,Оператор,message/m070.mbe/000_Sheet1.csv,m070_040_190,должна,то о ней должна быть информация в открытых источниках,"Учёная, работающая на правоохранителей, да? Если она известна,
то о ней должна быть информация в открытых источниках."
male,char_OPERATOR_M,Оператор,message/m070.mbe/000_Sheet1.csv,m070_100_020,была,"Эволюция Эгиомона, по-видимому, была спровоцирована Инори","Обрати пристальное внимание на эту Инори Мисоно и Эгиомона...
Эволюция Эгиомона, по-видимому, была спровоцирована Инори."
female,char_INORI,Инори Мисоно,message/m080.mbe/000_Sheet1.csv,m080_060_110,виноват,"В этом виноват этот наряд, если ты спросишь меня","В этом виноват этот наряд, если ты спросишь меня... Хи-хи! Ты
выглядишь как персонаж из аниме."
female,char_INORI,Инори Мисоно,message/m080.mbe/000_Sheet1.csv,m080_110_190,был,"Ты сегодня был настоящим героем, я считаю","Ты сегодня был настоящим героем, я считаю. Без сомнений!"
female,char_INORI,Инори Мисоно,message/m080.mbe/000_Sheet1.csv,m080_110_270,был,Он был примерно такого же,"Моего младшего брата звали Юу... Он был примерно такого же
роста, как ты сейчас, Эгиомон."
male,char_OPERATOR_M,Оператор,message/m090.mbe/000_Sheet1.csv,m090_010_020,сказала,"Тебя задело то, что сказала","Боюсь, я не могла не подслушать... Тебя задело то, что сказала
Инори Мисоно?"
female,char_TOUDO,Асуна Широки,message/m090.mbe/000_Sheet1.csv,m090_060_080,нашёл,быстро нашёл общий язык с,"Этот человек в странном наряде... быстро нашёл общий язык с
фазово-электронной формой жизни."
male,char_OPERATOR_M,Оператор,message/m090.mbe/000_Sheet1.csv,m090_060_100,была,"Было бы странно, если бы эта битва не была задокументирована, но","Было бы странно, если бы эта битва не была задокументирована, но
спустя восемь лет я не могу найти о ней никаких данных…"
female,char_MINERVAMON,Минервамон,message/m090.mbe/000_Sheet1.csv,m090_080_110,был,"Это был один из Титанов, которые сеют хаос в нашем мире","Это был один из Титанов, которые сеют хаос в нашем мире."
female,char_INORI,Инори Мисоно,message/m090.mbe/000_Sheet1.csv,m090_080_310,был,"я уверена, Эгиомон был бы рад возможности поговорить с тобой","...я уверена, Эгиомон был бы рад возможности поговорить с тобой."
female,char_INORI,Инори Мисоно,message/m090.mbe/000_Sheet1.csv,m090_080_310,рад,"я уверена, Эгиомон был бы рад возможности поговорить с тобой","...я уверена, Эгиомон был бы рад возможности поговорить с тобой."
female,char_INORI,Инори Мисоно,message/m100.mbe/000_Sheet1.csv,m100_050_090,был,"Альфа"" был моим героем","Как будто за мной присматривает аниме-персонаж. Знаешь, ""Агент
Альфа"" был моим героем."
male,char_SIMMONS,Доктор Симмонс,message/m100.mbe/000_Sheet1.csv,m100_090_120,была,"Если бы это было правдой, это была бы чертовски крутая функция,","Если бы это было правдой, это была бы чертовски крутая функция,
это точно... Звучит как что-то из аниме."
female,char_INORI,Инори Мисоно,message/m110.mbe/000_Sheet1.csv,m110_020_020,был,"Роллет, через который мы только что прошли, в прошлый раз был","Роллет, через который мы только что прошли, в прошлый раз был
закрыт!"
female,char_INORI,Инори Мисоно,message/m110.mbe/000_Sheet1.csv,m110_050_120,сказал,"Ты сказал, что знаешь это место","Ты сказал, что знаешь это место. Ты бывал здесь раньше?"
female,char_INORI,Инори Мисоно,message/m120.mbe/000_Sheet1.csv,m120_060_100,уверен,"Ты уверен, что у тебя правильно","Осмотр достопримечательностей? Ты уверен, что у тебя правильно
расставлены приоритеты...?"
male,char_OPERATOR_M,Оператор,message/m120.mbe/000_Sheet1.csv,m120_060_170,была,незначительной она ни была,"Так что присылайте мне любую полученную информацию, какой бы
незначительной она ни была."
female,char_INORI,Инори Мисоно,message/m120.mbe/000_Sheet1.csv,m120_100_140,должен,Должен быть способ,"Минервамон пришла в Синдзюку отсюда. Должен быть способ
путешествовать между двумя мирами."
male,char_OPERATOR_M,Оператор,message/m140.mbe/000_Sheet1.csv,m140_010_440,была,Она и правда была похожа на,"Та штука, что появилась в небе... Она и правда была похожа на
врата, не так ли?"
female,char_INORI,Инори Мисоно,message/m140.mbe/000_Sheet1.csv,m140_080_028,был,был,"...главный герой того аниме, что я смотрела. Тогда этот персонаж
был... моим героем."
female,char_INORI,Инори Мисоно,message/m150.mbe/000_Sheet1.csv,m150_095_030,был,"Может, это был для него слишком сильный разряд электричества","Может, это был для него слишком сильный разряд электричества..."
female,char_INORI,Инори Мисоно,message/m150.mbe/000_Sheet1.csv,m150_150_300,сказал,"И Меркуримон сказал, что мы должны сначала подать питание на","И Меркуримон сказал, что мы должны сначала подать питание на
железную дорогу, если хотим пойти к Юномон."
female,char_INORI,Инори Мисоно,message/m150.mbe/000_Sheet1.csv,m150_160_040,был,"Похоже, мой папа был прав как обычно","Похоже, мой папа был прав как обычно."
female,char_INORI,Инори Мисоно,message/m150.mbe/000_Sheet1.csv,m150_160_040,прав,"Похоже, мой папа был прав как обычно","Похоже, мой папа был прав как обычно."
female,char_INORI,Инори Мисоно,message/m150.mbe/000_Sheet1.csv,m150_160_080,был,"Бьюсь об заклад, он, наверное, был абсолютно прав","Бьюсь об заклад, он, наверное, был абсолютно прав."
female,char_INORI,Инори Мисоно,message/m150.mbe/000_Sheet1.csv,m150_160_080,прав,"Бьюсь об заклад, он, наверное, был абсолютно прав","Бьюсь об заклад, он, наверное, был абсолютно прав."
female,char_MINERVAMON,Минервамон,message/m160.mbe/000_Sheet1.csv,m160_010_050,должен,"Там должен быть кто-то, кто нас ждет","Мы скоро будем там. Там должен быть кто-то, кто нас ждет."
female,char_MINERVAMON,Минервамон,message/m160.mbe/000_Sheet1.csv,m160_040_060,видел,"И ты сказал, что увидел яйцо, когда впервые открыл глаза","И ты сказал, что увидел яйцо, когда впервые открыл глаза... Я
имею в виду, я сам видел твою умопомрачительную силу."
female,char_MINERVAMON,Минервамон,message/m160.mbe/000_Sheet1.csv,m160_040_060,сказал,"И ты сказал, что увидел яйцо, когда впервые открыл глаза","И ты сказал, что увидел яйцо, когда впервые открыл глаза... Я
имею в виду, я сам видел твою умопомрачительную силу."
female,char_JUNOMON,Юномон,message/m160.mbe/000_Sheet1.csv,m160_050_031,получил,Но Хрономон получил самые смертельные раны,Но Хрономон получил самые смертельные раны.
female,char_JUNOMON,Юномон,message/m160.mbe/000_Sheet1.csv,m160_050_040,сделал,сделал заявление,"Окруженный скорбящим населением, Хрономон на последнем издыхании
сделал заявление..."
female,char_JUNOMON,Юномон,message/m160.mbe/000_Sheet1.csv,m160_060_030,был,"цели, и только для этой, ты был рожден","Мы должны защитить мир от них, о Великий Хранитель. Для этой
цели, и только для этой, ты был рожден."
female,char_INORI,Инори Мисоно,message/m170.mbe/000_Sheet1.csv,m170_110_050,сказал,"когда сказал: ""Я позабочусь об этих Титанах""","Нет. Я просто подумала, как храбро и надежно ты сейчас звучал,
когда сказал: ""Я позабочусь об этих Титанах""."
female,char_JUNOMON,Юномон,message/m170.mbe/000_Sheet1.csv,m170_210_090,уверен,"Ты уверен, что Титаны сказали именно это","Течение... Ты уверен, что Титаны сказали именно это?"
female,char_INORI,Инори Мисоно,message/m180.mbe/000_Sheet1.csv,m180_030_020,был,Что это был за звук,Что это был за звук? Титаны?
female,char_INORI,Инори Мисоно,message/m180.mbe/000_Sheet1.csv,m180_040_250,сделал,"ему за всё, что он для меня сделал","Мне всё равно, какой путь выберет Эгиомон! Я должна отплатить
ему за всё, что он для меня сделал!"
female,char_INORI,Инори Мисоно,message/m180.mbe/000_Sheet1.csv,m180_100_020,сказал,"Погоди, разве ты ТОЛЬКО ЧТО не сказал, что сейчас не время","Погоди, разве ты ТОЛЬКО ЧТО не сказал, что сейчас не время
сидеть пьяным?"
female,char_SIRENMON,Сиренмон,message/m180.mbe/000_Sheet1.csv,m180_100_040,был,Он не всегда был таким,"Пожалуйста, прости Бахусмона. Он не всегда был таким..."
male,char_OPERATOR_M,Оператор,message/m180.mbe/000_Sheet1.csv,m180_110_050,была,"это была война, которая длилась восемь лет","Возможно... это была война, которая длилась восемь лет. Та, что
распространилась из их мира в наш... и привела к его гибели."
female,char_JUNOMON,Юномон,message/m190.mbe/000_Sheet1.csv,m190_060_210,должен,Ты должен остаться,Великий Страж! Ты должен остаться.
female,char_INORI,Инори Мисоно,message/m190.mbe/000_Sheet1.csv,m190_070_090,уверен,"Ты уверен, что не хотел остаться там","Ты уверен, что не хотел остаться там?"
female,char_INORI,Инори Мисоно,message/m190.mbe/000_Sheet1.csv,m190_070_090,хотел,"Ты уверен, что не хотел остаться там","Ты уверен, что не хотел остаться там?"
female,char_INORI,Инори Мисоно,message/m210.mbe/000_Sheet1.csv,m210_050_210,должен,"я думаю, это должен быть","Если уж мне нужно кого-то ненавидеть... я думаю, это должен быть
«конфликт»."
female,char_HIROKO,Хироко Сагисака,message/m230.mbe/000_Sheet1.csv,m230_020_100,сказал,"Всё, что он сказал мне: «Присмотри за этим местом»","Всё, что он сказал мне: «Присмотри за этим местом»."
female,char_HIROKO,Хироко Сагисака,message/m230.mbe/000_Sheet1.csv,m230_020_120,пытался,"Он там пытался выяснить, почему ты","Я бы так предположила. Он там пытался выяснить, почему ты
исчезла. Много и другого безумия происходило тогда же."
female,char_HIROKO,Хироко Сагисака,message/m230.mbe/000_Sheet1.csv,m230_020_130,был,Был огромный переполох из-за взрыва в Ниси-Синдзюку,Был огромный переполох из-за взрыва в Ниси-Синдзюку.
female,char_TOUDO,Асуна Широки,message/m235.mbe/000_Sheet1.csv,m235_020_170,хотел,"Есть кое-кто, кто хотел бы встретиться с вами","Есть кое-кто, кто хотел бы встретиться с вами. По правде
говоря... я здесь по просьбе этого человека."
female,char_INORI,Инори Мисоно,message/m260.mbe/000_Sheet1.csv,m260_030_190,был,Всего восемь лет назад он был синим,Не может быть! Всего восемь лет назад он был синим...
female,char_INORI,Инори Мисоно,message/m260.mbe/000_Sheet1.csv,m260_120_050,был,Дивермон был в восторге от символа мира и хотел возобновить,"Дивермон был в восторге от символа мира и хотел возобновить
примирение с твоей деревней!"
female,char_INORI,Инори Мисоно,message/m260.mbe/000_Sheet1.csv,m260_120_050,хотел,Дивермон был в восторге от символа мира и хотел возобновить,"Дивермон был в восторге от символа мира и хотел возобновить
примирение с твоей деревней!"
female,char_VENUSMON,Венусмон,message/m260.mbe/000_Sheet1.csv,m260_140_020,был,Нептунемон уже должен был выпить,"Но как это может быть? Нептунемон уже должен был выпить
отравленное вино...!"
female,char_VENUSMON,Венусмон,message/m260.mbe/000_Sheet1.csv,m260_140_020,должен,Нептунемон уже должен был выпить,"Но как это может быть? Нептунемон уже должен был выпить
отравленное вино...!"
female,char_RANAMON,Ранамон,message/m280.mbe/000_Sheet1.csv,m280_070_150,был,Мой план был идеален,"Мой план был идеален! Безупречен от начала до конца — пока вы не
сунули свои большие, толстые носы куда не следует!"
female,char_CALAMARAMON,Каламарамон,message/m280.mbe/000_Sheet1.csv,m280_090_030,был,"Нептунемон изначально был назначен для этой цели, но — по","Нептунемон изначально был назначен для этой цели, но — по
какой-то причине — постоянно откладывал это..."
female,char_MIREI,Мирей Микагура,message/m280.mbe/000_Sheet1.csv,m280_120_210,получил,"Те, кто только что получил твою помощь, - это начало","Если хочешь владеть ей, нужно собрать единомышленников.
Те, кто только что получил твою помощь, - это начало... Посмотри туда."
female,char_INORI,Инори Мисоно,message/m285.mbe/000_Sheet1.csv,m285_030_030,был,"был когда ты поглотил силу сокровища, там в","Первый раз... был когда ты поглотил силу сокровища, там в
Синдзюку восемь лет назад."
male,char_OPERATOR_M,Оператор,message/m285.mbe/000_Sheet1.csv,m285_040_040,была,была признана аномалией класса-S,"Способность к путешествию во времени, что пребывает в Эгиомоне,
была признана аномалией класса-S."
female,char_INORI,Инори Мисоно,message/m290.mbe/000_Sheet1.csv,m290_030_020,был,"Что случилось со всеми, кто был здесь","Что случилось со всеми, кто был здесь?"
female,char_MIREI,Мирей Микагура,message/m290.mbe/000_Sheet1.csv,m290_070_030,был,"Возможно, он должен был стать апостолом Илиад","Возможно, он должен был стать апостолом Илиад. Тем, кто подходит,
чтобы стать частью сосуда для удержания Священного Потока."
female,char_MIREI,Мирей Микагура,message/m290.mbe/000_Sheet1.csv,m290_070_030,должен,"Возможно, он должен был стать апостолом Илиад","Возможно, он должен был стать апостолом Илиад. Тем, кто подходит,
чтобы стать частью сосуда для удержания Священного Потока."
male,char_OPERATOR_M,Оператор,message/m300.mbe/000_Sheet1.csv,m300_130_200,стала,стала бы запутанной и хаотичной без возможности восстановления,"...мир, каким мы его знаем, перестал бы существовать. История
стала бы запутанной и хаотичной без возможности восстановления...!"
female,char_INORI,Инори Мисоно,message/m300.mbe/000_Sheet1.csv,m300_140_270,сказал,"Спасибо, что сказал это","Спасибо, что сказал это."
female,char_INORI,Инори Мисоно,message/m310.mbe/000_Sheet1.csv,m310_010_070,был,"Я хочу поговорить с моим папой, сказать ему, что он был неправ","Я хочу поговорить с моим папой, сказать ему, что он был неправ. Я имею
в виду, разве то, что мы с Эгиомоном так близки, не доказывает это?"
female,char_INORI,Инори Мисоно,message/m310.mbe/000_Sheet1.csv,m310_010_200,уверен,Уверен,Уверен? Я немного волнуюсь...
female,char_INORI,Инори Мисоно,message/m320.mbe/000_Sheet1.csv,m320_080_150,был,"Если бы он был жив, уверена, вы бы с ним здорово поладили","Если бы он был жив, уверена, вы бы с ним здорово поладили."
female,char_INORI,Инори Мисоно,message/m320.mbe/000_Sheet1.csv,m320_080_170,был,Он был его большим фанатом,"""Агент Альфа"". Он был его большим фанатом."
male,char_OPERATOR_M,Оператор,message/m320.mbe/000_Sheet1.csv,m320_080_280,была,"и всё это, не зная, насколько ужасающей была бы такая сила","...и всё это, не зная, насколько ужасающей была бы такая сила."
female,char_TOUDO,Асуна Широки,message/m330.mbe/000_Sheet1.csv,m330_080_140,был,"Путь, соединяющий деревню с лабораторией, не был перекрыт","Путь, соединяющий деревню с лабораторией, не был перекрыт..."
female,char_VENUSMON,Венусмон,message/m360.mbe/000_Sheet1.csv,m360_100_030,смог,Но он смог выкарабкаться,"Я оказала Плутомону всю возможную помощь. Какое-то время это
казалось безнадежным... Но он смог выкарабкаться."
female,char_MIREI,Мирей Микагура,message/m360.mbe/000_Sheet1.csv,m360_120_070,должен,Кто-то должен предложить свою помощь,"Как таковой, Тёмная Тень не перестанет поглощать отчаяние.
Кто-то должен предложить свою помощь..."
female,char_MIREI,Мирей Микагура,message/m360.mbe/000_Sheet1.csv,m360_120_080,был,"существо желает, чтобы этот мир был самодостаточным","Всё, что я могу предложить вам, однако, это совет... ибо высшее
существо желает, чтобы этот мир был самодостаточным."
male,char_SIMMONS,Доктор Симмонс,message/m390.mbe/000_Sheet1.csv,m390_050_100,была,всё их сила была поглощена оружием,"Было принесено в жертву значительное число Дигимонов... Полагаю,
всё их сила была поглощена оружием."
female,char_MIREI,Мирей Микагура,message/m390.mbe/000_Sheet1.csv,m390_070_010,был,"Эгиомон был демоном, созданным Хрономоном, заменой,","Эгиомон был демоном, созданным Хрономоном, заменой,
предназначенной унаследовать его силу для манипуляций со временем."
male,char_SIMMONS,Доктор Симмонс,message/m400.mbe/000_Sheet1.csv,m400_010_010,должна,должна с тобой поделиться,"А, ты наконец вернулся. У меня есть новые данные, которыми я
должна с тобой поделиться."
female,char_DIANAMON,Дианамон,message/m400.mbe/000_Sheet1.csv,m400_030_020,был,"Ты был рядом со мной, но ничего не видел, да","Ты был рядом со мной, но ничего не видел, да. Ты понятия не
имеешь, какова тёмная сторона луны."
female,char_DIANAMON,Дианамон,message/m400.mbe/000_Sheet1.csv,m400_030_020,видел,"Ты был рядом со мной, но ничего не видел, да","Ты был рядом со мной, но ничего не видел, да. Ты понятия не
имеешь, какова тёмная сторона луны."
female,char_DIANAMON,Дианамон,message/m410.mbe/000_Sheet1.csv,m410_001_100,был,"Когда я закрыла своё сердце, ты был моим единственным доверенным","Когда я закрыла своё сердце, ты был моим единственным доверенным
лицом!"
female,char_MINERVAMON,Минервамон,message/m410.mbe/000_Sheet1.csv,m410_060_090,сделал,"Неужели он сделал с Юномон то же самое, что и с Плутомоном","Неужели он сделал с Юномон то же самое, что и с Плутомоном...?"
female,char_JUNOMON,Юномон,message/m410.mbe/000_Sheet1.csv,m410_060_200,был,вовсе не был героем,Последний Великий Страж нашего мира... вовсе не был героем...
male,char_OPERATOR_M,Оператор,message/m420.mbe/000_Sheet1.csv,m420_040_040,была,"Тебе была дана роль устранять любого, кто нарушает естественный","Тебе была дана роль устранять любого, кто нарушает естественный
закон."
female,char_JUNOMON,Юномон,message/m420.mbe/000_Sheet1.csv,m420_120_060,был,"Я до сих пор помню твоё тепло, когда ты был всего лишь яйцом","Я до сих пор помню твоё тепло, когда ты был всего лишь яйцом.
Возможность видеть тебя в этой форме окупила всё."
female,char_INORI,Инори Мисоно,message/m440.mbe/000_Sheet1.csv,m440_100_080,был,"Это был твой голос, Эгиомон, зовущий меня","Но я слышала голос. Это был твой голос, Эгиомон, зовущий меня."
male,char_OPERATOR_M,Оператор,message/rumor_npc.mbe/000_Sheet1.csv,r_t0102_0010_0020,была,Где же была эта станция,Где же была эта станция?
male,char_PASSERBY_MAN,Прохожий,message/rumor_npc.mbe/000_Sheet1.csv,r_t0107_0010_0110,должна,Правда должна выйти наружу,Правда должна выйти наружу!
male,char_PASSERBY_MAN,Прохожий,message/rumor_npc.mbe/000_Sheet1.csv,r_t0107_0020_0040,права,Уважайте наши права как граждан,Уважайте наши права как граждан!
male,char_PASSERBY_MAN,Прохожий,message/rumor_npc.mbe/000_Sheet1.csv,r_t0107_0020_0490,была,Это была видеозапись из-за стены,Это была видеозапись из-за стены ?!
female,char_DIANAMON,Дианамон,message/rumor_npc.mbe/000_Sheet1.csv,r_d0906_0020_0030,был,"О, это был ветер","О, это был ветер? Я его почти не почувствовал!"
female,char_MINERVAMON,Минервамон,message/rumor_npc.mbe/000_Sheet1.csv,r_d0906_0050_0030,готов,Ты все еще готов идти,Ты все еще готов идти? Будь начеку!
female,char_HIROKO,Хироко Сагисака,message/s010_001.mbe/000_Sheet1.csv,s010_001_250,готов,Готов помочь мне раскрыть тайну пропавших футболок,Готов помочь мне раскрыть тайну пропавших футболок?
female,char_HIROKO,Хироко Сагисака,message/s010_002.mbe/000_Sheet1.csv,s010_002_100,видел,которого видел,"Говорит, сделал персонажа по образу монстра,
которого видел. Наводит на мысли, да?"
female,char_HIROKO,Хироко Сагисака,message/s010_002.mbe/000_Sheet1.csv,s010_002_100,сделал,"Говорит, сделал персонажа по образу монстра,","Говорит, сделал персонажа по образу монстра,
которого видел. Наводит на мысли, да?"
female,char_HIROKO,Хироко Сагисака,message/s010_002.mbe/000_Sheet1.csv,s010_002_110,сделал,"Похоже, всё, что он сделал,","Сильно сомневаюсь. Похоже, всё, что он сделал,
— это создал собственного персонажа."
female,char_HIROKO,Хироко Сагисака,message/s010_002.mbe/000_Sheet1.csv,s010_002_170,получил,"я прослежу, чтобы ты получил награду","Ладно-ладно. Если поможешь,
я прослежу, чтобы ты получил награду."
female,char_HIROKO,Хироко Сагисака,message/s010_002.mbe/000_Sheet1.csv,s010_002_320,должен,"значит, должен что-то понимать","Не знаю, кто это, но если он доктор,
значит, должен что-то понимать."
female,char_HIROKO,Хироко Сагисака,message/s010_002.mbe/000_Sheet1.csv,s010_002_472,был,"Персонаж, который исчез, был похож на динозавра,","Персонаж, который исчез, был похож на динозавра,
сделанного из игрушечных кубиков!"
female,char_HIROKO,Хироко Сагисака,message/s010_002.mbe/000_Sheet1.csv,s010_002_690,сказал,"Дигимон сказал, что ему одиноко","Дигимон сказал, что ему одиноко. Уверена,
это связано с чувствами того ребёнка."
female,char_HIROKO,Хироко Сагисака,message/s010_002.mbe/000_Sheet1.csv,s010_002_710,был,"Он просто был одинок и не знал, что делать","Сомневаюсь, что дигимон хотел буянить.
Он просто был одинок и не знал, что делать."
female,char_HIROKO,Хироко Сагисака,message/s010_002.mbe/000_Sheet1.csv,s010_002_710,хотел,"Сомневаюсь, что дигимон хотел буянить","Сомневаюсь, что дигимон хотел буянить.
Он просто был одинок и не знал, что делать."
female,char_TOUDO,Асуна Широки,message/s010_003.mbe/000_Sheet1.csv,s010_003_200,был,Это была не собака и не кошка,"Это была не собака и не кошка. Если бы это был обычный животный
шум, меня бы здесь не было."
female,char_HIROKO,Хироко Сагисака,message/s010_003.mbe/000_Sheet1.csv,s010_003_510,хотел,"ему было скучно, и он хотел поиграть","Да. Скорее... ему было скучно, и он хотел поиграть. Даже сейчас
это была просто драка."
female,char_HIROKO,Хироко Сагисака,message/s010_156.mbe/000_Sheet1.csv,s010_156_110,был,"Как бы то ни было, внутри конверта был ключ от ячейки с монетами","Как бы то ни было, внутри конверта был ключ от ячейки с монетами
на станции Синдзюку."
female,char_HIROKO,Хироко Сагисака,message/s010_156.mbe/000_Sheet1.csv,s010_156_180,был,"Как бы то ни было, внутри конверта был ключ от ячейки с монетами","Как бы то ни было, внутри конверта был ключ от ячейки с монетами
на станции Синдзюку."
female,char_HIROKO,Хироко Сагисака,message/s010_156.mbe/000_Sheet1.csv,s010_156_330,был,"Я знаю, что это был не сон","Давай! Перестань дразнить меня! Я знаю, что это был не сон..."
female,char_HIROKO,Хироко Сагисака,message/s010_156.mbe/000_Sheet1.csv,s010_156_340,был,Он был на месте той большой катастрофы,"Я нашла его! Он был на месте той большой катастрофы! По крайней
мере, я почти уверена..."
female,char_HIROKO,Хироко Сагисака,message/s010_156.mbe/000_Sheet1.csv,s010_156_530,был,"Да, возможно, это был побочный эффект объединения миров","Да, возможно, это был побочный эффект объединения миров
Дигимонов и людей..."
female,char_HIROKO,Хироко Сагисака,message/s010_156.mbe/000_Sheet1.csv,s010_156_620,сказал,Кто это сказал,Кто это сказал?!
female,char_HIROKO,Хироко Сагисака,message/s010_156.mbe/000_Sheet1.csv,s010_156_960,хотел,"Он хотел, чтобы","Как ты думаешь, почему он прислал нам эту часть? Он хотел, чтобы
мы отомстили ему?"
female,char_TOUDO,Асуна Широки,message/s010_180.mbe/000_Sheet1.csv,s010_180_310,думал,никогда даже не думал об этом,"Дигимон... и человек? Друзья? Я... никогда даже не думал об этом
раньше."
female,char_TOUDO,Асуна Широки,message/s010_180.mbe/000_Sheet1.csv,s010_180_450,сделал,"Ты это сделал, да","Ты это сделал, да? Ну ... это немного смущает."
female,char_VENUSMON,Венусмон,message/s020_013.mbe/000_Sheet1.csv,s020_013_360,должен,Он должен быть значительным,"Это драгоценный синий хрондигизойт, и подарок такой неожиданный.
Он должен быть значительным."
female,char_MINERVAMON,Минервамон,message/s070_056.mbe/000_Sheet1.csv,s070_056_040,должен,"Должен сказать, фильмы потрясающие, не так ли","Должен сказать, фильмы потрясающие, не так ли? Однако кое-что
меня все еще беспокоит!"
female,char_MINERVAMON,Минервамон,message/s070_056.mbe/000_Sheet1.csv,s070_056_320,нашел,Ты нашел для меня достойного Дигимона,"А, ты вернулся. Ну что? Ты нашел для меня достойного Дигимона?"
female,char_MINERVAMON,Минервамон,message/s070_057.mbe/000_Sheet1.csv,s070_057_040,должен,этот бой должен,"Я понимаю, почему вас это удивляет. Но ... этот бой должен
состояться."
female,char_MINERVAMON,Минервамон,message/s070_057.mbe/000_Sheet1.csv,s070_057_050,готов,Ты не готов,"Ты не готов? Ладно, тогда приходи, когда почувствуешь, что готов
к драке."
female,char_MINERVAMON,Минервамон,message/s070_057.mbe/000_Sheet1.csv,s070_057_090,готов,Готов,"Помоги мне доказать, что ничто не может сбить меня с пути
истинного. ...Готов? Приготовься к поражению!"
female,char_HIROKO,Хироко Сагисака,message/s110_103.mbe/000_Sheet1.csv,s110_103_120,был,Это был ты,"А? Это был ты? Да ладно. Я бы заметила, если бы это было
так."
female,char_HIROKO,Хироко Сагисака,message/s110_103.mbe/000_Sheet1.csv,s110_103_140,замаскирован,"Но мне интересно, почему Дигимон замаскирован под человека","Но мне интересно, почему Дигимон замаскирован под человека..."
female,char_HIROKO,Хироко Сагисака,message/s110_103.mbe/000_Sheet1.csv,s110_103_450,был,Ты был великолепен,"Я все видела! Ты был великолепен! У меня тоже есть отличные
кадры!"
female,char_VENUSMON,Венусмон,message/s110_108.mbe/000_Sheet1.csv,s110_108_420,был,"Итак, ты БЫЛ там","...Экзамен. Итак, ты БЫЛ там. Теперь я наконец-то могу тебя
видеть."
female,char_VENUSMON,Венусмон,message/s110_108.mbe/000_Sheet1.csv,s110_108_630,был,"Из-за того, что раньше ты был таким крошечным, теперь ты","Из-за того, что раньше ты был таким крошечным, теперь ты
кажешься огромным."
female,char_TOUDO,Асуна Широки,message/s200_146.mbe/000_Sheet1.csv,s200_146_060,сказал,Капитан Куреми тоже так сказал,"Капитан Куреми тоже так сказал. Вообще-то... не могли бы вы
выслушать мои жалобы?"
female,char_HIROKO,Хироко Сагисака,message/s200_147.mbe/000_Sheet1.csv,s200_147_600,должен,"должен быть босс, который приказывает искать и ловить этих","Да. должен быть босс, который приказывает искать и ловить этих
так называемых ""Укротителей""."
female,char_HIROKO,Хироко Сагисака,message/s200_149.mbe/000_Sheet1.csv,s200_149_040,уверен,"почти уверен, незаконно","Ну ... он просит меня что-то сделать. Например, что-то, что, я
почти уверен, незаконно."
female,char_HIROKO,Хироко Сагисака,message/s200_149.mbe/000_Sheet1.csv,s200_149_200,был,"Не хочу тебя расстраивать, но это был не комплимент","Не хочу тебя расстраивать, но это был не комплимент. Они
сказали, что тебе нужно пойти переодеться!"
female,char_HIROKO,Хироко Сагисака,message/s200_149.mbe/000_Sheet1.csv,s200_149_1060,видел,"Неизвестно, видел ли кто-нибудь, как мы садились в эту машину,","Неизвестно, видел ли кто-нибудь, как мы садились в эту машину,
так что нам лучше сматываться."
female,char_HIROKO,Хироко Сагисака,message/s910_169.mbe/000_Sheet1.csv,s910_169_240,сказал,"""Он сказал: ""Не прекращай читать из-за глупых слухов","""Однажды наш учитель Сабуро Миура услышал эту историю и
разозлился"". ""Он сказал: ""Не прекращай читать из-за глупых слухов!"""
female,char_HIROKO,Хироко Сагисака,message/s910_169.mbe/000_Sheet1.csv,s910_169_250,сказал,"""Он сказал, что докажет, что это были просто разговоры, и начал","""Он сказал, что докажет, что это были просто разговоры, и начал
читать книгу у нас на глазах""."
female,char_HIROKO,Хироко Сагисака,message/s910_169.mbe/000_Sheet1.csv,s910_169_320,смог,"""Меня отправили жить к бабушке, и я не смог по-настоящему","""Меня отправили жить к бабушке, и я не смог по-настоящему
завести друзей ..."""
female,char_HIROKO,Хироко Сагисака,message/s910_169.mbe/000_Sheet1.csv,s910_169_330,стал,"Он п-стал моим другом""","""П-Когда мне было семь, моя бабушка купила мне футбольный мяч.
Он п-стал моим другом""."
female,char_HIROKO,Хироко Сагисака,message/s910_169.mbe/000_Sheet1.csv,s910_169_360,сказал,"учитель попытался поговорить с ним, вот что он сказал:""","""Мистер Миура внимательно читал красную книгу"". ""Когда другой
учитель попытался поговорить с ним, вот что он сказал:"""
female,char_HIROKO,Хироко Сагисака,message/s910_169.mbe/000_Sheet1.csv,s910_169_370,должен,Я п-должен прочитать эту книгу,"""Класс не имеет значения. Я п-должен прочитать эту книгу. Я
должен!"""
female,char_HIROKO,Хироко Сагисака,message/s910_169.mbe/000_Sheet1.csv,s910_169_400,получил,Я получил сертификат,"""Затем я сосредоточился на учебе. Я получил сертификат
преподавателя ..."" """"... и я, нет, Сабуро, стал учителем ""."
female,char_HIROKO,Хироко Сагисака,message/s910_169.mbe/000_Sheet1.csv,s910_169_400,стал,"и я, нет, Сабуро, стал учителем ""","""Затем я сосредоточился на учебе. Я получил сертификат
преподавателя ..."" """"... и я, нет, Сабуро, стал учителем ""."
female,char_HIROKO,Хироко Сагисака,message/s910_169.mbe/000_Sheet1.csv,s910_169_590,нашел,"потом начал читать красную книгу, которую нашел на","""... потом начал читать красную книгу, которую нашел на
скамейке..."""
male,char_OPERATOR_M,Оператор,message/s910_169.mbe/000_Sheet1.csv,s910_169_640,готова,"следует разобраться, когда будешь готова","Я предполагаю, что Хироко вошла в нечто Среднее здесь. Тебе
следует разобраться, когда будешь готова."
female,char_HIROKO,Хироко Сагисака,message/s910_169.mbe/000_Sheet1.csv,s910_169_930,понял,Ты не понял,"Что? Ты не понял? Ты попал сюда чисто случайно? Думаю, мне
повезло..."
female,char_HIROKO,Хироко Сагисака,message/s910_170.mbe/000_Sheet1.csv,s910_170_090,был,На самом деле он был,"Он показал мне свой школьный справочник. На самом деле он был
издан восемь лет назад."
female,char_HIROKO,Хироко Сагисака,message/s910_170.mbe/000_Sheet1.csv,s910_170_150,готов,готов,"Что ж, тогда можешь отдохнуть. Просто позови меня, когда будешь
готов."
female,char_HIROKO,Хироко Сагисака,message/s910_170.mbe/000_Sheet1.csv,s910_170_670,был,таким и должен был быть график,"Я понимаю. Ты видишь, как твое будущее ""я"" преуспевает, именно
таким и должен был быть график."
female,char_HIROKO,Хироко Сагисака,message/s910_170.mbe/000_Sheet1.csv,s910_170_670,должен,таким и должен был быть график,"Я понимаю. Ты видишь, как твое будущее ""я"" преуспевает, именно
таким и должен был быть график."
female,char_HIROKO,Хироко Сагисака,message/s910_170.mbe/000_Sheet1.csv,s910_170_1030,должен,"должен признать, что согласен с Ханае","Меня беспокоит потенциальный временной парадокс здесь, но я
должен признать, что согласен с Ханае."
female,char_HIROKO,Хироко Сагисака,message/s910_170.mbe/000_Sheet1.csv,s910_170_1030,согласен,"должен признать, что согласен с Ханае","Меня беспокоит потенциальный временной парадокс здесь, но я
должен признать, что согласен с Ханае."
female,char_HIROKO,Хироко Сагисака,message/s910_170.mbe/000_Sheet1.csv,s910_170_1240,был,должен был быть таким же,"Это потому, что ты перенесся на восемь лет в будущее. Норио
должен был быть таким же..."
female,char_HIROKO,Хироко Сагисака,message/s910_170.mbe/000_Sheet1.csv,s910_170_1240,должен,должен был быть таким же,"Это потому, что ты перенесся на восемь лет в будущее. Норио
должен был быть таким же..."
female,char_HIROKO,Хироко Сагисака,message/s910_170.mbe/000_Sheet1.csv,s910_170_1670,смог,"Да, это совсем не похоже на Норио, который даже не смог","Да, это совсем не похоже на Норио, который даже не смог
заплатить на своей собственной встрече выпускников..."
female,char_HIROKO,Хироко Сагисака,message/s910_170.mbe/000_Sheet1.csv,s910_170_1720,стал,действительно стал серьезным,"Я думаю, что младший Норио беспокоился о своем будущем и
действительно стал серьезным."
female,char_HIROKO,Хироко Сагисака,message/s910_170.mbe/000_Sheet1.csv,s910_170_1730,был,"Или, может быть, таков был план Норио с самого начала","Или, может быть, таков был план Норио с самого начала..."
female,char_HIROKO,Хироко Сагисака,message/s910_170.mbe/000_Sheet1.csv,s910_170_1760,хотел,"чтобы получить то, что хотел","Другими словами, я думаю, что он, возможно, использовал нас,
чтобы получить то, что хотел."
female,char_HIROKO,Хироко Сагисака,message/s910_170.mbe/000_Sheet1.csv,s910_170_1770,был,"Я бы хотела, чтобы это был сон","Я бы хотела, чтобы это был сон. Всё так запутанно, что я не
знаю, что и думать."
female,char_HIROKO,Хироко Сагисака,message/s910_170.mbe/000_Sheet1.csv,s910_170_1780,стал,"стал, он в конечном итоге добьется успеха","Возможно, он знал, что, показав свое прошлое ""я"" тем, кем он
стал, он в конечном итоге добьется успеха."
female,char_HIROKO,Хироко Сагисака,message/s910_171.mbe/000_Sheet1.csv,s910_171_200,прав,он буквально прав,"Как видишь, он немного эксцентричен, но насчёт своего гения
он буквально прав."
female,char_TOUDO,Асуна Широки,message/s910_171.mbe/000_Sheet1.csv,s910_171_610,был,Доктор Симмонс был здесь совсем недавно,Доктор Симмонс был здесь совсем недавно.
female,char_HIROKO,Хироко Сагисака,message/s910_171.mbe/000_Sheet1.csv,s910_171_1320,должен,Через восемь лет он должен превратиться в обезьяну,"Через восемь лет он должен превратиться в обезьяну... Что с ним
будет?"
female,char_INORI,Инори Мисоно,message/t02.mbe/000_Sheet1.csv,f_t0201_0200_0010,видел,"Давайте спросим вокруг, не видел ли её кто","На доктор Симмонс же лабораторный халат, да? Думаю, это будет
выделяться. Давайте спросим вокруг, не видел ли её кто."
female,char_MINERVAMON,Минервамон,message/t03.mbe/000_Sheet1.csv,f_t0302_0110_0120,уверен,Ты уверен,"Ты уверен? Бьюсь об заклад, я могла бы выжать из него ещё
немного информации... Его башка выглядит такой сжимаемой..."
male,char_OPERATOR_M,Оператор,message/t03.mbe/000_Sheet1.csv,f_t0302_0130_0010,должна,"чего-то достигла, должна быть какая-то публичная информация о ней","Учёная, работающая на общественную безопасность, да? Если она
чего-то достигла, должна быть какая-то публичная информация о ней."
female,char_INORI,Инори Мисоно,message/t03.mbe/000_Sheet1.csv,f_t0303_0090_0010,нашёл,"Кажется, Эгиомон нашёл что-то интересное там","Кажется, Эгиомон нашёл что-то интересное там..."
male,char_GLASSES_WEARING_MAN,Мужчина в очках,message/t03.mbe/000_Sheet1.csv,f_t0303_0130_0100,была,"Если бы у меня была сила, которую вы только что продемонстрировали,","Если бы у меня была сила, которую вы только что продемонстрировали,
на моей стороне...! Пожалуйста! Не пойдёте ли вы со мной?!"
male,char_OPERATOR_M,Оператор,message/t03.mbe/000_Sheet1.csv,f_t0304_0020_0040,права,"Если исследовательская группа права, и их враждебная природа подобна","Если исследовательская группа права, и их враждебная природа подобна
антителам в гиперактивной иммунной системе, это имело бы смысл, не так ли?"
male,char_OPERATOR_M,Оператор,message/t03.mbe/000_Sheet1.csv,f_t0304_0030_0040,права,"Если исследовательская группа права, и их враждебная природа подобна","Если исследовательская группа права, и их враждебная природа подобна
антителам в гиперактивной иммунной системе, это имело бы смысл, не так ли?"
female,char_INORI,Инори Мисоно,message/t04.mbe/000_Sheet1.csv,f_t0403_0120_0010,сказал,"сказал, что хочет побыть один, и ушёл на крышу","Эгиомон... сказал, что хочет побыть один, и ушёл на крышу."
female,char_INORI,Инори Мисоно,message/t04.mbe/000_Sheet1.csv,f_t0403_0190_0010,был,"Сегодня был напряжённый день, так что давай ляжем спать","Сегодня был напряжённый день, так что давай ляжем спать. Утром
нам будет о чём поговорить!"
