priority,category,package,file,line,row_id,speaker,shared_mf_alias,marker,recommended_action,source_en,current_ru,tags
4,machine_phrase,patch_text01,message/field_text.mbe/000_Sheet1.csv,768,g_shop096_0030_0010,char_BARTENDER,,"Это то, что",буквальный английский каркас фразы,,"Это то, что тебе нужно?",
4,machine_phrase,patch_text01,message/field_text.mbe/000_Sheet1.csv,772,g_shop099_0030_0010,char_BARTENDER,,"Это то, что",буквальный английский каркас фразы,,"Это то, что тебе нужно?",
4,possible_player_address_gender,addcont_01_text01,message/d110.mbe/000_Sheet1.csv,8,d110_020_010,char_BLITZGREYMON,,сделал,"проверить, относится ли форма к игроку",,Что ты сделал с нашими друзьями?!,d110_020_010
4,possible_player_address_gender,addcont_01_text01,message/d110.mbe/000_Sheet1.csv,66,d110_080_010,char_MIRAGEGAOGAMON,,сделала,"проверить, относится ли форма к игроку",,Что ты сделала с моим хозяином?!,
4,possible_player_address_gender,addcont_01_text01,message/d120.mbe/000_Sheet1.csv,57,d120_060_030,char_SUMERAGI,,сказал,"проверить, относится ли форма к игроку",,"«Ч-что ты сказал?
Капитан тяжело ранен?!»",d120_060_030
4,possible_player_address_gender,addcont_01_text01,message/d130.mbe/000_Sheet1.csv,42,d130_060_020,char_KUREMI,,сделала,"проверить, относится ли форма к игроку",,"«У меня есть оружие, которое ты сделала.
С ним у меня хотя бы будет шанс».",d130_060_020
4,possible_player_address_gender,addcont_01_text01,message/d140.mbe/000_Sheet1.csv,4,d140_010_030,char_KUREMIKYOKO,,сам,"проверить, относится ли форма к игроку",,"Насколько я помню, ты сам всегда игнорировал
всё, что говорили мы с мамой.",d140_010_030
4,possible_player_address_gender,addcont_01_text01,message/d140.mbe/000_Sheet1.csv,9,d140_010_080,char_BLITZGREYMON,,права,"проверить, относится ли форма к игроку",,"Да, похоже, ты права...
Этот человек пытается помочь нашим друзьям.",d140_010_080
4,possible_player_address_gender,addcont_01_text01,message/d140.mbe/000_Sheet1.csv,29,d140_025_090,char_BLITZGREYMON,,был,"проверить, относится ли форма к игроку",,Ты был готов рисковать собой ради нас...,d140_025_090
4,possible_player_address_gender,addcont_01_text01,message/d140.mbe/000_Sheet1.csv,32,d140_025_120,char_KUREMI,,пришёл,"проверить, относится ли форма к игроку",,"Ты пришёл сюда вместе с моей дочерью...
Для меня этого достаточно.",d140_025_120
4,possible_player_address_gender,addcont_01_text01,message/d140.mbe/000_Sheet1.csv,61,d140_040_100,char_OMEGAMON_ALTER-S,,уверена,"проверить, относится ли форма к игроку",,"Ты уверена?
Я думал, ты ненавидишь Дигимонов...",d140_040_100
4,possible_player_address_gender,addcont_01_text01,message/dlcep001_field.mbe/000_Sheet1.csv,10,dlcep001_0030_0012,char_KUREMIKYOKO,,готов,"проверить, относится ли форма к игроку",,"Я должна высказать ему всё, что думаю!
Пойдём через дверь. Ты готов?",
4,possible_player_address_gender,addcont_01_text01,message/dlcep001_field.mbe/000_Sheet1.csv,11,dlcep001_0030_0013,char_KUREMIKYOKO,,готов,"проверить, относится ли форма к игроку",,Пойдём через дверь. Ты готов?,
4,possible_player_address_gender,addcont_01_text01,message/dlcep001_field.mbe/000_Sheet1.csv,28,dlcep001_0120_0010,char_AEGIOMON,,готов,"проверить, относится ли форма к игроку",,"Впереди тяжёлая битва.
Ты готов?",
4,possible_player_address_gender,addcont_02_text01,message/d210.mbe/000_Sheet1.csv,34,d210_040_070,char_HIROKO,,был,"проверить, относится ли форма к игроку",,"Где ты был?!
Я уже думала, что ты погиб!",d210_040_070
4,possible_player_address_gender,addcont_02_text01,message/d220.mbe/000_Sheet1.csv,21,d220_030_150,char_BANCHOLEOMON,,вернулась,"проверить, относится ли форма к игроку",,"Ты не вернулась, поэтому я начал волноваться.",d220_030_150
4,possible_player_address_gender,addcont_03_text01,message/d310.mbe/000_Sheet1.csv,20,d310_030_080,char_OMEGAMON-X,,ранен,"проверить, относится ли форма к игроку",,"Похоже, тебя втянуло в нашу битву,
и последствия вышли катастрофическими. Надеюсь, ты не ранен.",
4,possible_player_address_gender,addcont_03_text01,message/d310.mbe/000_Sheet1.csv,111,d310_100_010,char_OMEGAMON-X,,ранен,"проверить, относится ли форма к игроку",,"С тобой все в порядке?
Я очень надеюсь, что ты не ранен.",
4,possible_player_address_gender,addcont_03_text01,message/d320.mbe/000_Sheet1.csv,51,d320_030_010,char_JESMON_X,,согласен,"проверить, относится ли форма к игроку",,"Что-то в этом месте кажется... знакомым.
Ты не согласен, Омегамон?",
4,possible_player_address_gender,addcont_03_text01,message/d320.mbe/000_Sheet1.csv,146,d320_070_060,char_TOUDO,,сказал,"проверить, относится ли форма к игроку",,"«Помнишь, что ты сказал мне, когда я только поступил
в общественную безопасность?»",
4,possible_player_address_gender,addcont_03_text01,message/d320.mbe/000_Sheet1.csv,151,d320_070_110,char_TOUDO,,сказал,"проверить, относится ли форма к игроку",,"«Ты сказал, что для службы в общественной безопасности
нужны именно такие люди, как я».",
4,possible_player_address_gender,patch_text01,message/arena01.mbe/000_Sheet1.csv,88,arena01_f001_010_047,char_SOCERIMON,,сказал,"проверить, относится ли форма к игроку",,"Нет, даже близко! С дурацким выражением лица ты сказал:
«Когда наши могучие силы объединятся...»",
4,possible_player_address_gender,patch_text01,message/arena01.mbe/000_Sheet1.csv,239,arena01_m320_020_041,char_TONOSAMAGEKOMON,,был,"проверить, относится ли форма к игроку",,"Хм, глурп? Главарь, когда ты успел обзавестись семьей, глурп?
Ты был холост, сколько я тебя знаю, глурп...",
4,possible_player_address_gender,patch_text01,message/d01.mbe/000_Sheet1.csv,35,f_d0101_0100_0020,char_SOCERIMON,,уверен,"проверить, относится ли форма к игроку",,Ты уверен в этом?! Что ты только что сделал?!,
4,possible_player_address_gender,patch_text01,message/d01.mbe/000_Sheet1.csv,209,f_d0108_0040_0040,char_VIKEMON,,сделал,"проверить, относится ли форма к игроку",,"Ты сделал более чем достаточно... И мы больше не собираемся
этого терпеть!",
4,possible_player_address_gender,patch_text01,message/d02.mbe/000_Sheet1.csv,24,f_d0201_0050_0090,char_TYUMON,,должен,"проверить, относится ли форма к игроку",,"Меркуримон - главный босс этого города! Ты должен найти его в
таверне в том переулке!",f_d0201_0050_0090
4,possible_player_address_gender,patch_text01,message/d02.mbe/000_Sheet1.csv,62,f_d0201_0260_0010,char_LUNAMON,,смог,"проверить, относится ли форма к игроку",,"Ты смог починить Локомона! Это значит, что мы наконец-то можем
отправиться в храм Юномон.",
4,possible_player_address_gender,patch_text01,message/d02.mbe/000_Sheet1.csv,180,f_d0201_0670_0020,char_PUMPMON,,был,"проверить, относится ли форма к игроку",,"... Подожди. Напомни, кем ты был?...Но неважно. Ничего
особенного.",
4,possible_player_address_gender,patch_text01,message/d02.mbe/000_Sheet1.csv,293,f_d0202_0040_0030,char_LUNAMON,,знал,"проверить, относится ли форма к игроку",,"Скажи, ты знал, что Меркуримон давным-давно был странником?",
4,possible_player_address_gender,patch_text01,message/d02.mbe/000_Sheet1.csv,457,f_d0202_0630_0010,char_PRINCEMAMEMON,,один,"проверить, относится ли форма к игроку",,"Ну, приветик! О да, я тебя помню... Ты один из моих
поклонников, да?!",
4,possible_player_address_gender,patch_text01,message/d02.mbe/000_Sheet1.csv,483,f_d0202_0750_0010,char_WEREGARURUMON,,был,"проверить, относится ли форма к игроку",,"Ого, где ты был? Давай! Ты звезда шоу, которая помогла вернуть
город!",
4,possible_player_address_gender,patch_text01,message/d02.mbe/000_Sheet1.csv,737,f_d0204_9010_0010,char_STARMON,,готов,"проверить, относится ли форма к игроку",,... Ты следующий? Очень хорошо! Ты готов?!,
4,possible_player_address_gender,patch_text01,message/d02.mbe/000_Sheet1.csv,810,f_d0209_0050_0020,char_INORI,,ранен,"проверить, относится ли форма к игроку",,Ты ранен? Титаны сделали это с тобой?,
4,possible_player_address_gender,patch_text01,message/d03.mbe/000_Sheet1.csv,31,f_d0301_0060_0020,char_DAGOMON,,был,"проверить, относится ли форма к игроку",,"Где ты был, брат мой...? Я искал тебя повсюду!",
4,possible_player_address_gender,patch_text01,message/d03.mbe/000_Sheet1.csv,35,f_d0301_0060_0060,char_DAGOMON,,уверен,"проверить, относится ли форма к игроку",,"Хмм? Ты уверен...? Я видел, как кто-то ходил вокруг...",
4,possible_player_address_gender,patch_text01,message/d03.mbe/000_Sheet1.csv,72,f_d0301_0180_0050,char_KAMEMON,,сказал,"проверить, относится ли форма к игроку",,"Подожди. Что это ты сказал? Срочное дело от Венусмона? У
Меркуримона чрезвычайная ситуация?!",
4,possible_player_address_gender,patch_text01,message/d03.mbe/000_Sheet1.csv,150,f_d0302_0130_0021,char_PLAYER_M,,ранен,"проверить, относится ли форма к игроку",,"{next}Ты ведь не ранен, правда?",
4,possible_player_address_gender,patch_text01,message/d03.mbe/000_Sheet1.csv,168,f_d0302_0160_0040,char_KAMEMON,,должен,"проверить, относится ли форма к игроку",,"По сути, ты ДОЛЖЕН спасти меня в этот момент, тебе не кажется?!",f_d0302_0160_0040
4,possible_player_address_gender,patch_text01,message/d03.mbe/000_Sheet1.csv,337,f_d0304_0040_0060,char_SABMARIMON,,вернулся,"проверить, относится ли форма к игроку",,"О, ты вернулся! Эй, что думаешь? Впечатляет, да?",f_d0304_0040_0060
4,possible_player_address_gender,patch_text01,message/d03.mbe/000_Sheet1.csv,338,f_d0304_0040_0065,char_SABMARIMON,,вернулся,"проверить, относится ли форма к игроку",,"О, ты вернулся, да?",f_d0304_0040_0065
4,possible_player_address_gender,patch_text01,message/d03.mbe/000_Sheet1.csv,360,f_d0305_0050_0010,char_VIKEMON,,пришел,"проверить, относится ли форма к игроку",,"Что это? Ты пришел сюда, зная, что это наша база?",
4,possible_player_address_gender,patch_text01,message/d04.mbe/000_Sheet1.csv,19,f_d0401_0050_0010,char_PALMON,,сделал,"проверить, относится ли форма к игроку",,Ты сделал это! Теперь мы можем перейти!,
4,possible_player_address_gender,patch_text01,message/d04.mbe/000_Sheet1.csv,72,f_d0402_0130_0020,char_LOTOSMON,,пришёл,"проверить, относится ли форма к игроку",,Ты пришёл на фестиваль?,f_d0402_0130_0020
4,possible_player_address_gender,patch_text01,message/d04.mbe/000_Sheet1.csv,134,f_d0404_0040_0030,char_HAWKMON,,должен,"проверить, относится ли форма к игроку",,Ты должен присоединиться к нам — своим подчинённым!,
4,possible_player_address_gender,patch_text01,message/d04.mbe/000_Sheet1.csv,175,f_d0404_0130_0010,char_V-MON,,был,"проверить, относится ли форма к игроку",,"Ты! Ты был в Центральном городе!.. Эй, тебе не кажется, что вон
тот дигимон такой клёвый?",
4,possible_player_address_gender,patch_text01,message/d04.mbe/000_Sheet1.csv,191,f_d0404_0160_0040,char_SHURIMON,,сказала,"проверить, относится ли форма к игроку",,Что ты сказала?! Если ты не сожалеешь...,
4,possible_player_address_gender,patch_text01,message/d04.mbe/000_Sheet1.csv,231,f_d0404_0290_0020,char_MERAMON,,прав,"проверить, относится ли форма к игроку",,"Ты прав! Это место такое расслабляющее, и выпивка хорошая.",
4,possible_player_address_gender,patch_text01,message/d04.mbe/000_Sheet1.csv,264,f_d0404_0450_0040,char_GARUDAMON,,должен,"проверить, относится ли форма к игроку",,"...Я не могу вернуться. Ты должен следовать пути, который тебе
предназначен.",
4,possible_player_address_gender,patch_text01,message/d04.mbe/000_Sheet1.csv,297,f_d0404_9010_0050,char_FLORAMON,,был,"проверить, относится ли форма к игроку",,"Фух, мне всё-таки удалось победить. Ты был непростым
соперником!",
4,possible_player_address_gender,patch_text01,message/d04.mbe/000_Sheet1.csv,319,f_d0407_0010_0010,,,нашёл,"проверить, относится ли форма к игроку",,Ты нашёл меня...,
4,possible_player_address_gender,patch_text01,message/d04.mbe/000_Sheet1.csv,320,f_d0407_0010_0020,,,нашёл,"проверить, относится ли форма к игроку",,Чёрт. Ты нашёл меня...,
4,possible_player_address_gender,patch_text01,message/d05.mbe/000_Sheet1.csv,507,f_d0506_0190_0020,char_DARKSUPERSTARMON,,был,"проверить, относится ли форма к игроку",,"Эй, где ты был?! Чемпион Колизея здесь!",
4,possible_player_address_gender,patch_text01,message/d06.mbe/000_Sheet1.csv,152,f_d0604_0180_0020,char_TUNOMON_TITAMON,,сказал,"проверить, относится ли форма к игроку",,"Ты сказал, что ключ у Клависанджемона, верно?",f_d0604_0180_0020
4,possible_player_address_gender,patch_text01,message/d06.mbe/000_Sheet1.csv,168,f_d0604_0230_0010,char_APOLLOMON,,вернулся,"проверить, относится ли форма к игроку",,"А, ты вернулся! Другие камеры открылись, но эта по какой-то
причине оставалась закрытой...",f_d0604_0230_0010
4,possible_player_address_gender,patch_text01,message/d06.mbe/000_Sheet1.csv,237,f_d0604_0350_0010,char_ORGEMON,,видел,"проверить, относится ли форма к игроку",,"Гех-гех-гех... Ты это видел? Я задал этим ангельским дигимонам
хорошую трепку!",
4,possible_player_address_gender,patch_text01,message/d07.mbe/000_Sheet1.csv,48,f_d0701_0010_0400,char_GEKOMON,,был,"проверить, относится ли форма к игроку",,"Если бы ты был рядом, я бы, пожалуй, решился, глурп!
Ладно, я сам отведу тебя к нему!",f_d0701_0010_0400
4,possible_player_address_gender,patch_text01,message/d09.mbe/000_Sheet1.csv,39,f_d0901_0010_0010,char_PLUTOMON,,пришел,"проверить, относится ли форма к игроку",,Ты пришел...,f_d0901_0010_0010
4,possible_player_address_gender,patch_text01,message/d09.mbe/000_Sheet1.csv,53,f_d0901_0020_0018,char_GEKOMON,,готов,"проверить, относится ли форма к игроку",,"Ты готов, глурп?",f_d0901_0020_0018
4,possible_player_address_gender,patch_text01,message/d09.mbe/000_Sheet1.csv,81,f_d0901_0100_0020,char_HYOUGAMON,,видел,"проверить, относится ли форма к игроку",,"Эй, ты это видел?! Они ничуть не круче старого доброго Лорда
Плутомона!",
4,possible_player_address_gender,patch_text01,message/d09.mbe/000_Sheet1.csv,90,f_d0901_0120_0038,char_GEKOMON,,решил,"проверить, относится ли форма к игроку",,"Так что же ты решил сделать? Тебе ДЕЙСТВИТЕЛЬНО нужно идти туда,
глурп?",f_d0901_0120_0038
4,possible_player_address_gender,patch_text01,message/d09.mbe/000_Sheet1.csv,222,f_d0903_0035_0100,char_INORI,,уверен,"проверить, относится ли форма к игроку",,"Ты уверен? Эти дигимоны, вероятно, нападут, если ты подойдешь
слишком близко...",
4,possible_player_address_gender,patch_text01,message/d09.mbe/000_Sheet1.csv,398,f_d0904_0240_0020,char_WARUSEADRAMON,,сделал,"проверить, относится ли форма к игроку",,"Ты сделал это! Мы будем сражаться бок о бок с тобой. Время для
контратаки!",
4,possible_player_address_gender,patch_text01,message/d09.mbe/000_Sheet1.csv,426,f_d0904_0280_0080,char_VENUSMON,,ранен,"проверить, относится ли форма к игроку",,"Хорошо. Хотя, что ты будешь делать? Ты ранен!",
4,possible_player_address_gender,patch_text01,message/d09.mbe/000_Sheet1.csv,532,f_d0905_0010_0070,char_VULCANUSMON,,должен,"проверить, относится ли форма к игроку",,"О, вот ты где! Ты должен это послушать!",f_d0905_0010_0070
4,possible_player_address_gender,patch_text01,message/d09.mbe/000_Sheet1.csv,578,f_d0905_0080_0080,char_VULCANUSMON,,сказал,"проверить, относится ли форма к игроку",,"Ты что-то сказал? Может быть, слова энтузиазма и решимости?
Держу пари, ты сказал, что приложишь все усилия!",
4,possible_player_address_gender,patch_text01,message/d09.mbe/000_Sheet1.csv,589,f_d0905_0090_0040,char_JUNOMON,,должен,"проверить, относится ли форма к игроку",,Тогда сейчас. Ты должен пройти через ворота.,
4,possible_player_address_gender,patch_text01,message/d09.mbe/000_Sheet1.csv,673,f_d0906_0060_0100,char_AEGIOMON,,сделал,"проверить, относится ли форма к игроку",,Ты сделал это! Дыра исчезла!,f_d0906_0060_0100
4,possible_player_address_gender,patch_text01,message/d09.mbe/000_Sheet1.csv,751,f_d0907_0110_0030,char_AEGIOMON,,готов,"проверить, относится ли форма к игроку",,"...но я уверен, что мне не избежать этой участи. Отсюда нет
пути назад... Ты готов?",
4,possible_player_address_gender,patch_text01,message/d09.mbe/000_Sheet1.csv,755,f_d0907_0110_0060,char_AEGIOMON,,был,"проверить, относится ли форма к игроку",,"Я даже пытался уничтожить яйцо до своего рождения...
Но помнишь? Ты был единственным, кто меня остановил.",
4,possible_player_address_gender,patch_text01,message/d12.mbe/000_Sheet1.csv,48,f_d1204_0190_0010,char_KNIGHTMON,,был,"проверить, относится ли форма к игроку",,Это ты! Тот человек из прошлого! Ты был в безопасности?,
4,possible_player_address_gender,patch_text01,message/d12.mbe/000_Sheet1.csv,137,f_d1204_0620_0050,char_TYUMON,,должен,"проверить, относится ли форма к игроку",,Ах! Но не забегай вперед! Ты должен работать!,
4,possible_player_address_gender,patch_text01,message/d13.mbe/000_Sheet1.csv,102,f_d1301_0320_0010,char_TOUDO,,сделал,"проверить, относится ли форма к игроку",,Ты сделал это! Это идентификационный номер руководителя!,
4,possible_player_address_gender,patch_text01,message/digimon_chat.mbe/000_Sheet1.csv,1942,rapi_001_3_replay,char_PLAYER_M,,уверен,"проверить, относится ли форма к игроку",,"Ты уверен, что это не «Кролик»?",
4,possible_player_address_gender,patch_text01,message/field_text.mbe/000_Sheet1.csv,894,g_shop165_0030_0010,char_YUKIDARUMON,,уверен,"проверить, относится ли форма к игроку",,"Ты уверен, что ничего не забыл?",
4,possible_player_address_gender,patch_text01,message/field_text.mbe/000_Sheet1.csv,905,g_shop310_0010_0020,char_VADEMON,,вернулся,"проверить, относится ли форма к игроку",,"Я номер 160 из 160 братьев Вейдемон, детище в семье! Приятно, что
ты вернулся!",
4,possible_player_address_gender,patch_text01,message/field_text.mbe/000_Sheet1.csv,906,g_shop310_0010_0030,char_VADEMON,,был,"проверить, относится ли форма к игроку",,"Я номер 160 из 160 братьев Вейдемон. Я слышал, ты был звездой в
заведении моего брата! И здесь удачи.",
4,possible_player_address_gender,patch_text01,message/field_text.mbe/000_Sheet1.csv,913,g_shop311_0010_0020,char_VADEMON,,вернулся,"проверить, относится ли форма к игроку",,"Я номер 108 из 160 братьев Вейдемон. Приятно, что ты вернулся!",
4,possible_player_address_gender,patch_text01,message/field_text.mbe/000_Sheet1.csv,914,g_shop311_0010_0030,char_VADEMON,,был,"проверить, относится ли форма к игроку",,"Я номер 108 из 160 братьев Вейдемон. Я слышал, ты был звездой в
заведении моего брата! И здесь удачи.",
4,possible_player_address_gender,patch_text01,message/field_text.mbe/000_Sheet1.csv,921,g_shop312_0010_0020,char_VADEMON,,вернулся,"проверить, относится ли форма к игроку",,"Я 77-й номер из 160 братьев Вадемон. Приятно, что ты вернулся!",
4,possible_player_address_gender,patch_text01,message/field_text.mbe/000_Sheet1.csv,922,g_shop312_0010_0030,char_VADEMON,,был,"проверить, относится ли форма к игроку",,"Я 77-й номер из 160 братьев Вейдемон. Я слышал, ты был звездой в
заведении моего брата! И здесь удачи.",
4,possible_player_address_gender,patch_text01,message/field_text.mbe/000_Sheet1.csv,929,g_shop313_0010_0020,char_VADEMON,,вернулся,"проверить, относится ли форма к игроку",,"Я номер 2 из 160 братьев Вейдемон. Приятно, что ты вернулся!",
4,possible_player_address_gender,patch_text01,message/field_text.mbe/000_Sheet1.csv,930,g_shop313_0010_0030,char_VADEMON,,был,"проверить, относится ли форма к игроку",,"Я номер 2 из 160 братьев Вейдемон. Я слышал, ты был звездой в
заведении моего брата! И здесь удачи.",
4,possible_player_address_gender,patch_text01,message/h03.mbe/000_Sheet1.csv,20,f_h0310_0020_0060,char_VADEMON,,был,"проверить, относится ли форма к игроку",,"Я слышал, ты был звездой в заведении моего брата! Вступительный
взнос составляет 5000 иен! Удачи!",
4,possible_player_address_gender,patch_text01,message/m040.mbe/000_Sheet1.csv,65,m040_060_010,char_PROTECTED_GIRL,,ранен,"проверить, относится ли форма к игроку",,Ты в порядке? Ты ранен?,m040_060_010
4,possible_player_address_gender,patch_text01,message/m060.mbe/000_Sheet1.csv,141,m060_150_010,char_INORI,,сказал,"проверить, относится ли форма к игроку",,Ты сказал... тебя зовут Эгиомон?,m060_150_010
4,possible_player_address_gender,patch_text01,message/m060.mbe/000_Sheet1.csv,145,m060_150_060,char_AEGIOMON,,ранена,"проверить, относится ли форма к игроку",,Ты не ранена...?,m060_150_060
4,possible_player_address_gender,patch_text01,message/m080.mbe/000_Sheet1.csv,96,m080_110_190,char_INORI,,был,"проверить, относится ли форма к игроку",,"По-моему, сегодня ты был настоящим героем. Без всяких сомнений!",m080_110_190
4,possible_player_address_gender,patch_text01,message/m090.mbe/000_Sheet1.csv,79,m090_080_061,char_PLAYER_M,,пришла,"проверить, относится ли форма к игроку",,Откуда ты пришла?,
4,possible_player_address_gender,patch_text01,message/m110.mbe/000_Sheet1.csv,45,m110_030_100,char_INORI,,права,"проверить, относится ли форма к игроку",,"Да... Полагаю, ты права. Прости, Хироко.",m110_030_100
4,possible_player_address_gender,patch_text01,message/m120.mbe/000_Sheet1.csv,10,m120_010_081,char_PLAYER_M,,ранена,"проверить, относится ли форма к игроку",,Ты не ранена?,
4,possible_player_address_gender,patch_text01,message/m130.mbe/000_Sheet1.csv,65,m130_070_014,char_AEGIOMON,,сказала,"проверить, относится ли форма к игроку",,"Той ночью, под звёздным небом... ты ведь сказала «всегда»?
Что всегда будешь рядом со мной...?",m130_070_014
4,possible_player_address_gender,patch_text01,message/m130.mbe/000_Sheet1.csv,72,m130_090_020,char_CORONAMON,,видела,"проверить, относится ли форма к игроку",,"Ты видела меня? Видела, на что я способен? Ха-ха-ха!",m130_090_020
4,possible_player_address_gender,patch_text01,message/m140.mbe/000_Sheet1.csv,6,m140_010_050,char_MINERVAMON,,знал,"проверить, относится ли форма к игроку",,"Эти люди помогли нам пока сдержать их нападение. Ты знал,
что Титаны уже в городе?",m140_010_050
4,possible_player_address_gender,patch_text01,message/m140.mbe/000_Sheet1.csv,42,m140_010_390,char_MINERVAMON,,согласен,"проверить, относится ли форма к игроку",,"Именно так. Ты согласен, Меркуримон?",m140_010_390
4,possible_player_address_gender,patch_text01,message/m160.mbe/000_Sheet1.csv,23,m160_040_060,char_MINERVAMON,,сказал,"проверить, относится ли форма к игроку",,"А ты сказал, что яйцо было первым, что ты увидел...
Да и я сама видела твою невероятную силу.",m160_040_060
4,possible_player_address_gender,patch_text01,message/m160.mbe/000_Sheet1.csv,44,m160_060_030,char_JUNOMON,,был,"проверить, относится ли форма к игроку",,"Мы должны защитить мир от них, о Великий Страж. Для этой
и только этой цели ты был рождён.",m160_060_030
4,possible_player_address_gender,patch_text01,message/m170.mbe/000_Sheet1.csv,84,m170_065_100,char_SHELLMON,,сказала,"проверить, относится ли форма к игроку",,"Но ведь всё именно так, как ты сказала, правда?
Чтобы позаботиться о том, кому больно, причина не нужна.",m170_065_100
4,possible_player_address_gender,patch_text01,message/m170.mbe/000_Sheet1.csv,102,m170_065_280,char_OCTMON,,должна,"проверить, относится ли форма к игроку",,Это срочно! Ты должна открыть дверь!,m170_065_280
4,possible_player_address_gender,patch_text01,message/m170.mbe/000_Sheet1.csv,129,m170_090_030,char_SHELLMON,,права,"проверить, относится ли форма к игроку",,Ты права... Теперь им будет ещё труднее это понять...,m170_090_030
4,possible_player_address_gender,patch_text01,message/m170.mbe/000_Sheet1.csv,182,m170_130_050,char_SHARKMON_BOSS,,жив,"проверить, относится ли форма к игроку",,...! Ты?! Ты жив?!,m170_130_050
4,possible_player_address_gender,patch_text01,message/m170.mbe/000_Sheet1.csv,258,m170_210_090,char_JUNOMON,,уверен,"проверить, относится ли форма к игроку",,"Течение... Ты уверен, что Титаны сказали именно это?",m170_210_090
4,possible_player_address_gender,patch_text01,message/m190.mbe/000_Sheet1.csv,71,m190_060_210,char_JUNOMON,,должен,"проверить, относится ли форма к игроку",,Великий Страж! Ты должен остаться здесь.,m190_060_210
4,possible_player_address_gender,patch_text01,message/m190.mbe/000_Sheet1.csv,75,m190_060_250,char_JUNOMON,,должен,"проверить, относится ли форма к игроку",,"Нет ничего выше исполнения своего предназначения! Ответь мне!
Что ты должен сейчас сделать?",m190_060_250
4,possible_player_address_gender,patch_text01,message/m210.mbe/000_Sheet1.csv,90,m210_030_270,char_AEGIOCHUSMON,,права,"проверить, относится ли форма к игроку",,Ты права.,m210_030_270
4,possible_player_address_gender,patch_text01,message/m210.mbe/000_Sheet1.csv,150,m210_045_010,char_TITAMON,,сделал,"проверить, относится ли форма к игроку",,АААААХ! Что ты сделал?!,m210_045_010
4,possible_player_address_gender,patch_text01,message/m230.mbe/000_Sheet1.csv,29,m230_020_040,char_HIROKO,,была,"проверить, относится ли форма к игроку",,"Что я...?! Ты спрашиваешь про МЕНЯ?! Ты... Ты... Где ТЫ была,
Инори?!",m230_020_040
4,possible_player_address_gender,patch_text01,message/m230.mbe/000_Sheet1.csv,30,m230_020_050,char_HIROKO,,вернулась,"проверить, относится ли форма к игроку",,"Но если серьёзно: ты вернулась такой же юной, как раньше, после
восьми лет отсутствия. Это жутко!",m230_020_050
4,possible_player_address_gender,patch_text01,message/m230.mbe/000_Sheet1.csv,68,m230_030_060,char_PLAYER_M,,вернулась,"проверить, относится ли форма к игроку",,"Не волнуйся, мы позаботимся о том, чтобы ты вернулась в свой мир.{next}",
4,possible_player_address_gender,patch_text01,message/m260.mbe/000_Sheet1.csv,82,m260_080_310,char_AEGIOMON,,уверен,"проверить, относится ли форма к игроку",,"Ты уверен, что это хорошая идея? Если мы не пойдём, вместо нас,
вероятно, придётся идти Венусмон.",m260_080_310
4,possible_player_address_gender,patch_text01,message/m280.mbe/000_Sheet1.csv,27,m280_030_120,char_INORI,,была,"проверить, относится ли форма к игроку",,...ты была так добра к нам!,m280_040_090
4,possible_player_address_gender,patch_text01,message/m280.mbe/000_Sheet1.csv,45,m280_040_090,char_INORI,,была,"проверить, относится ли форма к игроку",,...ты была так добра к нам!,m280_040_090
4,possible_player_address_gender,patch_text01,message/m290.mbe/000_Sheet1.csv,36,m290_060_200,char_AEGIOMON,,сделал,"проверить, относится ли форма к игроку",,Зачем ты это сделал?!,m290_060_200
4,possible_player_address_gender,patch_text01,message/m300.mbe/000_Sheet1.csv,76,m300_090_010,char_BACCHUSMON,,была,"проверить, относится ли форма к игроку",,Ты была права. Мне не следовало терять бдительность.,m300_090_010
4,possible_player_address_gender,patch_text01,message/m300.mbe/000_Sheet1.csv,85,m300_090_100,char_BACCHUSMON,,думала,"проверить, относится ли форма к игроку",,"Ты думала, я тебя не слышал?",m300_090_100
4,possible_player_address_gender,patch_text01,message/m300.mbe/000_Sheet1.csv,192,m300_140_250,char_AEGIOMON,,нашла,"проверить, относится ли форма к игроку",,"Инори, это ты нашла меня под землёй в Синдзюку... Не думаю,
что это было совпадением.",m300_140_250
4,possible_player_address_gender,patch_text01,message/m320.mbe/000_Sheet1.csv,125,m320_080_060,char_INORI,,жив,"проверить, относится ли форма к игроку",,"Верно. Но, думаю, худшего мы избежали. Пока ты жив, всегда
можно начать заново...",m320_080_060
4,possible_player_address_gender,patch_text01,message/m340.mbe/000_Sheet1.csv,8,m340_010_070,char_INORI,,должен,"проверить, относится ли форма к игроку",,"Я так много хочу тебе рассказать, но... сначала ты должен
объясниться!",m340_010_070
4,possible_player_address_gender,patch_text01,message/m390.mbe/000_Sheet1.csv,2,m390_010_010,char_SIMMONS,,один,"проверить, относится ли форма к игроку",,Хм? Сегодня ты один? Где остальные двое?,m390_010_010
4,possible_player_address_gender,patch_text01,message/m390.mbe/000_Sheet1.csv,51,m390_060_030,char_AEGIOMON,,видел,"проверить, относится ли форма к игроку",,"Ты ведь видел всё это много раз, правда, {player}?",m390_060_030
4,possible_player_address_gender,patch_text01,message/m400.mbe/000_Sheet1.csv,59,m400_030_020,char_DIANAMON,,был,"проверить, относится ли форма к игроку",,"Ты был рядом, но ничего не замечал. Тебе неведома тёмная сторона
луны.",m400_030_020
4,possible_player_address_gender,patch_text01,message/m410.mbe/000_Sheet1.csv,15,m410_001_100,char_DIANAMON,,был,"проверить, относится ли форма к игроку",,"Когда я закрыла своё сердце, ты был единственным, кому я
доверяла!",m410_001_100
4,possible_player_address_gender,patch_text01,message/m420.mbe/000_Sheet1.csv,33,m420_015_040,char_AEGIOMON,,должна,"проверить, относится ли форма к игроку",,"Такое чувство... будто боги уже решили, что ты должна исчезнуть.",m420_015_040
4,possible_player_address_gender,patch_text01,message/m420.mbe/000_Sheet1.csv,107,m420_120_060,char_JUNOMON,,был,"проверить, относится ли форма к игроку",,"Я до сих пор помню твоё тепло, когда ты был лишь яйцом. Увидеть
тебя в этом облике — уже награда за всё.",m420_120_060
4,possible_player_address_gender,patch_text01,message/m440.mbe/000_Sheet1.csv,23,m440_011_040,char_AEGIOMON,,потрясена,"проверить, относится ли форма к игроку",,"Нет, не сон. Мы с {player}... ну... Ты потрясена?",m440_011_040
4,possible_player_address_gender,patch_text01,message/rumor_npc.mbe/000_Sheet1.csv,547,r_d0407_0080_0060,char_???,,уверен,"проверить, относится ли форма к игроку",,"Ты уверен, что с тобой все в порядке, старина?..",
4,possible_player_address_gender,patch_text01,message/rumor_npc.mbe/000_Sheet1.csv,747,r_d1204_0010_0130,char_TAILMON,,готов,"проверить, относится ли форма к игроку",,"Ты, там! Ты готов к этому?!",
4,possible_player_address_gender,patch_text01,message/s010_001.mbe/000_Sheet1.csv,53,s010_001_430,char_ZUBAEAGERMON,,сделал,"проверить, относится ли форма к игроку",,"Это скорее ощущение, так что объяснить трудно.
Как бы ты сделал эту футболку по-двадцатейшему?",
4,possible_player_address_gender,patch_text01,message/s010_156.mbe/000_Sheet1.csv,43,s010_156_302,char_PLAYER_M,,уверена,"проверить, относится ли форма к игроку",,"{next}Ты уверена, что это был не сон?",
4,possible_player_address_gender,patch_text01,message/s010_179.mbe/000_Sheet1.csv,24,s010_179_190,char_SUMERAGI,,прав,"проверить, относится ли форма к игроку",,"Ты прав. Это я, Курои. Удивлён,
что ты меня узнал.",
4,possible_player_address_gender,patch_text01,message/s010_180.mbe/000_Sheet1.csv,23,s010_180_200,char_TOUDO,,ранена,"проверить, относится ли форма к игроку",,"Ты ранена?! И всё потому, что защитила меня... Помощь уже
в пути! Держись!",
4,possible_player_address_gender,patch_text01,message/s010_180.mbe/000_Sheet1.csv,52,s010_180_450,char_TOUDO,,сделал,"проверить, относится ли форма к игроку",,"Ты это сделал, да? Ну... это немного смущает.",
4,possible_player_address_gender,patch_text01,message/s020_018.mbe/000_Sheet1.csv,19,s020_018_140,char_KAMEMON,,сделал,"проверить, относится ли форма к игроку",,"Дело в том... Я чувствую, что есть причина, по которой Титанов
больше нет, помимо всего, что ты сделал.",
4,possible_player_address_gender,patch_text01,message/s020_018.mbe/000_Sheet1.csv,67,s020_018_530,char_KAMEMON,,прав,"проверить, относится ли форма к игроку",,"Ты прав. Другого выхода нет. Прости нас, Шеллмон!",
4,possible_player_address_gender,patch_text01,message/s020_018.mbe/000_Sheet1.csv,95,s020_018_760,char_KAMEMON,,вернулся,"проверить, относится ли форма к игроку",,"Ты вернулся! Теперь ты можешь свободно плавать и находить это
водное растение?",
4,possible_player_address_gender,patch_text01,message/s020_019.mbe/000_Sheet1.csv,40,s020_019_320,char_NEPTUNEMON,,готов,"проверить, относится ли форма к игроку",,"Ну что? Ты готов спасти этого пойманного в ловушку дигимона? Мне
нужно, чтобы ты показал мне дорогу.",
4,possible_player_address_gender,patch_text01,message/s020_019.mbe/000_Sheet1.csv,55,s020_019_440,char_JUMBOGAMEMON,,вернулся,"проверить, относится ли форма к игроку",,Ты вернулся?! И с тобой... Нет! Ты правда приносишь...?,
4,possible_player_address_gender,patch_text01,message/s020_019.mbe/000_Sheet1.csv,61,s020_019_500,char_NEPTUNEMON,,ранен,"проверить, относится ли форма к игроку",,"Превосходно. Всё прошло именно так, как я надеялся.
ДжамбоГамемон, ты не ранен?",
4,possible_player_address_gender,patch_text01,message/s020_173.mbe/000_Sheet1.csv,62,s020_173_440,char_MARINEANGEMON,,должен,"проверить, относится ли форма к игроку",,"Эй! Ты не должен вздыхать! Мне просто нужно услышать еще одно
слово ободрения!",
4,possible_player_address_gender,patch_text01,message/s030_029.mbe/000_Sheet1.csv,34,s030_029_240,char_TONOSAMAGEKOMON,,уверен,"проверить, относится ли форма к игроку",,"Глурп, глурп... Ты уверен, что титанов нет, глурп? О, что мне
делать, глурп?!",
4,possible_player_address_gender,patch_text01,message/s030_030.mbe/000_Sheet1.csv,12,s030_030_090,char_PECKMON,,должен,"проверить, относится ли форма к игроку",,"Крик! Ты говоришь так, будто собираешься это проигнорировать!
Ты не можешь! Ты должен уйти!",
4,possible_player_address_gender,patch_text01,message/s030_183.mbe/000_Sheet1.csv,26,s030_183_211,char_PLAYER_M,,сделала,"проверить, относится ли форма к игроку",,{next}Что ты сделала?,
4,possible_player_address_gender,patch_text01,message/s030_183.mbe/000_Sheet1.csv,48,s030_183_400,char_SIRENMON,,пришёл,"проверить, относится ли форма к игроку",,"Ах, какое облегчение! Похоже, ты пришёл в себя.",
4,possible_player_address_gender,patch_text01,message/s040_033.mbe/000_Sheet1.csv,32,s040_033_280,char_DRIMOGEMON_YB,,готов,"проверить, относится ли форма к игроку",,Ты готов? Пойдём побьём этого Титана!,
4,possible_player_address_gender,patch_text01,message/s040_033.mbe/000_Sheet1.csv,47,s040_033_410,char_DRIMOGEMON_OB,,готов,"проверить, относится ли форма к игроку",,"Эй, ты готов? Тогда за дело!",
4,possible_player_address_gender,patch_text01,message/s040_033.mbe/000_Sheet1.csv,75,s040_033_680,char_DRIMOGEMON_OB,,прав,"проверить, относится ли форма к игроку",,"Ого, ты прав! Так... «Давайте вместе принесём
мир Илиаде, только мы вдвоём!»",
4,possible_player_address_gender,patch_text01,message/s040_160.mbe/000_Sheet1.csv,26,s040_160_200,char_MARSMON,,пришел,"проверить, относится ли форма к игроку",,"Эй, отличная работа! Ты пришел проведать меня?",
4,possible_player_address_gender,patch_text01,message/s050_042.mbe/000_Sheet1.csv,14,s050_042_0091,char_PLAYER_M,,нашёл,"проверить, относится ли форма к игроку",,{next}Ты нашёл перо Пэрротмона?,
4,possible_player_address_gender,patch_text01,message/s050_043.mbe/000_Sheet1.csv,76,s050_043_640,char_BEARMON_OB,,нашел,"проверить, относится ли форма к игроку",,... Это реально! Я в это не верю! Где ты это нашел?,
4,possible_player_address_gender,patch_text01,message/s050_152.mbe/000_Sheet1.csv,64,s050_152_450,char_PLAYER_M,,был,"проверить, относится ли форма к игроку",,"{next}Хочу, чтобы ты был на моей стороне.",
4,possible_player_address_gender,patch_text01,message/s070_056.mbe/000_Sheet1.csv,39,s070_056_320,char_MINERVAMON,,вернулся,"проверить, относится ли форма к игроку",,"А, ты вернулся. Ну что? Ты нашел для меня достойного дигимона?",
4,possible_player_address_gender,patch_text01,message/s070_057.mbe/000_Sheet1.csv,8,s070_057_050,char_MINERVAMON,,готов,"проверить, относится ли форма к игроку",,"Ты не готов? Ладно, тогда приходи, когда почувствуешь, что готов
к драке.",
4,possible_player_address_gender,patch_text01,message/s080_059.mbe/000_Sheet1.csv,43,s080_059_360,char_BLIMPMON,,прав,"проверить, относится ли форма к игроку",,"Хехехе. Тут ты прав: чтобы сунуться в Космическую область,
энергии нужно с запасом.",
4,possible_player_address_gender,patch_text01,message/s095_082.mbe/000_Sheet1.csv,16,s095_082_102,char_PLAYER_M,,уверен,"проверить, относится ли форма к игроку",,"{next}Ты уверен, что это от фигурки?",
4,possible_player_address_gender,patch_text01,message/s095_082.mbe/000_Sheet1.csv,75,s095_082_600,char_VULCANUSMON,,вернулся,"проверить, относится ли форма к игроку",,Ты вернулся. И что это у тебя?,
4,possible_player_address_gender,patch_text01,message/s110_090.mbe/000_Sheet1.csv,16,s110_090_120,char_AGUMON,,должен,"проверить, относится ли форма к игроку",,"Пожалуйста! Я думаю, что мой партнер где-то внутри этого
пространства. Ты должен пойти со мной!",
4,possible_player_address_gender,patch_text01,message/s110_091.mbe/000_Sheet1.csv,15,s110_091_120,char_AGUMON,,должен,"проверить, относится ли форма к игроку",,"Ты не должен говорить такие вещи, Габумон! Мы должны попытаться
помочь этим детям.",
4,possible_player_address_gender,patch_text01,message/s110_092.mbe/000_Sheet1.csv,24,s110_092_172,char_PLAYER_M,,решил,"проверить, относится ли форма к игроку",,{next}На чём ты решил гадать?,
4,possible_player_address_gender,patch_text01,message/s110_092.mbe/000_Sheet1.csv,69,s110_092_540,char_PLAYER_M,,уверен,"проверить, относится ли форма к игроку",,{next}Ты уверен?,
4,possible_player_address_gender,patch_text01,message/s110_094.mbe/000_Sheet1.csv,2,s110_094_010,char_PLUTOMON,,готов,"проверить, относится ли форма к игроку",,"Ну что, ты готов идти?",
4,possible_player_address_gender,patch_text01,message/s110_100.mbe/000_Sheet1.csv,4,s110_100_030,char_V-MON,,видел,"проверить, относится ли форма к игроку",,"Слушай, не знаю, что ты видел в мире людей,
но ты не слишком мрачно настроен?",
4,possible_player_address_gender,patch_text01,message/s110_101.mbe/000_Sheet1.csv,101,s110_101_840,char_BREAKDRAMON,,был,"проверить, относится ли форма к игроку",,"Да? Ты был на моей последней встрече? Мне нравится заботиться о
своих фанатах, но...",
4,possible_player_address_gender,patch_text01,message/s110_103.mbe/000_Sheet1.csv,37,s110_103_300,char_DYNASMON,,готов,"проверить, относится ли форма к игроку",,Ты готов? А теперь я вызываю тебя на дуэль!,
4,possible_player_address_gender,patch_text01,message/s110_108.mbe/000_Sheet1.csv,42,s110_108_330,char_EXAMON,,должен,"проверить, относится ли форма к игроку",,"Это лекарство, похоже, может сработать. Ты должен отвезти меня
туда, где я смогу его найти.",
4,possible_player_address_gender,patch_text01,message/s110_108.mbe/000_Sheet1.csv,51,s110_108_420,char_VENUSMON,,был,"проверить, относится ли форма к игроку",,"...Экзамен. Итак, ты БЫЛ там. Теперь я наконец-то могу тебя
видеть.",
4,possible_player_address_gender,patch_text01,message/s110_108.mbe/000_Sheet1.csv,72,s110_108_630,char_VENUSMON,,был,"проверить, относится ли форма к игроку",,"Из-за того, что раньше ты был таким крошечным, теперь ты
кажешься огромным.",
4,possible_player_address_gender,patch_text01,message/s110_113.mbe/000_Sheet1.csv,5,s110_113_040,char_PLAYER_M,,уверен,"проверить, относится ли форма к игроку",,"{next}Ты уверен, что так можно?",
4,possible_player_address_gender,patch_text01,message/s110_208.mbe/000_Sheet1.csv,14,s110_208_110,char_MUSYAMON,,должен,"проверить, относится ли форма к игроку",,"Перед тобой великий герой Шамбалы — Сусаномон. Ты должен
считать за честь возможность сразиться с ним.",
4,possible_player_address_gender,patch_text01,message/s110_211.mbe/000_Sheet1.csv,42,s110_211_295,char_DUKEMON,,хотел,"проверить, относится ли форма к игроку",,"Прямо сейчас я бы предпочел двигаться, а не отдыхать! Ты хотел
бы снова драться?",
4,possible_player_address_gender,patch_text01,message/s910_169.mbe/000_Sheet1.csv,111,s910_169_930,char_HIROKO,,попал,"проверить, относится ли форма к игроку",,"Что? Ты не понял? Ты попал сюда чисто случайно? Думаю, мне
повезло...",
4,possible_player_address_gender,patch_text01,message/s910_170.mbe/000_Sheet1.csv,154,s910_170_1410,char_MILLENNIUMON,,должен,"проверить, относится ли форма к игроку",,Ты должен уйти и жить счастливой жизнью.,
4,possible_player_address_gender,patch_text01,message/s910_170.mbe/000_Sheet1.csv,168,s910_170_1550,char_HIROKO,,вернулся,"проверить, относится ли форма к игроку",,"А, ты вернулся. Похоже, юный Норио благополучно добрался домой?",
4,possible_player_address_gender,patch_text01,message/s910_170.mbe/000_Sheet1.csv,170,s910_170_1570,char_NORIO,,готова,"проверить, относится ли форма к игроку",,"Ладно, нам тоже пора домой. Ты готова, Ханаэ?",
4,possible_player_address_gender,patch_text01,message/t01.mbe/000_Sheet1.csv,36,f_t0101_0190_0010,char_YOUNG_MAN,,знал,"проверить, относится ли форма к игроку",,"«Агент Альфа» — хорошее аниме. Ты знал, что это ремейк?",
4,possible_player_address_gender,patch_text01,message/t01.mbe/000_Sheet1.csv,111,f_t0103_9000_0040,char_YOUNG_WOMAN,,думал,"проверить, относится ли форма к игроку",,"Отлично, я выиграла! Уверена, ты думал, что я плохо играю,
да? Не повезло тебе!",
4,possible_player_address_gender,patch_text01,message/t01.mbe/000_Sheet1.csv,278,f_t0121_080_0020,char_ASTAMON,,готов,"проверить, относится ли форма к игроку",,"Ты готов к матчу? Входи, когда будешь готов.",
4,possible_player_address_gender,patch_text01,message/t01.mbe/000_Sheet1.csv,282,f_t0121_090_0030,char_DIGIBATO_MAGAZINE_REPORTER,,устал,"проверить, относится ли форма к игроку",,Что это? Ты устал и хочешь поговорить позже?,
2,style_review,addcont_01_text01,message/d120.mbe/000_Sheet1.csv,107,d120_110_010,char_KUREMIKYOKO,,действительно,проверить машинный усилитель,,— Итак… ты действительно собираешься?,d120_110_010
2,style_review,addcont_02_text01,message/d220.mbe/000_Sheet1.csv,126,d220_110_080,char_BANCHOMAMEMON,,довольно,проверить машинный усилитель,,...довольно впечатляющая подделка.,d220_110_080
2,style_review,addcont_02_text01,message/d240.mbe/000_Sheet1.csv,44,d240_041_030,char_TOUDO,,действительно,проверить машинный усилитель,,"«Признаю, сейчас нам действительно нужна помощь.
Но я не собираюсь рисковать жизнью гражданского».",
2,style_review,addcont_02_text01,message/d240.mbe/000_Sheet1.csv,60,d240_051_040,char_HIROKO,,действительно,проверить машинный усилитель,,«Это... действительно возможно?»,
2,style_review,addcont_03_text01,message/d330.mbe/000_Sheet1.csv,49,d330_040_090,char_SIMMONS,,действительно,проверить машинный усилитель,,«...Ты действительно безнадежный дурак».,d330_040_090
2,style_review,addcont_03_text01,message/d350.mbe/000_Sheet1.csv,31,d350_020_180,char_ALPHAMON,,действительно,проверить машинный усилитель,,"...Спасибо. Я действительно не знаю, как вас отблагодарить.",d350_020_180
2,style_review,patch_text01,message/arena01.mbe/000_Sheet1.csv,134,arena01_f001_016_040,char_LOPMON,,довольно,проверить машинный усилитель,,"Ни за что! Это снова они! Я не могу в это поверить. Ну, в этом
нет абсолютно никакого смысла, но я думаю, это довольно весело!",
2,style_review,patch_text01,message/arena01.mbe/000_Sheet1.csv,188,arena01_f001_023_040,char_RAPIDMON_ARMOR,,действительно,проверить машинный усилитель,,"Хотя мы действительно хотим доказать свою силу, ничто не делает
нас счастливее, чем просто встретиться с вами в бою!",
2,style_review,patch_text01,message/battle.mbe/000_Sheet1.csv,525,2110099104,char_DUKEMON,,действительно,проверить машинный усилитель,,"Это то, на что я, Галантмон, действительно способен!",
2,style_review,patch_text01,message/d01.mbe/000_Sheet1.csv,59,f_d0101_0160_0014,char_WIZARDMON,,действительно,проверить машинный усилитель,,Ты действительно понимаешь?,
2,style_review,patch_text01,message/d010.mbe/000_Sheet1.csv,3,d010_010_020,char_MIREI,,довольно,проверить машинный усилитель,,"Я обнаружила довольно странное пространство.
Аномальный мир, отрезанный от нормального пространства-времени.",
2,style_review,patch_text01,message/d02.mbe/000_Sheet1.csv,119,f_d0201_0490_0020,char_PANDAMON,,Действительно,проверить машинный усилитель,,"Действительно... Мы должны быть бдительны и не позволять нашей
обороне ослабевать.",
2,style_review,patch_text01,message/d02.mbe/000_Sheet1.csv,131,f_d0201_0550_0030,char_IMPMON,,довольно,проверить машинный усилитель,,"Итак, тебе удалось победить Титанов...? Да, думаю, это довольно
впечатляет...",
2,style_review,patch_text01,message/d02.mbe/000_Sheet1.csv,189,f_d0201_0680_0040,char_FALCOMON,,действительно,проверить машинный усилитель,,...нам действительно нужно найти более эффективное решение.,
2,style_review,patch_text01,message/d02.mbe/000_Sheet1.csv,286,f_d0202_0020_0020,char_TYUMON,,действительно,проверить машинный усилитель,,"Один из моих приятелей всегда бывает там один, но кто знает,
может, Минервамон действительно дома. Пойди посмотри.",
2,style_review,patch_text01,message/d02.mbe/000_Sheet1.csv,291,f_d0202_0040_0010,char_LUNAMON,,действительно,проверить машинный усилитель,,"Вы действительно помогли нам! Не знаю, что бы мы без вас делали!",
2,style_review,patch_text01,message/d02.mbe/000_Sheet1.csv,584,f_d0204_0120_0010,char_PUMPMON,,действительно,проверить машинный усилитель,,"Вау, вон та Лилимон действительно милая... Ты не собираешься
подойти поздороваться?",
2,style_review,patch_text01,message/d02.mbe/000_Sheet1.csv,604,f_d0204_0170_0030,char_PANJYAMON,,действительно,проверить машинный усилитель,,"Хе-хе. Робкие удары издалека, да? Противник действительно так
сильно тебя пугает?",
2,style_review,patch_text01,message/d02.mbe/000_Sheet1.csv,636,f_d0204_0240_0030,char_ARCHNEMON,,довольно,проверить машинный усилитель,,Ты... выглядишь довольно аппетитно... *бормочет себе под нос*,
2,style_review,patch_text01,message/d02.mbe/000_Sheet1.csv,643,f_d0204_0270_0010,char_FALCOMON,,довольно,проверить машинный усилитель,,Ого. Снаружи довольно страшно. Да. Я остаюсь внутри...,
2,style_review,patch_text01,message/d02.mbe/000_Sheet1.csv,649,f_d0204_0280_0060,char_MERCURYMON,,довольно,проверить машинный усилитель,,"Позвольте мне поблагодарить вас за помощь с Центральной башней.
Я получил известие, что дигимоны там довольно грозные.",
2,style_review,patch_text01,message/d02.mbe/000_Sheet1.csv,834,f_d0212_0020_0030,char_GEREMON,,действительно,проверить машинный усилитель,,Вау! Ты действительно главный герой!,
2,style_review,patch_text01,message/d03.mbe/000_Sheet1.csv,28,f_d0301_0050_0070,char_SHELLMON,,действительно,проверить машинный усилитель,,"Если вы действительно не можете его найти, не могли бы вы,
пожалуйста, вернуться сюда?",f_d0301_0050_0070
2,style_review,patch_text01,message/d03.mbe/000_Sheet1.csv,88,f_d0301_0230_0010,char_MOJYAMON,,довольно,проверить машинный усилитель,,"Подходить к воде довольно хлопотно, а вокруг полно всяких буйных
типов, но иногда мне все равно хочется поплавать.",
2,style_review,patch_text01,message/d03.mbe/000_Sheet1.csv,114,f_d0302_0010_0020,char_SHAWUJINMON,,действительно,проверить машинный усилитель,,"Если там действительно есть Титан, обязательно дайте нам знать.
Мы позаботимся об остальном!",
2,style_review,patch_text01,message/d03.mbe/000_Sheet1.csv,357,f_d0305_0040_0020,char_DAGOMON,,действительно,проверить машинный усилитель,,"Ты действительно оказал мне тогда медвежью услугу... Я хотел бы
отплатить тебе тем же, но...",
2,style_review,patch_text01,message/d03.mbe/000_Sheet1.csv,362,f_d0305_0060_0010,char_PLESIOMON,,довольно,проверить машинный усилитель,,"Похоже, ты очнулся. Некоторое время твоё состояние
оставалось довольно тяжёлым.",
2,style_review,patch_text01,message/d04.mbe/000_Sheet1.csv,56,f_d0402_0030_0010,char_GEKOMON,,довольно,проверить машинный усилитель,,"Большое спасибо, бульк! В последнее время здесь стало довольно
опасно, бульк.",
2,style_review,patch_text01,message/d04.mbe/000_Sheet1.csv,96,f_d0403_0030_0050,char_FLORAMON,,действительно,проверить машинный усилитель,,"...вы, люди, действительно потрясающе сильны! И вы такие крутые!",
2,style_review,patch_text01,message/d04.mbe/000_Sheet1.csv,119,f_d0403_9000_0050,char_SUNFLOWMON,,действительно,проверить машинный усилитель,,"Неужели я действительно выиграла? Хи-хи! Карточные битвы с
другими — это довольно весело.",
2,style_review,patch_text01,message/d04.mbe/000_Sheet1.csv,233,f_d0404_0300_0010,char_PINOCHIMON,,действительно,проверить машинный усилитель,,"Чувак, какая потрясающая вечеринка! Все трое действительно
выросли!",
2,style_review,patch_text01,message/d05.mbe/000_Sheet1.csv,95,f_d0501_0170_0010,char_ANKYLOMON,,действительно,проверить машинный усилитель,,"О, это вы, ребята! Спасибо за то, что было раньше. Вы
действительно спасли мою шкуру!",
2,style_review,patch_text01,message/d05.mbe/000_Sheet1.csv,185,f_d0501_9010_0050,char_METALMAMEMON,,довольно,проверить машинный усилитель,,"Вау, я выиграл. Эта колода кажется довольно хорошей, так что,
думаю, я еще немного потренируюсь с ней!",
2,style_review,patch_text01,message/d06.mbe/000_Sheet1.csv,84,f_d0603_0110_0090,char_WITCHMON,,действительно,проверить машинный усилитель,,Ого! Теперь мы действительно разозлили его!,
2,style_review,patch_text01,message/d06.mbe/000_Sheet1.csv,179,f_d0604_0260_0010,char_CLAVISANGEMON,,действительно,проверить машинный усилитель,,"Ты! Ты действительно думаешь, что тебе все это сойдет с рук?!",f_d0604_0260_0010
2,style_review,patch_text01,message/d06.mbe/000_Sheet1.csv,193,f_d0604_0270_0130,char_TUNOMON_TITAMON,,действительно,проверить машинный усилитель,,"Ланамон... Ты действительно планируешь оставить нас разбираться
с этим в одиночку?!",
2,style_review,patch_text01,message/d06.mbe/000_Sheet1.csv,215,f_d0604_0300_0040,char_RANAMON,,действительно,проверить машинный усилитель,,"Я была замаскирована под ангела, поэтому всё слышала. Им
действительно следует научиться держать язык за зубами.",
2,style_review,patch_text01,message/d06.mbe/000_Sheet1.csv,246,f_d0604_0400_0010,char_APOLLOMON,,довольно,проверить машинный усилитель,,"Понятно... Значит, открыть эту камеру довольно сложно?..",
2,style_review,patch_text01,message/d07.mbe/000_Sheet1.csv,187,f_d0703_0070_0150,char_WISEMON,,Действительно,проверить машинный усилитель,,"Действительно, сейчас период больших перемен, но я полагаю, вы
уже знали об этом.",
2,style_review,patch_text01,message/d09.mbe/000_Sheet1.csv,90,f_d0901_0120_0038,char_GEKOMON,,ДЕЙСТВИТЕЛЬНО,проверить машинный усилитель,,"Так что же ты решил сделать? Тебе ДЕЙСТВИТЕЛЬНО нужно идти туда,
глурп?",f_d0901_0120_0038
2,style_review,patch_text01,message/d09.mbe/000_Sheet1.csv,191,f_d0903_0025_0020,char_INORI,,довольно,проверить машинный усилитель,,Это довольно высоко...,
2,style_review,patch_text01,message/d09.mbe/000_Sheet1.csv,265,f_d0903_0045_0260,char_GRIFFOMON,,довольно,проверить машинный усилитель,,"Ха-ха... Да, я полагаю, это было довольно приятно.",f_d0903_0045_0260
2,style_review,patch_text01,message/d09.mbe/000_Sheet1.csv,406,f_d0904_0250_0080,char_WARUSEADRAMON,,довольно,проверить машинный усилитель,,"Впереди еще больше раненых, которым нужна ваша помощь, но
сначала вам нужно преодолеть довольно быстрое течение.",
2,style_review,patch_text01,message/d09.mbe/000_Sheet1.csv,466,f_d0904_0310_0020,char_VENUSMON,,действительно,проверить машинный усилитель,,Это действительно был самый грозный противник...,f_d0904_0310_0020
2,style_review,patch_text01,message/d09.mbe/000_Sheet1.csv,643,f_d0906_0020_0120,char_MINERVAMON,,действительно,проверить машинный усилитель,,"Эти двое составляют отличную пару... Я действительно горжусь ими
обоими!",
2,style_review,patch_text01,message/d09.mbe/000_Sheet1.csv,710,f_d0907_0010_0020,char_BACCHUSMON,,действительно,проверить машинный усилитель,,Так это действительно ты... Ты Сирена—,
2,style_review,patch_text01,message/d09.mbe/000_Sheet1.csv,732,f_d0907_0070_0010,char_MINERVAMON,,действительно,проверить машинный усилитель,,"Та встреча с ""похитителем яиц"" действительно помогла этим двоим
вырасти.",
2,style_review,patch_text01,message/d12.mbe/000_Sheet1.csv,94,f_d1204_0520_0010,char_INORI,,действительно,проверить машинный усилитель,,"Мне кажется, или что-то действительно не так?",f_d1204_0520_0010
2,style_review,patch_text01,message/d13.mbe/000_Sheet1.csv,67,f_d1301_0210_0010,,,довольно,проверить машинный усилитель,,"К сожалению, встреча с хирургами из Хигаси-Синдзюку
закончилась довольно неудачно.",
2,style_review,patch_text01,message/d14.mbe/000_Sheet1.csv,35,f_d1405_0060_0010,,,действительно,проверить машинный усилитель,,"Пиёмон без сознания... Неужели между дигимонами
действительно идёт война?",
2,style_review,patch_text01,message/h06.mbe/000_Sheet1.csv,18,f_h0601_0030_0050,char_LOTOSMON,,довольно,проверить машинный усилитель,,"Тот, кто создал это пространство, довольно хитер... У меня
такое чувство, что у нас схожее мышление.",
2,style_review,patch_text01,message/m050.mbe/000_Sheet1.csv,11,m050_010_071,char_PLAYER_M,,довольно,проверить машинный усилитель,,"Вчерашний день выдался довольно тяжёлым, да?{next}",
2,style_review,patch_text01,message/m050.mbe/000_Sheet1.csv,78,m050_030_290,char_OPERATOR_M,yes,довольно,проверить машинный усилитель,,"...и создать импровизированную систему определения координат.
Работает она довольно точно.",m050_030_290_M m050_030_290_F
2,style_review,patch_text01,message/m090.mbe/000_Sheet1.csv,100,m090_080_210,char_MINERVAMON,,Довольно,проверить машинный усилитель,,"Хм... Довольно расплывчато, тебе не кажется?",m090_080_210
2,style_review,patch_text01,message/m100.mbe/000_Sheet1.csv,61,m100_030_190,char_SIMMONS,,довольно,проверить машинный усилитель,,"Правда, это всего лишь прототип, поэтому он довольно громоздкий.",
2,style_review,patch_text01,message/m140.mbe/000_Sheet1.csv,9,m140_010_080,char_MERCURYMON,,действительно,проверить машинный усилитель,,"Кажется, предстоящей битвы действительно не избежать.",m140_010_080
2,style_review,patch_text01,message/m140.mbe/000_Sheet1.csv,38,m140_010_350,char_MINERVAMON,,действительно,проверить машинный усилитель,,"Так что прости за всё это, но нам действительно нужна твоя помощь.",m140_010_350
2,style_review,patch_text01,message/m150.mbe/000_Sheet1.csv,110,m150_070_360,char_GUARDROMON_GL,,действительно,проверить машинный усилитель,,С-серьёзно?! Вы действительно можете сражаться с Титанами?,
2,style_review,patch_text01,message/m150.mbe/000_Sheet1.csv,203,m150_110_120,char_AEGIOMON,,действительно,проверить машинный усилитель,,"Значит, это действительно один из тех Титанов, да?!",
2,style_review,patch_text01,message/m170.mbe/000_Sheet1.csv,262,m170_210_130,char_JUNOMON,,действительно,проверить машинный усилитель,,"Если Течение — действительно то, к чему стремятся Титаны,
тогда, скорее всего, они хотят—",m170_210_130
2,style_review,patch_text01,message/m210.mbe/000_Sheet1.csv,167,m210_050_150,char_INORI,,действительно,проверить машинный усилитель,,"Я действительно счастлива, что встретила тебя, Эгиомон.",m210_050_150
2,style_review,patch_text01,message/m240.mbe/000_Sheet1.csv,13,m240_020_090,char_MERCURYMON,,действительно,проверить машинный усилитель,,"Да, нелегко. Многие люди считают нас врагами. И мы действительно
причинили немалый ущерб.",m240_020_090
2,style_review,patch_text01,message/m250.mbe/000_Sheet1.csv,8,m250_020_020,char_INORI,,действительно,проверить машинный усилитель,,Этот город действительно изменился...,m250_020_020
2,style_review,patch_text01,message/m250.mbe/000_Sheet1.csv,23,m250_030_132,char_PLAYER_M,,действительно,проверить машинный усилитель,,Неужели действительно невозможно договориться...?{next},
2,style_review,patch_text01,message/m260.mbe/000_Sheet1.csv,34,m260_050_050,char_INORI,,довольно,проверить машинный усилитель,,"И всё это время она вела переговоры с Титанами... Это довольно
круто.",
2,style_review,patch_text01,message/m270.mbe/000_Sheet1.csv,31,m270_050_060,char_NARRATION,,действительно,проверить машинный усилитель,,"Остаётся только гадать... Была ли эта череда трагических событий
действительно неизбежной...?",m270_050_060
2,style_review,patch_text01,message/m285.mbe/000_Sheet1.csv,2,m285_010_010,char_AEGIOMON,,действительно,проверить машинный усилитель,,"Мы снова вернулись... Что вообще происходит... Неужели... нам
действительно удалось изменить прошлое...?",m285_010_010
2,style_review,patch_text01,message/m285.mbe/000_Sheet1.csv,39,m285_030_150,char_OPERATOR_M,,действительно,проверить машинный усилитель,,"И если такое действительно возможно... перевернутся сами
устои нашего мира.",
2,style_review,patch_text01,message/m290.mbe/000_Sheet1.csv,14,m290_050_010,char_INORI,,действительно,проверить машинный усилитель,,Здесь действительно никого нет... Только не говори...,m290_050_010
2,style_review,patch_text01,message/m310.mbe/000_Sheet1.csv,91,m310_031_130,char_INORI,,действительно,проверить машинный усилитель,,"Прости, но для неё это, кажется, действительно важно...",m310_031_130
2,style_review,patch_text01,message/m310.mbe/000_Sheet1.csv,137,m310_040_180,char_AEGIOMON,,действительно,проверить машинный усилитель,,Если я действительно на это способен...,m310_040_180
2,style_review,patch_text01,message/m330.mbe/000_Sheet1.csv,4,m330_010_030,char_INORI,,действительно,проверить машинный усилитель,,"Мне одной кажется, или что-то действительно не так?",
2,style_review,patch_text01,message/m330.mbe/000_Sheet1.csv,36,m330_010_250,char_AEGIOMON,,действительно,проверить машинный усилитель,,Значит... яд действительно распространился...,
2,style_review,patch_text01,message/m340.mbe/000_Sheet1.csv,70,m340_020_210,char_OPERATOR_M,yes,довольно,проверить машинный усилитель,,...я знаю тебя уже довольно давно.,m340_020_210_M m340_020_210_F
2,style_review,patch_text01,message/m350.mbe/000_Sheet1.csv,95,m350_140_090,char_OPERATOR_M,yes,действительно,проверить машинный усилитель,,"Помни, что я действительно существовал...",m350_140_090_M m350_140_090_F
2,style_review,patch_text01,message/m360.mbe/000_Sheet1.csv,8,m360_010_052,char_PLAYER_M,,действительно,проверить машинный усилитель,,Это действительно Плутомон?{next},
2,style_review,patch_text01,message/m420.mbe/000_Sheet1.csv,91,m420_100_100,char_AEGIOMON,,действительно,проверить машинный усилитель,,Но... ты действительно этого хочешь?,m420_100_100
2,style_review,patch_text01,message/m440.mbe/000_Sheet1.csv,80,m440_090_090,char_MINERVAMON,,действительно,проверить машинный усилитель,,"Сейчас я покажу, на что действительно способна...!",m440_090_090
2,style_review,patch_text01,message/rumor_npc.mbe/000_Sheet1.csv,856,r_h0312_0010_3_1_w,char_MAMEMON,,действительно,проверить машинный усилитель,,Это было действительно трогательно!,
2,style_review,patch_text01,message/rumor_npc.mbe/000_Sheet1.csv,867,r_h0312_0010_3_6_l,char_MAMEMON,,действительно,проверить машинный усилитель,,"Я действительно думал, что ты победишь!",
2,style_review,patch_text01,message/rumor_npc.mbe/000_Sheet1.csv,959,r_h0813_0010_0080,char_BEELZEBUMON,,Действительно,проверить машинный усилитель,,Действительно ли тебе стоит драться со мной?,
2,style_review,patch_text01,message/s020_013.mbe/000_Sheet1.csv,29,s020_013_200,char_NEPTUNEMON,,действительно,проверить машинный усилитель,,"...Я действительно не могу понять, почему вы так подумали.",
2,style_review,patch_text01,message/s020_019.mbe/000_Sheet1.csv,58,s020_019_470,char_NEPTUNEMON,,действительно,проверить машинный усилитель,,"Хм... Эта камера действительно крепкая. Но даже этим стенам не
сравниться с моей силой.",
2,style_review,patch_text01,message/s020_173.mbe/000_Sheet1.csv,8,s020_173_050,char_MARINEANGEMON,,действительно,проверить машинный усилитель,,"Я уже проделал МНОГО работы! Знаете, у меня действительно есть
поклонники!",
2,style_review,patch_text01,message/s020_173.mbe/000_Sheet1.csv,25,s020_173_185,char_MARINEANGEMON,,довольно,проверить машинный усилитель,,"Пахнет... довольно странно для обычной воды. Но я хочу пить, так
что придется обойтись и этим.",
2,style_review,patch_text01,message/s040_033.mbe/000_Sheet1.csv,37,s040_033_320,char_DRIMOGEMON_YB,,довольно,проверить машинный усилитель,,"Тогда идём. Но будь начеку: этот Титан
выглядит довольно сильным!",
2,style_review,patch_text01,message/s050_152.mbe/000_Sheet1.csv,9,s050_152_060,char_PEGASMON,,действительно,проверить машинный усилитель,,"Я действительно выгляжу такой удрученной? Хе-хе. Полагаю, я
действительно не могу скрыть свою нервозность.",
2,style_review,patch_text01,message/s070_055.mbe/000_Sheet1.csv,76,s070_055_610,char_HIROKO,,Довольно,проверить машинный усилитель,,"А в конце они всё равно не нашли счастья.
Довольно раздражающее кино.",
2,style_review,patch_text01,message/s070_055.mbe/000_Sheet1.csv,78,s070_055_630,char_MINERVAMON,,довольно,проверить машинный усилитель,,"Но транспорт, на котором ездил герой... мотоцикл,
да? Он был довольно крутым.",
2,style_review,patch_text01,message/s070_167.mbe/000_Sheet1.csv,61,s070_167_440,char_BEELZEBUMON,,действительно,проверить машинный усилитель,,"Это действительно очень хорошие детали. Как только они будут на
месте, я смогу сражаться на 120% мощности.",
2,style_review,patch_text01,message/s080_059.mbe/000_Sheet1.csv,82,s080_059_690,char_LUNAMON,,действительно,проверить машинный усилитель,,П-погоди-ка. Ты действительно собираешься туда поехать?,
2,style_review,patch_text01,message/s095_077.mbe/000_Sheet1.csv,14,s095_077_090,char_GUARDROMON,,довольно,проверить машинный усилитель,,Это возможно. Работа в шахте может быть довольно опасной.,
2,style_review,patch_text01,message/s100_088.mbe/000_Sheet1.csv,6,s100_088_030,char_TOUHO,,действительно,проверить машинный усилитель,,"Я ценю ваше рвение, но вам действительно следует с большим
подозрением относиться к другим.",
2,style_review,patch_text01,message/s100_088.mbe/000_Sheet1.csv,25,s100_088_200,char_PLAYER_M,,довольно,проверить машинный усилитель,,{next}В Райском колизее довольно весело.,
2,style_review,patch_text01,message/s110_090.mbe/000_Sheet1.csv,15,s110_090_110,char_AGUMON,,действительно,проверить машинный усилитель,,"Ладно, я понимаю. Но я действительно беспокоюсь о своем
партнере...",
2,style_review,patch_text01,message/s110_093.mbe/000_Sheet1.csv,31,s110_093_260,char_CRANIAMON,,довольно,проверить машинный усилитель,,"Эта лошадь кажется довольно дикой... Я думаю, что здесь меня
ждет настоящая битва.",
2,style_review,patch_text01,message/s110_098.mbe/000_Sheet1.csv,25,s110_098_200,char_ALPHAMON,,Действительно,проверить машинный усилитель,,"Действительно ли люди заслуживают доверия? Тогда я понял, что
должен сосредоточиться на том, что справедливо.",
2,style_review,patch_text01,message/s110_098.mbe/000_Sheet1.csv,49,s110_098_400,char_ALPHAMON,,довольно,проверить машинный усилитель,,"Агумон... Габумон... Я вижу, что вы оба стали довольно сильными.",
2,style_review,patch_text01,message/s110_098.mbe/000_Sheet1.csv,58,s110_098_490,char_ALPHAMON,,действительно,проверить машинный усилитель,,"Возможно, действительно стоит попытаться спасти этот мир...",
2,style_review,patch_text01,message/s110_102.mbe/000_Sheet1.csv,33,s110_102_300,char_ULFORCEVDRAMON,,действительно,проверить машинный усилитель,,"Не совсем. Я попросил этого человека привести меня сюда, но это
действительно личное дело.",
2,style_review,patch_text01,message/s110_108.mbe/000_Sheet1.csv,13,s110_108_080,char_UNKNOWN,,являюсь,проверить канцелярское является,,...являюсь тем... Я есмь...,
2,style_review,patch_text01,message/s110_108.mbe/000_Sheet1.csv,30,s110_108_230,char_UNKNOWN,,действительно,проверить машинный усилитель,,"Ты действительно слушаешь?! Ох, хватит об этом. Называй меня как
хочешь.",
2,style_review,patch_text01,message/s110_108.mbe/000_Sheet1.csv,47,s110_108_380,char_VENUSMON,,действительно,проверить машинный усилитель,,Хм. Ты действительно здесь? Я ничего не вижу.,
2,style_review,patch_text01,message/s110_111.mbe/000_Sheet1.csv,36,s110_111_290,char_GANKOOMON,,довольно,проверить машинный усилитель,,"На самом деле это было довольно весело. Сражаться с людьми не
так уж и плохо.",
2,style_review,patch_text01,message/s110_112.mbe/000_Sheet1.csv,25,s110_112_180,char_JESMON,,довольно,проверить машинный усилитель,,Я вернулся... Уф. Запах чеснока был довольно сильным...,
2,style_review,patch_text01,message/s110_112.mbe/000_Sheet1.csv,28,s110_112_210,char_JESMON,,действительно,проверить машинный усилитель,,"""Обычный""? Это действительно так просто?! Понятно! Я попробую!",
2,style_review,patch_text01,message/s110_208.mbe/000_Sheet1.csv,17,s110_208_140,char_SUSANOOMON,,Действительно,проверить машинный усилитель,,"Хахаха! Действительно, очень забавно! Я никогда не ожидал
встретить такого могущественного человека!",
2,style_review,patch_text01,message/s110_211.mbe/000_Sheet1.csv,36,s110_211_250,char_LOADKNIGHTMON,,довольно,проверить машинный усилитель,,"Я заметил, что твой наряд довольно красив. Должно быть, это
популярный стиль среди людей.",
2,style_review,patch_text01,message/s200_146.mbe/000_Sheet1.csv,11,s200_146_080,char_TOUDO,,действительно,проверить машинный усилитель,,"Мне что-то мерещится...? Ты действительно здесь, чтобы помочь?",
2,style_review,patch_text01,message/s910_171.mbe/000_Sheet1.csv,140,s910_171_1270,char_HIROKO,,довольно,проверить машинный усилитель,,"У него довольно резкий характер, и, честно говоря, он мне не
очень нравится.",
2,style_review,patch_text01,message/s910_171.mbe/000_Sheet1.csv,164,s910_171_1470,char_KINSHIRO,,довольно,проверить машинный усилитель,,"Да, наверное. В те годы я был довольно высокомерен.",
2,style_review,patch_text01,message/s910_171.mbe/000_Sheet1.csv,22,s910_171_170,char_HIROKO,,довольно,проверить машинный усилитель,,"Познакомься с моим бывшим одноклассником, Кинширо Ериито.
Он пришёл ко мне с довольно сложной просьбой.",
2,style_review,patch_text01,message/s910_171.mbe/000_Sheet1.csv,50,s910_171_410,char_HIROKO,,довольно,проверить машинный усилитель,,"Да, ты перевелся в довольно странное время. И это правда, что
наша школа была не такой уж и замечательной.",
2,style_review,patch_text01,message/s910_171.mbe/000_Sheet1.csv,51,s910_171_420,char_KINSHIRO,,Действительно,проверить машинный усилитель,,"Действительно. Моей целью было увидеть, как низшие существа
живут в таких несовершенных условиях.",
2,style_review,patch_text01,message/s910_171.mbe/000_Sheet1.csv,75,s910_171_640,char_TOUDO,,действительно,проверить машинный усилитель,,"Вероятно, мне не следует разглашать нашу деятельность, но доктор
Симмонс действительно ценит вашу помощь...",
2,style_review,patch_text01,message/t01.mbe/000_Sheet1.csv,27,f_t0101_9000_0030,char_YOUNG_WOMAN,,довольно,проверить машинный усилитель,,"Хочешь сыграть в карты? Я, знаешь ли, довольно хороша. Думаешь,
справишься со мной?",
2,style_review,patch_text01,message/t01.mbe/000_Sheet1.csv,182,f_t0108_0110_0040,char_SIMMONS,,довольно,проверить машинный усилитель,,"Сотрудники общественной безопасности выглядят довольно
растерянными...",
2,style_review,patch_text01,message/t04.mbe/000_Sheet1.csv,49,f_t0402_0040_0030,char_TAKEMIYA,,довольно,проверить машинный усилитель,,"Вы и сами, кажется, довольно заняты.",
2,style_review,patch_text01,message/t04.mbe/000_Sheet1.csv,92,f_t0403_0070_0010,,,довольно,проверить машинный усилитель,,"Похоже, это постер к аниме. Наверное, оно довольно популярное,
раз его повесили в гостиной.",
