priority,package,file,key,max_visible_line,line_count,source_max_line,source_line_count,source_en,current_ru
P4,app_text01,text/digitter_message.mbe/000_Sheet1.csv,hazama_99_130_1,119,1,0,1,,"Этот «Молот Тора» Зудомона, похоже, сделан из чрезвычайно ценного металла, который называют «хромдигизоидным металлом»."
P4,app_text01,text/digitter_message.mbe/000_Sheet1.csv,hazama_99_130_2,113,1,0,1,,"Похоже, тебе понадобится помощь ЛоадерЛеомона, чтобы добыть руду хромдигизоида, необходимую для его изготовления."
P4,app_text01,text/digitter_message.mbe/000_Sheet1.csv,main_340_020_011,113,2,0,1,,"Но что, если Дигимоны появились там, чтобы избавиться от яйца......как антитела, устраняющие инородное вещество -
путешественника во времени?"
P4,app_text01,text/digitter_message.mbe/000_Sheet1.csv,main_440_070_025,98,1,0,1,,"Просто дай мне... координ...ты... Я разберусь... с осталь...ым!...Чёрт возьми, это соедине...ие..."
P3,app_text01,text/digitter_message.mbe/000_Sheet1.csv,sub_070_055_1,73,3,0,1,,"Хм... Неужели любовь действительно может изменить человека, интересно...?
Эй, не мог бы ты прийти и немного поговорить? Я буду у себя дома в
центре Центрального города. Просмотреть детали миссии {decision}"
P3,app_text01,text/digitter_message.mbe/000_Sheet1.csv,sub_110_103_1,72,3,0,1,,"Я получил наводку о чём-то подозрительном! Что-то насчёт наблюдений
фазово-электронных форм жизни... Сама наводка тоже звучит подозрительно.
Я дам тебе детали в офисе! Просмотреть детали миссии {decision}"
P3,app_text01,text/digitter_message.mbe/000_Sheet1.csv,sub_090_072_1,71,3,0,1,,"Мне удалось записаться к тому знаменитому предсказателю. Пойдём вместе!
Поспеши в кофейню на Перекрёстке Косю-Кайдо!
Просмотреть детали миссии {decision}"
P3,app_text01,text/digitter_message.mbe/000_Sheet1.csv,sub_090_071_2,70,3,0,1,,"Эй! Ты сейчас свободен? Есть место, которое я хочу проверить, и
мне нужен сопровождающий. Я забронировал время у того предсказателя, о
которой все говорят! Встретимся там!"
P3,app_text01,text/digitter_message.mbe/000_Sheet1.csv,sub_seekhiroko_150_010,69,3,0,1,,"Мне снилась скрытая деревня. Она казалась заброшенной, за исключением
того, что там был человек в белом халате, который продолжал улыбаться
и говорить: 'Теперь давай попробуем это...' с упрямой решимостью."
P3,app_text01,text/digitter_message.mbe/000_Sheet1.csv,main_300_070_011,68,3,0,1,,"У обеих сторон есть причины, по которым они не могут отступить,
и именно когда разные представления о справедливости
сталкиваются, конфликт может принять по-настоящему уродливый оборот."
P3,app_text01,text/digitter_message.mbe/000_Sheet1.csv,sub_200_146_1,68,3,0,1,,"Ещё один человек ушёл. Нам сильно не хватает рабочей силы. Следующее
место — Южный Выход Электрического Города... Может, кто-нибудь даст
мне энергетический напиток? Просмотреть детали миссии {decision}"
P3,app_text01,text/digitter_message.mbe/000_Sheet1.csv,sub_seekhiroko_040_010,68,3,0,1,,"Мне приснился сон, что я плаваю и плаваю в этом великолепном
океане! И у меня никогда не заканчивался воздух, независимо от
того, сколько времени я оставался под водой! Это было ТААААК весело!"
P3,app_text01,text/digitter_message.mbe/000_Sheet1.csv,hazama_00_130_1,67,2,0,1,,"Посмотри-ка, тебе удалось победить четверых из моей серии! У тебя с
твоим Дигимоном, должно быть, действительно тесная связь."
P3,app_text01,text/digitter_message.mbe/000_Sheet1.csv,sub_110_113_1,67,3,0,1,,"Мой друг, кажется, замешан в какую-то неприятность. Нужно заглянуть
в задние переулки Акихабары.
Просмотреть детали миссии {decision}"
P3,app_text01,text/digitter_message.mbe/000_Sheet1.csv,sub_900_215_1,67,3,0,1,,"Я обнаружила ещё одно проявление аномального пространства. Я бы
хотела попросить тебя его исследовать. Я буду ждать в Промежуточном
театре. Просмотреть детали миссии {decision}"
P3,app_text01,text/digitter_message.mbe/000_Sheet1.csv,sub_seekhiroko_160_010,67,3,0,1,,"Чувствую, что у меня было так много странных снов! О самых
разных вещах, таких как красивые пейзажи и дно океана! Из них
должны получиться отличные темы для видео! Я должен собрать их все!"
P3,app_text01,text/digitter_message.mbe/000_Sheet1.csv,main_060_080_010,66,1,0,1,,"Эта девушка только что упомянула ""фазово-электронную форму жизни""?"
P3,app_text01,text/digitter_message.mbe/000_Sheet1.csv,main_310_010_010,65,2,0,1,,"Меркуримон, кажется, перенапрягся. Бедняга слёг с тех пор, как ты
ушёл."
P3,app_text01,text/digitter_message.mbe/000_Sheet1.csv,main_310_010_020,65,2,0,1,,"Если Меркуримон умрёт... кто будет вести переговоры? Некому будет
сдерживать здесь поджигателей войны."
P3,app_text01,text/digitter_message.mbe/000_Sheet1.csv,arena_010_170,64,3,0,1,,"Эй! Ты не можешь принести стол на арену только для того, чтобы
перевернуть его! Слушай. Позволь мне позаботиться об этой штуке.
Ты иди и заткни парня!"
P3,app_text01,text/digitter_message.mbe/000_Sheet1.csv,arena_010_210,64,2,0,1,,"ЛордНайтмон бросил вам вызов встретиться с его Легионом Красоты.
Хотя, по-видимому, ЛордНайтмон - единственный участник..."
P3,app_text01,text/digitter_message.mbe/000_Sheet1.csv,field_02_140_0,64,3,0,1,,"Молния, похоже, притягивается к Дигимону с механическими телами.
Возможно, вы сможете использовать это в своих интересах во время
битвы."
P3,app_text01,text/digitter_message.mbe/000_Sheet1.csv,field_14_020_1,64,2,0,1,,"Обнаружена неизвестная фазово-электронная форма жизни. Возможно,
она что-то знает. Попробуйте установить контакт."
P3,app_text01,text/digitter_message.mbe/000_Sheet1.csv,hazama_00_040_1,64,2,0,1,,"Поздравляю с победой в одной из игр! Жаль, что я не мог увидеть,
как ты это делаешь лично."
P3,app_text01,text/digitter_message.mbe/000_Sheet1.csv,hazama_00_100_1,64,2,0,1,,"Я не могу в это поверить! Ты действительно выложился по полной и
завершил свою первую серию. Поздравляю!"
P3,app_text01,text/digitter_message.mbe/000_Sheet1.csv,hazama_00_110_2,64,2,0,1,,"Всего я создал пять типов игр! Это означает, что у тебя есть ещё
три варианта, которые можно попробовать."
P3,app_text01,text/digitter_message.mbe/000_Sheet1.csv,hazama_00_120_2,64,2,0,1,,"Всего я создал пять типов игр! Это означает, что у тебя есть ещё
две разновидности, которые можно попробовать."
P3,app_text01,text/digitter_message.mbe/000_Sheet1.csv,hazama_00_140_1,64,2,0,1,,"Поздравляю с победой во всех последних сериях! Ты, без сомнения,
первоклассный Укротитель."
P3,app_text01,text/digitter_message.mbe/000_Sheet1.csv,hazama_00_140_2,64,3,0,1,,"Хотя я действительно хотел бы, чтобы мы могли поговорить с глазу
на глаз, совсем недавно открылись врата обратно в мой родной
мир."
P3,app_text01,text/digitter_message.mbe/000_Sheet1.csv,hazama_02_212_10,64,2,0,1,,"Кит, кит! Запрыгивай ко мне на спину и давай поплывём в открытое
море! Йохохо! Веселье ждёт!"
P3,app_text01,text/digitter_message.mbe/000_Sheet1.csv,hazama_02_213_10,64,2,0,1,,"Я доверю тебе выбрать, куда направить мою мощь. Без сомнения, ты
найдёшь ей хорошее применение."
P3,app_text01,text/digitter_message.mbe/000_Sheet1.csv,hazama_02_220_30,64,2,0,1,,"Добро пожаловать! Это Зал Материалов. Сражайтесь в соответствии
со своими текущими способностями и заработайте много материалов!"
P3,app_text01,text/digitter_message.mbe/000_Sheet1.csv,hazama_02_220_40,64,2,0,1,,"Когда вы устанете и захотите всё бросить, просто выйди за дверь!
Делай столько, сколько хочешь, когда захочешь. Превзойди себя!"
P3,app_text01,text/digitter_message.mbe/000_Sheet1.csv,hazama_05_510_10,64,3,0,1,,"Я немедленно начну твоё обучение мистическим искусствам!
Совершенно особое мистическое искусство... искусство подружиться
со мной!"
P3,app_text01,text/digitter_message.mbe/000_Sheet1.csv,hazama_05_515_10,64,2,0,1,,"Хе-хе... Это был отличный напиток. С нетерпением жду возможности
поделиться с вами ещё..."
P3,app_text01,text/digitter_message.mbe/000_Sheet1.csv,hazama_08_818_10,64,2,0,1,,"Спасибо, что вытащила меня оттуда! Я отнесу тебя туда, куда тебе
нужно!"
P3,app_text01,text/digitter_message.mbe/000_Sheet1.csv,hazama_99_010_2,64,2,0,1,,"Похоже, они понимают человеческую речь. Я попросил их рассказать
мне всё об этом мире."
P3,app_text01,text/digitter_message.mbe/000_Sheet1.csv,hazama_99_040_3,64,3,0,1,,"Похоже, что Дигимоны растут и развиваются, переписывая свои
собственные программы по мере того, как они потребляют различные
виды данных."
P3,app_text01,text/digitter_message.mbe/000_Sheet1.csv,hazama_99_110_3,64,3,0,1,,"Тем не менее, я по-прежнему поражён полиморфизмом Дигимонов. Все
они преобразуются в формы, наиболее подходящие для их среды
обитания."
P3,app_text01,text/digitter_message.mbe/000_Sheet1.csv,hazama_99_140_1,64,3,0,1,,"Они были серьёзно ранены во время добычи полезных ископаемых, но
полностью выздоровели благодаря помощи Венусмон в кратчайшие
сроки."
P3,app_text01,text/digitter_message.mbe/000_Sheet1.csv,hazama_99_180_1,64,2,0,1,,"Дигимон может двигаться с поразительной скоростью. Из тех, что я
видел, Вингдрамон был ослепительно быстр."
P3,app_text01,text/digitter_message.mbe/000_Sheet1.csv,hazama_99_200_2,64,2,0,1,,"Предположительно, они находятся в регионе, называемом Тёмной
Зоной. Я нанесу туда визит, если у меня будет такая возможность."
P3,app_text01,text/digitter_message.mbe/000_Sheet1.csv,main_060_090_020,64,2,0,1,,"Эти враждебные Дигимоны опасны для людей, но Дигимоны, рождённые
через Конверсию, не проявляют таких черт."
P3,app_text01,text/digitter_message.mbe/000_Sheet1.csv,main_060_090_070,64,2,0,1,,"Похоже, оно начало расти... да, как раз около восьми лет назад.
Возможно, именно съёмки, проходящие сейчас, и вызвали этот рост."
P3,app_text01,text/digitter_message.mbe/000_Sheet1.csv,main_070_010_011,64,2,0,1,,"У меня сегодня школа, так что я ушла пораньше. Завтрак на столе.
Угощайся!"
P3,app_text01,text/digitter_message.mbe/000_Sheet1.csv,main_100_050_012,64,2,0,1,,"...Информация, которая может приблизить нас к истине, стоящей за
аномалией, которая означает конец всего - Аду Синдзюку."
P3,app_text01,text/digitter_message.mbe/000_Sheet1.csv,main_110_030_010,64,2,0,1,,"Тёмная тень, хм? Звучит знакомо? Мы видели одну на крыше
Токийского столичного правительства как раз перед Адом Синдзюку."
P3,app_text01,text/digitter_message.mbe/000_Sheet1.csv,main_210_020_090,64,2,0,1,,"Обнаружено огромное количество враждебных Дигимонов! Разберись с
угрозой, пока не стало слишком поздно."
P3,app_text01,text/digitter_message.mbe/000_Sheet1.csv,main_210_030_010,64,2,0,1,,"Переход к враждебности у этих Дигимонов... Я не думал, что такое
превращение возможно."
P3,app_text01,text/digitter_message.mbe/000_Sheet1.csv,main_210_030_040,64,3,0,1,,"...инородное вещество, сеющее хаос в мире...? Это может быть
ближе к истине, чем нам хотелось бы... Выйди на улицу и посмотри
вверх."
P3,app_text01,text/digitter_message.mbe/000_Sheet1.csv,main_230_010_010,64,2,0,1,,"Та история ""Рип Ван Винкль"", упомянутая только что, возможно, на
самом деле произошла от аномалии."
P3,app_text01,text/digitter_message.mbe/000_Sheet1.csv,main_250_050_011,64,1,0,1,,Не все хотят сражаться. То же самое можно сказать о любой войне.
P3,app_text01,text/digitter_message.mbe/000_Sheet1.csv,main_260_080_012,64,3,0,1,,"Большинство этих воинственных Дигимонов потеряли дорогих друзей
из-за Титанов. Так что... можно с уверенностью сказать, что этот
конфликт не основан на логике."
P3,app_text01,text/digitter_message.mbe/000_Sheet1.csv,main_260_080_013,64,2,0,1,,"Меркуримон пока сдерживает их... но я думаю, что вопрос времени,
когда этот котёл закипит."
P3,app_text01,text/digitter_message.mbe/000_Sheet1.csv,main_285_070_012,64,2,0,1,,"Есть вещи, которые я тебе ещё не рассказал. Например... как сон,
который у меня был с детства, наконец сбылся."
P3,app_text01,text/digitter_message.mbe/000_Sheet1.csv,main_290_030_010,64,2,0,1,,"Что-то кажется неправильным. На основе предыдущих данных я решил
установить твоей целью деревню. Тебе следует отправиться туда."
P3,app_text01,text/digitter_message.mbe/000_Sheet1.csv,main_310_015_010,64,2,0,1,,"Поджигатели войны среди Дигимонов... Звучит как нечто, что может
разжечь пламя конфликта."
P3,app_text01,text/digitter_message.mbe/000_Sheet1.csv,main_310_015_020,64,2,0,1,,"Похоже, Меркуримон, как лидер, был вынужден прокладывать трудный
курс."
P3,app_text01,text/digitter_message.mbe/000_Sheet1.csv,main_310_018_020,64,2,0,1,,"Нам всё равно понадобится плод Карпос Хюле... хотя я слышал, что
ранее тебе не удалось его получить..."
P3,app_text01,text/digitter_message.mbe/000_Sheet1.csv,main_310_020_010,64,2,0,1,,"Был такой аниме, которым я был одержим, когда был студентом, под
названием ""Агент Альфа""."
P3,app_text01,text/digitter_message.mbe/000_Sheet1.csv,main_330_000_013,64,2,0,1,,"Он выйдет в любой день, так что жди этого с нетерпением, хорошо,
Инори?"
P3,app_text01,text/digitter_message.mbe/000_Sheet1.csv,main_390_010_030,64,2,0,1,,"Какую уникальную способность получила общественная безопасность?
Кто-то предоставляет им какую-то особую технологию?"
P3,app_text01,text/digitter_message.mbe/000_Sheet1.csv,sub_030_030_1,64,3,0,1,,"О, нет! Помнишь ту секретную базу, о которой я тебе рассказывал?
Пожалуйста, просто приди в деревню!
Просмотреть детали миссии {decision}"
P3,app_text01,text/digitter_message.mbe/000_Sheet1.csv,sub_030_031_1,64,3,0,1,,"В Деревне Зубчатого Леса в последнее время, кажется, царит много
веселой суеты, но я не могу покинуть святилище... так что я всё
пропускаю... Просмотреть детали миссии {decision}"
P3,app_text01,text/digitter_message.mbe/000_Sheet1.csv,sub_040_032_1,64,3,0,1,,"Мы защищаем покой леса! Мы начнём наш патруль с Равнины Парящего
Острова!
Просмотреть детали миссии {decision}"
P3,app_text01,text/digitter_message.mbe/000_Sheet1.csv,sub_070_056_1,64,3,0,1,,"Хм... Я всё ещё не понимаю... Я хочу поговорить об этом ещё, так
что приходи в Деревню Восстания.
Просмотреть детали миссии {decision}"
P3,app_text01,text/digitter_message.mbe/000_Sheet1.csv,sub_080_060_1,64,3,0,1,,"Я не могу так продолжать...! Думаю, мне нужен твой совет. Я буду
ждать в Центральном городе.
Просмотреть детали миссии {decision}"
P3,app_text01,text/digitter_message.mbe/000_Sheet1.csv,sub_110_094_1,64,3,0,1,,"В замке Лорда Плутомона творится что-то странное, но я слишком
напуган, чтобы расследовать... Кто-нибудь, пожалуйста, помогите!
Просмотреть детали миссии {decision}"
P3,app_text01,text/digitter_message.mbe/000_Sheet1.csv,sub_110_099_1,64,3,0,1,,"Я, Галлантмон, пришёл в Факториальный Город, чтобы починить своё
снаряжение, но не ожидал, что меня здесь задержат... Хм.
Просмотреть детали миссии {decision}"
P3,app_text01,text/digitter_message.mbe/000_Sheet1.csv,sub_110_100_1,64,3,0,1,,"Я с ВэрГарурумоном в святилище Зубчатого Леса. Интересно, почему
он так ненавидит людей...
Просмотреть детали миссии {decision}"
P3,app_text01,text/digitter_message.mbe/000_Sheet1.csv,sub_110_111_1,64,3,0,1,,"Угх, как скучно. Куда, чёрт возьми, запропастился Джесмон? Разве
я не сказал встретиться на Арене Рая?
Просмотреть детали миссии {decision}"
P3,app_text01,text/digitter_message.mbe/000_Sheet1.csv,sub_200_147_1,64,3,0,1,,"Я слышал, косплеер пропал в Парке Синдзюку. Я хочу расследовать,
так что давай встретимся на Водной Площади.
Просмотреть детали миссии {decision}"
P3,app_text01,text/digitter_message.mbe/000_Sheet1.csv,sub_200_150_1,64,3,0,1,,"Я проделал весь этот путь до Пляжа Бездны, а здесь никого нет...
Я хочу повеселиться со всеми в океане.
Просмотреть детали миссии {decision}"
P3,app_text01,text/digitter_message.mbe/000_Sheet1.csv,sub_900_216_1,64,3,0,1,,"Я зафиксировал сигнал, не похожий ни на что, что я видел раньше.
Приходи в Промежуточный Театр.
Просмотреть детали миссии {decision}"
P3,app_text01,text/digitter_message.mbe/000_Sheet1.csv,sub_seeketemon_160_010,64,2,0,1,,"В моей душе было то, что тебе нужно? Номер 14, выглядящий чистым
и стройным!"
P3,app_text01,text/digitter_message.mbe/000_Sheet1.csv,sub_seekhiroko_010_010,64,3,0,1,,"В последнее время мне снятся такие странные сны... Но они
суперреалистичные, как будто я на самом деле там. Это может быть
моей следующей большой сенсацией! Просмотреть детали миссии {decision}"
P3,app_text01,text/digitter_message.mbe/000_Sheet1.csv,sub_seekhiroko_020_010,64,3,0,1,,"Что даёт? Мне больше не снятся странные сны! И вот я был ТААААК
близок к убийственной истории! Ну что ж. Думаю, мне просто нужно
продолжать охоту!"
P3,app_text01,text/digitter_message.mbe/000_Sheet1.csv,sub_seekhiroko_090_010,64,3,0,1,,"Мне приснился сон о том, как я спускаюсь под оживленный город. Я
продолжал спускаться всё ниже и ниже через все эти повороты и
изгибы... Типа, обойдусь без этой влажности, хотя! Фух!"
P3,app_text01,text/digitter_message.mbe/000_Sheet1.csv,sub_seekhiroko_100_010,64,3,0,1,,"Итак, вникни в это! В моём сне я исследовал морские глубины!
Типа, я говорю о самом дне, возле этих огромных костей. И, лучше
всего, там были говорящие рыбы!"
P3,app_text01,text/digitter_message.mbe/000_Sheet1.csv,arena_010_070,63,2,0,1,,"Следующий бой завершён! Команда соперника на этот раз
окутана тайной, выиграв все свои предыдущие матчи по умолчанию!"
P3,app_text01,text/digitter_message.mbe/000_Sheet1.csv,field_14_040_1,63,2,0,1,,"Анализ {l2} должен помочь вам найти любые слабые места в стене.
Просмотрите документ, если хотите узнать, как его использовать."
P3,app_text01,text/digitter_message.mbe/000_Sheet1.csv,hazama_00_030_5,63,2,0,1,,"Я пытался уговорить нескольких своих друзей-дигимонов покрутить
их... но даже тот старый чудак Барбамон не может победить их."
P3,app_text01,text/digitter_message.mbe/000_Sheet1.csv,hazama_02_211_10,63,2,0,1,,"Ладно, а теперь пошли за выпивкой! Пока у меня есть мой любимый
напиток, я могу делать всё, что угодно!"
P3,app_text01,text/digitter_message.mbe/000_Sheet1.csv,hazama_02_220_20,63,2,0,1,,"Добро пожаловать! Это Золотой Зал. Сражайтесь в соответствии со
своими текущими способностями и заработайте много иен!"
P3,app_text01,text/digitter_message.mbe/000_Sheet1.csv,hazama_03_300_20,63,2,0,1,,"———Ваша заявка на участие в гонке Пекмон аннулирована.
———Мы надеемся, что вы сможете принять участие в следующий раз!"
P3,app_text01,text/digitter_message.mbe/000_Sheet1.csv,hazama_03_310_10,63,2,0,1,,"Хохо! ♪ Будь то пение или гонки, я просто знаю, что с тобой всё
будет веселее!"
P3,app_text01,text/digitter_message.mbe/000_Sheet1.csv,hazama_03_311_10,63,2,0,1,,"Ии-хи-хи! Договор подписан! Теперь я пробуждаю дремлющий в тебе
магический талант!"
P3,app_text01,text/digitter_message.mbe/000_Sheet1.csv,hazama_08_811_10,63,3,0,1,,"ПРИМЕНЯЕТСЯ ПОСЛЕДНИЙ ПАТЧ... 99%. БИП, БИП... 100%... ПАТЧ
УСПЕШНО ПРИМЕНЁН. ЗДРАВСТВУЙТЕ! Я АНДРОМОН! Я РАД БЫТЬ У ВАС НА
СЛУЖБЕ!"
P3,app_text01,text/digitter_message.mbe/000_Sheet1.csv,hazama_99_070_2,63,2,0,1,,"Моим первым делом будет обследование местности... Думаю, я буду
понемногу изучать Цифровой мир."
P3,app_text01,text/digitter_message.mbe/000_Sheet1.csv,hazama_99_090_2,63,3,0,1,,"Я заметил тенденцию к тому, что храбрым Дигимонам легче
наращивать силу атаки, в то время как заботливые Дигимоны могут
похвастаться более высокой защитой."
P3,app_text01,text/digitter_message.mbe/000_Sheet1.csv,hazama_99_180_2,63,3,0,1,,"Я почти уверен, что они достигают... да, примерно 20 махов.
Огненное звуковое дыхание, которое они выпускают при движении с
такой скоростью, также вызывает ужас."
P3,app_text01,text/digitter_message.mbe/000_Sheet1.csv,hazama_99_200_1,63,2,0,1,,"Я слышал, что Цифровой мир является домом для группы Дигимонов,
известных как ""Семь Великих Повелителей Демонов""..."
P3,app_text01,text/digitter_message.mbe/000_Sheet1.csv,main_010_080_020,63,2,0,1,,"Уничтожение целевого объекта подтверждено. Продолжайте движение
к целевым координатам."
P3,app_text01,text/digitter_message.mbe/000_Sheet1.csv,main_020_160_010,63,2,0,1,,"Взаимодействия с неизвестной фазово-электронной формой жизни...
Должен быть ценным образцом."
P3,app_text01,text/digitter_message.mbe/000_Sheet1.csv,main_050_020_011,63,3,0,1,,"Я отправил координаты на твою карту. Нам необходимо подтвердить
точность системы данных о местоположении, так что я ценю твоё
сотрудничество."
P3,app_text01,text/digitter_message.mbe/000_Sheet1.csv,main_050_030_010,63,1,0,1,,Ты смог поговорить с папой? Он не сказал тебе ничего странного?
P3,app_text01,text/digitter_message.mbe/000_Sheet1.csv,main_050_030_011,63,2,0,1,,"Ты всегда можешь его отшить, если он начнёт докучать вопросами!
Я точно ему всыплю!"
P3,app_text01,text/digitter_message.mbe/000_Sheet1.csv,main_050_030_021,63,3,0,1,,"Возможно, причина в сообщениях Дигилайн, которые были только
что. По крайней мере, журнал этих сообщений уже должен был быть
на её устройстве."
P3,app_text01,text/digitter_message.mbe/000_Sheet1.csv,main_060_080_012,63,3,0,1,,"Мне нужна каждая крупица информации о ней, какой бы
незначительной она ни была. Этот мир... У него... заканчивается
время, и быстро."
P3,app_text01,text/digitter_message.mbe/000_Sheet1.csv,main_060_090_030,63,3,0,1,,"Подземка Синдзюку - это логово враждебных Дигимонов, но тот, за
которым ты следишь, ведёт себя иначе. Может, мы получим
достоверные данные."
P3,app_text01,text/digitter_message.mbe/000_Sheet1.csv,main_060_090_040,63,2,0,1,,"Все эти враждебные Дигимоны находятся в подземке Синдзюку с тех
самых пор, восемь лет назад."
P3,app_text01,text/digitter_message.mbe/000_Sheet1.csv,main_070_020_011,63,2,0,1,,"Только не забывай о важном. Через восемь лет всё, что ты видишь
там сейчас, будет в руинах."
P3,app_text01,text/digitter_message.mbe/000_Sheet1.csv,main_090_060_012,63,2,0,1,,"Боже мой. Всё, что мы когда-либо думали, что знаем, разбивается
на кусочки."
P3,app_text01,text/digitter_message.mbe/000_Sheet1.csv,main_090_080_010,63,2,0,1,,"Ты сейчас смотрел телевизор?! Что это вообще было? На секунду в
этой трансляции появилось что-то довольно жуткое...!"
P3,app_text01,text/digitter_message.mbe/000_Sheet1.csv,main_100_050_010,63,2,0,1,,"Внешние подземелья? Аномальные явления продолжают поступать...
Но нет времени глазеть. Это отличный шанс собрать информацию..."
P3,app_text01,text/digitter_message.mbe/000_Sheet1.csv,main_150_010_011,63,2,0,1,,"И я вижу, конфликт между тамошними Дигимонами стал довольно
серьёзным. Может, это похоже на ситуацию восьмилетней давности?"
P3,app_text01,text/digitter_message.mbe/000_Sheet1.csv,main_170_010_010,63,3,0,1,,"В Цифровом Мире есть своё море? Я представляю, что некоторые из
наблюдений русалок на протяжении веков на самом деле были
Дигимонами..."
P3,app_text01,text/digitter_message.mbe/000_Sheet1.csv,main_180_010_011,63,3,0,1,,"Бьюсь об заклад, ты помнишь таинственное исчезновение твоего
собственного приёмного отца. Существует отчётливая возможность,
что доктор Юки оказался там, в том мире."
P3,app_text01,text/digitter_message.mbe/000_Sheet1.csv,main_210_010_010,63,2,0,1,,"Чтобы направиться к зданию правительства, куда упало сокровище,
тебе нужно разобраться с Титанами на поверхности."
P3,app_text01,text/digitter_message.mbe/000_Sheet1.csv,main_210_010_020,63,2,0,1,,"Многочисленные показания врага... Должно быть, это Титаны. Тебе
лучше хорошо подготовиться, прежде чем двигаться вперёд."
P3,app_text01,text/digitter_message.mbe/000_Sheet1.csv,main_210_020_130,63,1,0,1,,"Интересно, как люди восприняли вид падающих с неба Дигимонов..."
P3,app_text01,text/digitter_message.mbe/000_Sheet1.csv,main_210_020_150,63,2,0,1,,"Сокровище упало в сторону Токийского столичного правительства в
Ниси-Синдзюку."
P3,app_text01,text/digitter_message.mbe/000_Sheet1.csv,main_235_040_010,63,3,0,1,,"Что касается Доктора Юки... Что ж, только сейчас мы можем
объяснить его исчезновение. Ведь теперь и мы пережили нарушение
пространства и времени."
P3,app_text01,text/digitter_message.mbe/000_Sheet1.csv,main_250_040_011,63,2,0,1,,"Это придаёт ещё больше веса словам Меркуримона о том, что им не
остаётся ничего, кроме как сопротивляться."
P3,app_text01,text/digitter_message.mbe/000_Sheet1.csv,main_260_050_012,63,3,0,1,,"Но если аномалии на самом деле связаны с Дигимонами, ассоциация
начинает размываться. Если бы мы только могли понять принципы,
стоящие за всем этим, мы могли бы взорвать всё это дело."
P3,app_text01,text/digitter_message.mbe/000_Sheet1.csv,main_260_080_011,63,2,0,1,,"В рядах Меркуримона также есть определённое число ""поджигателей
войны"", и эти Дигимоны сейчас готовятся к битве."
P3,app_text01,text/digitter_message.mbe/000_Sheet1.csv,main_290_070_010,63,2,0,1,,"Я получаю массивные показания в районе святилища. Возможно, это
Бахусмон. Пожалуйста, сходи и посмотри."
P3,app_text01,text/digitter_message.mbe/000_Sheet1.csv,main_310_018_030,63,2,0,1,,"Я пойду и поищу его сам. С состоянием Меркуримона дорога каждая
минута."
P3,app_text01,text/digitter_message.mbe/000_Sheet1.csv,main_320_010_012,63,2,0,1,,"Это может привести к серьёзному нарушению пространства-времени.
Мы должны принять решение, пока не стало слишком поздно..."
P3,app_text01,text/digitter_message.mbe/000_Sheet1.csv,main_390_130_010,63,2,0,1,,"Мне есть что тебе сказать. Приходи повидаться со мной в Деревне
Восстания."
P3,app_text01,text/digitter_message.mbe/000_Sheet1.csv,main_400_000_020,63,3,0,1,,"Они утверждают, что оно предназначено для ""контроля"", но на
самом деле это просто машина для убийств. Отключи ограничитель,
и оно, по-видимому, уничтожит каждую биоподпись в окрестностях."
P3,app_text01,text/digitter_message.mbe/000_Sheet1.csv,sub_010_001_1,63,3,0,1,,"Футболки пропадают! Это аномальное явление? Приходи в офис папы
Инори, и я тебе всё расскажу!
Просмотреть детали миссии {decision}"
P3,app_text01,text/digitter_message.mbe/000_Sheet1.csv,sub_010_159_1,63,3,0,1,,"Что вообще означает 'двадцатейший'...? Я сейчас совсем потерян,
поэтому просто стою в заднем переулке в Синдзюку...
Просмотреть детали миссии {decision}"
P3,app_text01,text/digitter_message.mbe/000_Sheet1.csv,sub_010_179_1,63,3,0,1,,"Чёрт, какая западня. Кто-то заперся в туалете и не выходит. Они
всё бормочут о каком-то капитане и каком-то оружии...
Просмотреть детали миссии {decision}"
P3,app_text01,text/digitter_message.mbe/000_Sheet1.csv,sub_030_029_1,63,3,0,1,,"Наличие группы сделало бы вечеринку более оживлённой. Мне нужна
твоя помощь. Я буду ждать тебя в Деревне Зубчатого Леса.
Просмотреть детали миссии {decision}"
P3,app_text01,text/digitter_message.mbe/000_Sheet1.csv,sub_040_160_1,63,3,0,1,,"Конечно, я стал сильнее. Но теперь, когда Старшего Брата... Что
нам делать с Ареной Рая?
Просмотреть детали миссии {decision}"
P3,app_text01,text/digitter_message.mbe/000_Sheet1.csv,sub_100_089_1,63,3,0,1,,"Помощники, которых я привёл, находятся на Арене Рая. Тебе стоит
сходить к ним и напомнить им об их роли.
Просмотреть детали миссии {decision}"
P3,app_text01,text/digitter_message.mbe/000_Sheet1.csv,sub_100_178_1,63,3,0,1,,"Трое ведущих хотят передать тебе кое-что. Пожалуйста, приходи в
VIP-комнату Промежуточного Театра.
Просмотреть детали миссии {decision}"
P3,app_text01,text/digitter_message.mbe/000_Sheet1.csv,sub_110_090_1,63,3,0,1,,"Я подтвердил аномальное явление! Но у меня есть ощущение, что
это немного сложно. Я в задних переулках Акихабары. Найди меня!
Просмотреть детали миссии {decision}"
P3,app_text01,text/digitter_message.mbe/000_Sheet1.csv,sub_110_106_1,63,3,0,1,,"Динасмон и ЛордНайтмон спорят в Центральной Башне, и шум сводит
меня с ума. Не мог бы ты поговорить с ними?
Просмотреть детали миссии {decision}"
P3,app_text01,text/digitter_message.mbe/000_Sheet1.csv,sub_110_108_1,63,3,0,1,,"Подумать только, что никто из них не смог заметить меня... Это
впервые. А я ведь проделал весь этот путь до Центральной Башни!
Просмотреть детали миссии {decision}"
P3,app_text01,text/digitter_message.mbe/000_Sheet1.csv,sub_200_148_1,63,3,0,1,,"Есть несколько Дигимонов, которые очень боятся людей. Я приду к
тебе домой в Центральный город, чтобы рассказать тебе всё об
этом. Просмотреть детали миссии {decision}"
P3,app_text01,text/digitter_message.mbe/000_Sheet1.csv,sub_seeketemon_180_010,63,1,0,1,,Моя душа потрясающая! Число 16 ещё никогда не было таким милым!
P3,app_text01,text/digitter_message.mbe/000_Sheet1.csv,sub_seeketemon_200_010,63,2,0,1,,"Братан! Ты нашёл все мои души! Сиди смирно, пока я проверю, всё
ли в порядке! Я свяжусь с тобой позже!"
P3,app_text01,text/digitter_message.mbe/000_Sheet1.csv,sub_seekhiroko_110_010,63,3,0,1,,"Итак, посреди леса была железнодорожная станция, и там были эти
говорящие цветы и растения, которые говорили, что они охраняют
лес. Это то, что было в моём сне."
P3,app_text01,text/digitter_message.mbe/000_Sheet1.csv,arena_010_220,62,2,0,1,,"Величайший Двадцатилетний согласился сразиться с тобой! У меня
только один вопрос... Кто или что такое 'Двадцатилетний'?"
P3,app_text01,text/digitter_message.mbe/000_Sheet1.csv,hazama_00_030_6,62,3,0,1,,"Для существ с искусственным интеллектом они абсолютно не умеют
играть в игры. Я был бы рад, если бы вы или кто-нибудь другой
попробовал мои."
P3,app_text01,text/digitter_message.mbe/000_Sheet1.csv,hazama_00_030_7,62,2,0,1,,"Выиграйте игру, и я подарю вам кое-что особенное, что я припас
для тебя."
P3,app_text01,text/digitter_message.mbe/000_Sheet1.csv,hazama_00_040_2,62,2,0,1,,"Но у меня все ещё есть много шедевров, которые ждут вас. Смело
беритесь и за них!"
P3,app_text01,text/digitter_message.mbe/000_Sheet1.csv,hazama_00_140_3,62,2,0,1,,"Однако он очень нестабилен, так что никто не знает, смогу ли я
вернуться сюда снова."
P3,app_text01,text/digitter_message.mbe/000_Sheet1.csv,hazama_00_140_5,62,2,0,1,,"Поэтому я хочу сделать всё, что в моих силах, чтобы убедиться,
что люди и Дигимоны поладят, когда это произойдёт."
P3,app_text01,text/digitter_message.mbe/000_Sheet1.csv,hazama_00_140_7,62,3,0,1,,"Я не уверен, что я действительно могу сделать, но я всё равно
собираюсь попробовать. Вот почему я доверил тебе мой тщательно
выращенный Дигимон."
P3,app_text01,text/digitter_message.mbe/000_Sheet1.csv,hazama_08_810_10,62,2,0,1,,"Спасибо, что взял меня с собой! Гугу! Теперь я могу заниматься
весёлыми вещами! Гага!"
P3,app_text01,text/digitter_message.mbe/000_Sheet1.csv,hazama_99_010_1,62,2,0,1,,"Первый день с момента прибытия сюда. Я столкнулся с некоторыми
формами жизни, называемыми ""Дигимон""."
P3,app_text01,text/digitter_message.mbe/000_Sheet1.csv,hazama_99_020_2,62,3,0,1,,"Похоже, оно программируется на языке ассемблера. Я едва помню,
как это делается, но посмотрю, что смогу сделать, когда у меня
будет немного свободного времени."
P3,app_text01,text/digitter_message.mbe/000_Sheet1.csv,hazama_99_030_1,62,2,0,1,,"Третий день с момента прибытия сюда. Дигимон поделился со мной
чем-то под названием ""Дигимясо""."
P3,app_text01,text/digitter_message.mbe/000_Sheet1.csv,hazama_99_050_1,62,2,0,1,,"Пятый день с момента прибытия сюда. Я всё ещё не нашёл способа
вернуться в свой мир."
P3,app_text01,text/digitter_message.mbe/000_Sheet1.csv,hazama_99_050_2,62,2,0,1,,"Однако, пока я возился с этим устройством, мне удалось открыть
врата в Цифровой мир."
P3,app_text01,text/digitter_message.mbe/000_Sheet1.csv,hazama_99_050_3,62,2,0,1,,"Снаружи это кажется довольно опасным... так что, может быть, я
ещё немного подготовлюсь, прежде чем рискну выйти."
P3,app_text01,text/digitter_message.mbe/000_Sheet1.csv,hazama_99_100_2,62,3,0,1,,"Возможность провести физическую атаку стихией огня, поражающую
всех врагов, чрезвычайно хороша. Это должно компенсировать
низкую защиту Дигимона."
P3,app_text01,text/digitter_message.mbe/000_Sheet1.csv,hazama_99_110_4,62,3,0,1,,"Более того, несмотря на то, что предполагается, что это всего
лишь программы, временами я ловлю себя на том, что думаю о них
как о разумных существах, подобных людям."
P3,app_text01,text/digitter_message.mbe/000_Sheet1.csv,main_010_010_020,62,2,0,1,,"Ты можешь просматривать сообщения на своём Дигивайсе. Мы будем
активно использовать Дигилайн в дальнейшем."
P3,app_text01,text/digitter_message.mbe/000_Sheet1.csv,main_060_090_010,62,2,0,1,,"Кажется, ряд образцов Дигимонов признаёт всё, чего они никогда
раньше не видели, врагом, без лишних вопросов."
P3,app_text01,text/digitter_message.mbe/000_Sheet1.csv,main_060_090_060,62,3,0,1,,"Насчёт ОккультТокио ТВ, о котором шла речь... По данным видно,
что за восемь лет число его подписчиков выросло до двух
миллионов."
P3,app_text01,text/digitter_message.mbe/000_Sheet1.csv,main_070_020_010,62,2,0,1,,"Именно ты находишься на земле в том мире, так что мне придётся
оставить все решения на месте на тебя."
P3,app_text01,text/digitter_message.mbe/000_Sheet1.csv,main_080_060_013,62,2,0,1,,"Куда бы они ни направлялись, можешь быть уверен, что там будут
появляться новые аномалии."
P3,app_text01,text/digitter_message.mbe/000_Sheet1.csv,main_090_080_011,62,2,0,1,,"А теперь они просто пытаются сделать вид, что ничего не было?!
Вау! Это жесть..."
P3,app_text01,text/digitter_message.mbe/000_Sheet1.csv,main_210_020_030,62,2,0,1,,"Это определённо звучало так, будто идёт бой. Возможно, офицеры
общественной безопасности под атакой."
P3,app_text01,text/digitter_message.mbe/000_Sheet1.csv,main_210_020_041,62,3,0,1,,"Наш анализ показывает, что это очень похоже на лабиринт.
Следовательно, самый эффективный путь, скорее всего, пролегает
под землёй."
P3,app_text01,text/digitter_message.mbe/000_Sheet1.csv,main_210_020_050,62,2,0,1,,"Она упомянула базу на станции Хигаси-Синдзюку? Вероятно, она в
депо метро. Я отметил место на твоей карте."
P3,app_text01,text/digitter_message.mbe/000_Sheet1.csv,main_210_020_080,62,2,0,1,,"Показания Дигимонов приближаются к генератору электромагнитной
сети."
P3,app_text01,text/digitter_message.mbe/000_Sheet1.csv,main_230_010_012,62,2,0,1,,"...прошёл большой промежуток времени, прямо как в той истории.
Это не может быть совпадением."
P3,app_text01,text/digitter_message.mbe/000_Sheet1.csv,main_300_070_010,62,2,0,1,,"Я думаю, тебе стоит иметь в виду ту ""обиду"", о которой говорил
Титан."
P3,app_text01,text/digitter_message.mbe/000_Sheet1.csv,main_330_010_010,62,2,0,1,,"Я нашёл способ избавить Меркуримона от этого яда! Я приготовлю
ингредиенты и отправлюсь в Деревню Восстания."
P3,app_text01,text/digitter_message.mbe/000_Sheet1.csv,main_340_000_010,62,2,0,1,,"Как только все увидят, что я создал, они точно будут сидеть на
краешках своих мест."
P3,app_text01,text/digitter_message.mbe/000_Sheet1.csv,main_340_010_013,62,3,0,1,,"Если гипотеза исследовательской группы верна и их агрессия
подобна гиперактивной иммунной системе, это имело бы смысл, не
так ли?"
P3,app_text01,text/digitter_message.mbe/000_Sheet1.csv,main_340_020_012,62,3,0,1,,"У меня нет никаких доказательств, но если я прав, это имело бы
смысл, что враждебные Дигимоны увеличиваются с каждым
путешествием во времени."
P3,app_text01,text/digitter_message.mbe/000_Sheet1.csv,main_390_010_010,62,2,0,1,,"Похоже, они используют захваченных Дигимонов для своей системы
безопасности. Никакой красоты в этом... Никакой красоты..."
P3,app_text01,text/digitter_message.mbe/000_Sheet1.csv,main_390_010_020,62,2,0,1,,"Как им удалось захватить и контролировать всех этих Дигимонов?
Они ведь не беззащитны..."
P3,app_text01,text/digitter_message.mbe/000_Sheet1.csv,main_400_000_010,62,2,0,1,,"Я услышал об оружии от Куги после того, как мы захватили его.
Похоже, они включили любые части, которые могли, от Дигимонов."
P3,app_text01,text/digitter_message.mbe/000_Sheet1.csv,main_400_000_030,62,3,0,1,,"Я знаю, что Куга раньше работал под моим началом, но он
действительно жалок. Его амбиции лишили его всего самоуважения
как учёного..."
P3,app_text01,text/digitter_message.mbe/000_Sheet1.csv,main_440_070_045,62,2,0,1,,"Тот мир был насильственно соединён с нашим. Где-то должна быть
""точка искажения""."
P3,app_text01,text/digitter_message.mbe/000_Sheet1.csv,main_440_070_050,62,3,0,1,,"Если поблизости есть какой-то крупный источник энергии, я могу
использовать его в качестве ориентира для твоего
местоположения..."
P3,app_text01,text/digitter_message.mbe/000_Sheet1.csv,main_440_070_055,62,2,0,1,,"Изменилось ли что-нибудь в той местности, которую ты видел так
много раз раньше?"
P3,app_text01,text/digitter_message.mbe/000_Sheet1.csv,sub_010_180_1,62,3,0,1,,"Разносите новость! Есть не один, а ДВА невероятно качественных
косплеера! Приходите посмотреть на них у Южного Выхода
Электрического Города! Просмотреть детали миссии {decision}"
P3,app_text01,text/digitter_message.mbe/000_Sheet1.csv,sub_050_041_1,62,3,0,1,,"Мой напарник по безопасности из Центральной Башни ещё не
вернулся с работы. Мы должны были встретиться в центре города.
Он что, бездельничает? Просмотреть детали миссии {decision}"
P3,app_text01,text/digitter_message.mbe/000_Sheet1.csv,sub_080_059_1,62,3,0,1,,"Я хочу отправиться в путешествие с Блимпмоном. Я не могу вечно
оставаться в Центральном городе!
Просмотреть детали миссии {decision}"
P3,app_text01,text/digitter_message.mbe/000_Sheet1.csv,sub_110_092_1,62,3,0,1,,"Мне удалось вовремя добраться до Центральной Башни... но все в
этом мире такие сильные, что я начинаю сомневаться в себе.
Просмотреть детали миссии {decision}"
P3,app_text01,text/digitter_message.mbe/000_Sheet1.csv,sub_110_093_1,62,3,0,1,,"Я одолею бессмертного коня Тёмного Сада и тем самым верну себе
уверенность как рыцарь!
Просмотреть детали миссии {decision}"
P3,app_text01,text/digitter_message.mbe/000_Sheet1.csv,sub_110_102_1,62,3,0,1,,"Я пришёл в Святилище Бездны, чтобы починить свою броню, но как
мне устроить встречу с Нептунемоном?
Просмотреть детали миссии {decision}"
P3,app_text01,text/digitter_message.mbe/000_Sheet1.csv,sub_110_112_1,62,3,0,1,,"Я стою в очереди в 'Яро-кэй Рамен' в Акихабаре, но что бы я ни
говорил, я всегда получаю не тот заказ....
Просмотреть детали миссии {decision}"
P3,app_text01,text/digitter_message.mbe/000_Sheet1.csv,sub_110_211_1,62,3,0,1,,"Мы восстановили большую часть своих сил. Приходи в Центральную
Башню как можно скорее. Мы будем ждать тебя!
Просмотреть детали миссии {decision}"
P3,app_text01,text/digitter_message.mbe/000_Sheet1.csv,sub_clear_010_020,62,2,0,1,,"Как и ожидалось от человека твоего уровня. Приступайте к своей
основной миссии."
P3,app_text01,text/digitter_message.mbe/000_Sheet1.csv,sub_clear_010_040,62,2,0,1,,"Ваш неоценимый вклад был отмечен. Приступайте к своей основной
миссии."
P3,app_text01,text/digitter_message.mbe/000_Sheet1.csv,sub_seeketemon_130_010,62,1,0,1,,"Моя душа поддерживает хорошие флюиды! Номер 11, прямо с небес!"
P3,app_text01,text/digitter_message.mbe/000_Sheet1.csv,sub_seeketemon_140_010,62,2,0,1,,"Это моя душа, детка! Понимаешь, о чём я? Дай мне дюжину таких,
как номер 12!"
P3,app_text01,text/digitter_message.mbe/000_Sheet1.csv,sub_seekhiroko_050_010,62,3,0,1,,"Мне приснился сон о великолепной вечеринке под огромной ёлкой!
Казалось, что всем было очень весело! Интересно, бывают ли
повторы во снах..."
P3,app_text01,text/digitter_message.mbe/000_Sheet1.csv,sub_seekhiroko_060_010,62,2,0,1,,"Мне снился потрясающий город, полный пыхтящих машин! Жаль, что
Инори тоже не видела этого! Пейзаж был таким же классным!"
P3,app_text01,text/digitter_message.mbe/000_Sheet1.csv,sub_seekhiroko_070_010,62,3,0,1,,"Мне снилось место с кучей ангельских людей. И там был коридор,
где пол двигался вместе с тобой, когда ты шёл. Невозможно было
понять смысл во всём этом!"
P3,app_text01,text/digitter_message.mbe/000_Sheet1.csv,sub_seekkuga_010_010,62,3,0,1,,"Зачистка Курамона в твоих способных руках. Они могут прятаться
где угодно в городе. Но твоих навыков более чем достаточно для
этой задачи, не так ли? Хи-хи. Просмотреть детали миссии {decision}"
P3,app_text01,text/digitter_message.mbe/000_Sheet1.csv,sub_seekkuga_020_010,62,3,0,1,,"Ты истребил всех Курамонов! Должен сказать, я понятия не имел,
что Куга такой завистливый парень. Это послужит отличным
материалом для исследования. Спасибо!"
P3,app_text01,text/digitter_message.mbe/000_Sheet1.csv,dlc_000_010_1,61,3,0,1,,"Техническое обслуживание лифта в задней части Промежуточного
Театра теперь завершено. Не мог бы ты зайти взглянуть? Я бы
хотел провести для тебя экскурсию. Просмотреть детали миссии {decision}"
P3,app_text01,text/digitter_message.mbe/000_Sheet1.csv,dlc_010_010_1,61,3,0,1,,"Возникла проблема, касающаяся естественных законов мира. Я бы
хотел, чтобы ты её исследовал.
Просмотреть детали миссии {decision}"
P3,app_text01,text/digitter_message.mbe/000_Sheet1.csv,field_03_160_0,61,2,0,1,,"Не забывай, что Дивермон - Титан... Я не уверен, насколько мы
можем ему доверять."
P3,app_text01,text/digitter_message.mbe/000_Sheet1.csv,field_03_160_1,61,2,0,1,,"Возможно, он даже не вернется, как обещал. И вот мы здесь, на
дне океана..."
P3,app_text01,text/digitter_message.mbe/000_Sheet1.csv,hazama_00_100_3,61,2,0,1,,"Всего я создал пять типов игр. Я рекомендую вам попробовать и
остальные четыре разновидности!"
P3,app_text01,text/digitter_message.mbe/000_Sheet1.csv,hazama_02_220_10,61,2,0,1,,"Добро пожаловать! Это Зал Опыта. Сражайтесь в соответствии со
своими текущими способностями и заработайте много опыта!"
P3,app_text01,text/digitter_message.mbe/000_Sheet1.csv,hazama_04_415_10,61,2,0,1,,"Теперь я, наконец, могу поделиться своим материалом с внешним
миром! Давайте сметём всех большой волной комедии!"
P3,app_text01,text/digitter_message.mbe/000_Sheet1.csv,hazama_08_813_10,61,2,0,1,,"Я чувствую, что ты сражаешься со многими жестокими врагами...
Поэтому я клянусь своим клинком, что сохраню твою жизнь."
P3,app_text01,text/digitter_message.mbe/000_Sheet1.csv,hazama_99_100_4,61,3,0,1,,"Тем не менее, раздражает невозможность оценить характеристики
противника, не сразившись с ним сначала. Если бы только был
какой-то способ узнать его статистику заранее..."
P3,app_text01,text/digitter_message.mbe/000_Sheet1.csv,hazama_99_110_2,61,2,0,1,,"Я изрядно изучил Цифровой мир, но до сих пор не нашёл способа
вернуться домой."
P3,app_text01,text/digitter_message.mbe/000_Sheet1.csv,hazama_99_160_2,61,2,0,1,,"По словам Виззардмон, его используют для эволюции в гибридные
формы."
P3,app_text01,text/digitter_message.mbe/000_Sheet1.csv,main_020_070_030,61,3,0,1,,"При прогрессивном усилении в конечном итоге упреждающая атака
твоей Дигиатаки {r2} иногда будет достаточной, чтобы закончить
битву до её начала."
P3,app_text01,text/digitter_message.mbe/000_Sheet1.csv,main_020_090_010,61,2,0,1,,"Похоже, подземный лифт снова работает. Направляйся к метке на
карте."
P3,app_text01,text/digitter_message.mbe/000_Sheet1.csv,main_020_120_010,61,2,0,1,,"Я продолжу подниматься наверх. Я беспокоюсь о нашем маленьком
друге!"
P3,app_text01,text/digitter_message.mbe/000_Sheet1.csv,main_070_010_012,61,1,0,1,,"И, пожалуйста, присмотри за Эгиомоном, пока меня нет, хорошо?"
P3,app_text01,text/digitter_message.mbe/000_Sheet1.csv,main_070_090_010,61,2,0,1,,"Когда я вернулась из школы, дом был пуст. Куда все ушли? И не
сказав мне?!"
P3,app_text01,text/digitter_message.mbe/000_Sheet1.csv,main_080_060_014,61,1,0,1,,Может ли быть связь с Адом Синдзюку? Продолжай расследование.
P3,app_text01,text/digitter_message.mbe/000_Sheet1.csv,main_170_010_012,61,3,0,1,,"И в конце концов... сам доктор пропал без вести из-за такой
аномалии. Почти нельзя не восхищаться замкнувшимся кругом его
жизни."
P3,app_text01,text/digitter_message.mbe/000_Sheet1.csv,main_170_010_013,61,2,0,1,,"Не было бы иронично, если бы он попал в Цифровой мир и просто
остался там продолжать свои исследования..."
P3,app_text01,text/digitter_message.mbe/000_Sheet1.csv,main_180_010_010,61,2,0,1,,"Из того, что я слышал, Инори Мисоно и её отец потеряли членов
семьи из-за аномалии. Должно быть, это было довольно тяжело."
P3,app_text01,text/digitter_message.mbe/000_Sheet1.csv,main_180_010_012,61,2,0,1,,"Это лишь слабая надежда. Тем не менее, вероятно, хорошая идея
держать это в уме."
P3,app_text01,text/digitter_message.mbe/000_Sheet1.csv,main_210_020_100,61,2,0,1,,"Генераторы электромагнитной сети замедлили движение показаний
врага."
P3,app_text01,text/digitter_message.mbe/000_Sheet1.csv,main_210_020_111,61,2,0,1,,"Прямо противоположная ситуация, когда ты впервые пришёл сюда.
Какая ирония!"
P3,app_text01,text/digitter_message.mbe/000_Sheet1.csv,main_235_040_011,61,2,0,1,,"Все точки начинают соединяться, не отрицаю этого. Может, есть
даже способ найти доктора..."
P3,app_text01,text/digitter_message.mbe/000_Sheet1.csv,main_260_050_010,61,3,0,1,,"Так что, полагаю, это похоже на возвращение из царства сна в
истории ""Рип Ван Винкль"". Ты мог бы даже написать продолжение
после всего, что пережил."
P3,app_text01,text/digitter_message.mbe/000_Sheet1.csv,main_285_070_011,61,2,0,1,,"Напиши мне, если видишь это. Пожалуйста! Я больше не могу так
волноваться."
P3,app_text01,text/digitter_message.mbe/000_Sheet1.csv,main_290_040_010,61,3,0,1,,"Боюсь, данные, которые нам присылают оттуда, тоже не выглядят
обнадёживающими... Можешь найти какой-нибудь способ
продвинуться?"
P3,app_text01,text/digitter_message.mbe/000_Sheet1.csv,main_300_070_012,61,2,0,1,,"Будет слишком поздно, когда мы окажемся в самой гуще событий.
Тогда уже не будет способа остановить Ад Синдзюку."
P3,app_text01,text/digitter_message.mbe/000_Sheet1.csv,main_310_020_021,61,2,0,1,,"Но цель изменилась. Она заключалась в том, чтобы позвать тебя
после твоего исчезновения восемь лет назад."
P3,app_text01,text/digitter_message.mbe/000_Sheet1.csv,main_330_000_011,61,2,0,1,,"Я планировал её как дань уважения ""Агенту Альфе"" — внешне, во
всяком случае."
P3,app_text01,text/digitter_message.mbe/000_Sheet1.csv,main_340_010_011,61,2,0,1,,"Мир, в который ты путешествовал во времени, определённо полон
более враждебных Дигимонов, чем мир, который я знаю."
P3,app_text01,text/digitter_message.mbe/000_Sheet1.csv,main_440_070_020,61,2,0,1,,"...Время...! Если бы вы могли... отве...ить сра...у, я был бы
приз...ателен..."
P3,app_text01,text/digitter_message.mbe/000_Sheet1.csv,sub_010_003_2,61,3,0,1,,"Не все кадры, которые я снял в Парке Синдзюку, получились
отлично, но я доволен результатами. Чувствую, что монетизация
уже близко!"
P3,app_text01,text/digitter_message.mbe/000_Sheet1.csv,sub_050_042_1,61,3,0,1,,"Я не могу достать перо Пэрротмона, потому что Титаны мешают!
Может, мне стоит сходить в центр города и переосмыслить план.
Просмотреть детали миссии {decision}"
P3,app_text01,text/digitter_message.mbe/000_Sheet1.csv,sub_070_167_1,61,3,0,1,,"Мне нужно рассказать тебе о том, что меня беспокоит... Я могу
поделиться этим только с тобой. Я буду ждать в моём доме в
центре города! Просмотреть детали миссии {decision}"
P3,app_text01,text/digitter_message.mbe/000_Sheet1.csv,sub_095_082_1,61,3,0,1,,"Я получил деталь от отличной фигурки, и у меня есть несколько
вопросов о ней. Приходи повидаться со мной в Ядре Факториала.
Просмотреть детали миссии {decision}"
P3,app_text01,text/digitter_message.mbe/000_Sheet1.csv,sub_900_162_2,61,2,0,1,,"Похоже, ты побил Карточного короля. Ты заслужил право увидеть
меня. Я буду ждать тебя в Синдзюку."
P3,app_text01,text/digitter_message.mbe/000_Sheet1.csv,sub_910_170_1,61,3,0,1,,"Есть кое-кто, с кем я хочу тебя познакомить. Мы встречаемся в
офисе, так что я хочу, чтобы ты тоже пришёл.
Просмотреть детали миссии {decision}"
P3,app_text01,text/digitter_message.mbe/000_Sheet1.csv,sub_seeketemon_010_010,61,3,0,1,,"Мои души пропали, йо! Так боюсь, что они замёрзнут... Братан!
Помоги Дигимону! Найди все мои души для меня, а?!
Просмотреть детали миссии {decision}"
P3,app_text01,text/digitter_message.mbe/000_Sheet1.csv,sub_seeketemon_100_010,61,2,0,1,,"Чокнутые болваны заставляют мою душу бурлить! Число 8 и жизнь
прекрасны!"
P3,app_text01,text/digitter_message.mbe/000_Sheet1.csv,sub_seekhiroko_120_010,61,3,0,1,,"Я был в музее, где был огромный робот! Почти уверен, что его
создал какой-нибудь гениальный изобретатель... О, кстати, это
был сон."
P3,app_text01,text/digitter_message.mbe/000_Sheet1.csv,sub_seekhiroko_130_010,61,3,0,1,,"Я побывал в этой сверкающей комнате во сне. Там было то, что,
как мне кажется, было стулом, очень высоким, с действительно
большим лицом на нём. Извини. Я знаю, это трудно представить!"
