#,id,english_name,local_russian_name,wiki_page,wiki_russian_name,status,matched_by,matched_candidate,wiki_url
4,char_CRESCEMON,Crescemon,Крескемон,,,no_wiki_match,,,
15,char_MINOTAURMON,Minotarumon,Минотарумон,,,no_wiki_match,,,
20,char_MARINEANGEMON,MarineAngemon,Маринангемон,,,no_wiki_match,,,
22,char_GRADEMON,Grademon,Градемон,,,no_wiki_match,,,
26,char_MATADRMON,Matadormon,Матадормон,,,no_wiki_match,,,
29,char_LILITHMON,Lilithmon,Лилитмон,,,no_wiki_match,,,
38,char_BELPHEMON_RM,Belphemon RM,Бельфемон РМ,,,no_wiki_match,,,
39,char_BELPHEMON_RM_BIG,Belphemon RM,Бельфемон РМ,,,no_wiki_match,,,
43,char_CATCHMAMEMON,CatchMamemon,КатчМамаемон,,,no_wiki_match,,,
44,char_CHRONOMON,Chronomon HM,"Хрономон , ХМ",,,no_wiki_match,,,
45,char_CHRONOMON_DESTROY,Chronomon DM,Хрономон DM,,,no_wiki_match,,,
49,char_BANCHOLEOMON,BanchoLeomon,БанхоЛеомон,,,no_wiki_match,,,
59,char_VOLCAMON,Volcanomon,Волканомон,,,no_wiki_match,,,
60,char_PILEVOLCAMON,PileVolcanomon,ПилеВолканомон,,,no_wiki_match,,,
63,char_PLATINUMNUMEMON,PlatinumNumemon,ПлатинаНумемон,,,no_wiki_match,,,
70,char_SHAWUJINMON,Shaujinmon,Шауджинмон,,,no_wiki_match,,,
74,char_MERCURYMON,Merukimon,Мерукимон,,,no_wiki_match,,,
93,char_JUMBOGAMEMON,JumboGamemon,ДжамбоГамемон,,,no_wiki_match,,,
96,char_TURUIEMON,Turuiemon,Туруйемон,,,no_wiki_match,,,
99,char_DUKEMON_CM,Gallantmon CM,Галантмон СМ,,,no_wiki_match,,,
104,char_GOLDNUMEMON,GoldNumemon,ГолдНумемон,,,no_wiki_match,,,
109,char_CHAOSMONVALDURARM,Chaosmon: Valdur Arm,Хаосмон: Рука Валдура,,,no_wiki_match,,,
112,char_KINGETEMON,KingEtemon,КингЕтемон,,,no_wiki_match,,,
118,char_WARUSEADRAMON,WaruSeadramon,ВарСидрамон,,,no_wiki_match,,,
119,char_MEGAGROWLMON,WarGrowlmon,ВарГроулмон,,,no_wiki_match,,,
122,char_FIRAMON,Firamon,Фирамон,,,no_wiki_match,,,
123,char_FLAREMON,Flaremon,Флэремон,,,no_wiki_match,,,
128,char_DIGMON,Digmon,Дигмон,,,no_wiki_match,,,
134,char_CHAOSDUKEMON,ChaosGallantmon,ХаосГаллантмон,,,no_wiki_match,,,
137,char_CALAMARAMON,Calmaramon,Кальмарамон,,,no_wiki_match,,,
138,char_CALAMARAMON_ADD,Calmaramon (Mantle),Кальмарамон (Мантия),,,no_wiki_match,,,
142,char_JUNOMON,Junomon,Юномон,,,no_wiki_match,,,
143,char_JUNOMON_HYSTERICMODE,Junomon HM,"Юномон , ХМ",,,no_wiki_match,,,
144,char_JUNOMON_HYSTERICMODE_ADD,Junomon HM (Lances),Юномон ХМ (Копья),,,no_wiki_match,,,
149,char_CERESMON,Ceresmon,Церемон,,,no_wiki_match,,,
151,char_VULCANUSMON,Vulcanusmon,Вулканусмон,,,no_wiki_match,,,
152,char_VULCANUSMON_BIG,Vulcanusmon,Вулканусмон,,,no_wiki_match,,,
153,char_VULCANUSMON_GUEST_BIG,Vulcanusmon,Вулканусмон,,,no_wiki_match,,,
156,char_MERVAMON,Mervamon,Мервамон,,,no_wiki_match,,,
165,char_CERESMON_MEDIUM,Ceresmon Medium,Сересмон Медиум,,,no_wiki_match,,,
167,char_GINRYUMON,Ginryumon,Джинрюмон,,,no_wiki_match,,,
168,char_HISYARYUMON,Hisyaryumon,Хисьярюмон,,,no_wiki_match,,,
169,char_OURYUMON,Ouryumon,Оурюмон,,,no_wiki_match,,,
176,char_ARCHNEMON,Arukenimon,Арукенимон,,,no_wiki_match,,,
197,char_PHARAOHMON,Pharaohmon,Фараомон,,,no_wiki_match,,,
198,char_PHARAOHMON_BIG,Pharaohmon,Фараомон,,,no_wiki_match,,,
204,char_SIRENMON,Sirenmon,Сиренмон,,,no_wiki_match,,,
205,char_BELIALVAMDEMON,MaloMyotismon,Маломиотизмон,,,no_wiki_match,,,
210,char_OCTMON,Octomon,Октомон,,,no_wiki_match,,,
212,char_CAPROMON,Kapurimon,Капуримон,,,no_wiki_match,,,
217,char_ATLURKABUTERIMON,MegaKabuterimon,МегаКабутеримон,,,no_wiki_match,,,
218,char_HERCULESKABUTERIMON,HerculesKabuterimon,ГеркулесКабутеримон,,,no_wiki_match,,,
219,char_HERCULESKABUTERIMON_BIG,HerculesKabuterimon,ГеркулесКабутеримон,,,no_wiki_match,,,
223,char_HOUOUMON,Phoenixmon,Фениксмон,,,no_wiki_match,,,
226,char_SUKAMON,Sukamon,Сукамон,,,no_wiki_match,,,
243,char_VIKEMON,Vikemon,Викемон,,,no_wiki_match,,,
248,char_LILLYMON,Lillymon,Лиллимон,,,no_wiki_match,,,
250,char_TYRANNOMON,Tyrannomon,Тиранномон,,,no_wiki_match,,,
251,char_METALTYRANNOMON,MetalTyrannomon,МеталлТиранномон,,,no_wiki_match,,,
257,char_MOJYAMON,Mojyamon,Моджьямон,,,no_wiki_match,,,
259,char_DRIMOGEMON,Drimogemon,Дримогемон,,,no_wiki_match,,,
263,char_WIZARDMON,Wizardmon,Визардмон,,,no_wiki_match,,,
265,char_JYUREIMON,Cherrymon,Черимон,,,no_wiki_match,,,
266,char_JYUREIMON_BIG,Cherrymon,Черимон,,,no_wiki_match,,,
270,char_RUSTTYRANOMON,RustTyrannomon,РастТиранномон,,,no_wiki_match,,,
286,char_AEROVEEDRAMON,AeroVeedramon,АэроВидрамон,,,no_wiki_match,,,
287,char_OKUWAMON,Okuwamon,Окувамон,,,no_wiki_match,,,
289,char_GRAPLEOMON,GrapLeomon,ГрапЛеомон,,,no_wiki_match,,,
292,char_TAOMON,Taomon,Таомон,,,no_wiki_match,,,
294,char_DORUGREYMON,DoruGreymon,ДоруГреймон,,,no_wiki_match,,,
296,char_PANJYAMON,IceLeomon,АйсЛеомон,,,no_wiki_match,,,
297,char_PICKLEMON,Piximon,Пиксимон,,,no_wiki_match,,,
306,char_IMPERIALDRAMON_FM,Imperialdramon FM,Империалдрамон FM,,,no_wiki_match,,,
307,char_IMPERIALDRAMON_PM,Imperialdramon PM,Империалдрамон FM,,,no_wiki_match,,,
308,char_OPHANIMON,Ophanimon,Офанимон,,,no_wiki_match,,,
310,char_GRANKUWAGAMON,GranKuwagamon,ГранКувагамон,,,no_wiki_match,,,
311,char_GRANKUWAGAMON_BIG,GranKuwagamon,ГранКувагамон,,,no_wiki_match,,,
314,char_HIANDROMON,HiAndromon,ХиАндромон,,,no_wiki_match,,,
315,char_PIEDMON,Piedmon,Пьемонт,,,no_wiki_match,,,
317,char_PRINCEMAMEMON,PrinceMamemon,ПринцМамемон,,,no_wiki_match,,,
320,char_LUCEMON_SM,Lucemon SM,Люцемон СМ,,,no_wiki_match,,,
321,char_LUCEMON_SM_BIG,Lucemon SM,Люцемон СМ,,,no_wiki_match,,,
324,char_BELPHEMON_SM,Belphemon SM,Бельфемон СМ,,,no_wiki_match,,,
325,char_BELPHEMON_SM_BIG,Belphemon SM,Бельфемон СМ,,,no_wiki_match,,,
332,char_EBEMON,Ebemon,Эбемон,,,no_wiki_match,,,
333,char_CYCLONEMON,Cyclonemon,Циклонемон,,,no_wiki_match,,,
336,char_KARATUKINUMEMON,ShellNumemon,ШеллНумемон,,,no_wiki_match,,,
340,char_SKULLMAMMON,SkullMammothmon,СкулМаммонмон,,,no_wiki_match,,,
341,char_BLIMPMON,Blimpmon,Блимпмон,,,no_wiki_match,,,
342,char_MASTERBLIMPMON,MasterBlimpmon,МастерБлимпмон,,,no_wiki_match,,,
349,char_GREATGRYZMON,GreatGrizzlymon,ГрейтГриззлимон,,,no_wiki_match,,,
352,char_UNDEADPLUTOMON,ZombiePlutomon,ЗомбиПлутомон,,,no_wiki_match,,,
364,char_NANOMON,Datamon,Датамон,,,no_wiki_match,,,
367,char_FUGAMON,Fugamon,Фугамон,,,no_wiki_match,,,
368,char_HYOUGAMON,Hyogamon,Хиогамон,,,no_wiki_match,,,
381,char_VENOMMYOTISMON,VenomMyotismon,ВеномМиотисмон,,,no_wiki_match,,,
382,char_VENOMMYOTISMON_BIG,VenomMyotismon,ВеномМиотисмон,,,no_wiki_match,,,
383,char_WITCHMON,Witchmon,Витчмон,,,no_wiki_match,,,
384,char_WITCHMON_ADD,Witchmon (Left Arm),Витчмон (Левая Рука),,,no_wiki_match,,,
385,char_MISTYMON,Mistymon,Мистимон,,,no_wiki_match,,,
393,char_HANGYOMON_SCAR,Divermon,Дивермон,,,no_wiki_match,,,
394,char_HANGYOMON_SCARF,Divermon,Дивермон,,,no_wiki_match,,,
401,char_SLASHANGEMON,SlashAngemon,СлэшАнгемон,,,no_wiki_match,,,
403,char_MAGNAKIDMON,MagnaKidmon,МагнаКидмон,,,no_wiki_match,,,
404,char_AVENGEKIDMON,AvengeKidmon,АвенжКидмон,,,no_wiki_match,,,
412,char_KURISARIMON,Kurisarimon,Курисаримон,,,no_wiki_match,,,
414,char_DIABOROMON,Diaboromon,Диаборомон,,,no_wiki_match,,,
436,char_GROUNDLOCOMON,GroundLocomon,ГраундЛокомон,,,no_wiki_match,,,
439,char_ARMADILLOMON,Armadillomon,Армадилломон,,,no_wiki_match,,,
443,char_GARGOMON,Gargomon,Гаргомон,,,no_wiki_match,,,
445,char_FLAMEDRAMON,Flamedramon,Флэймдрамон,,,no_wiki_match,,,
450,char_RAPIDMON,Rapidmon,Рэпидмон,,,no_wiki_match,,,
451,char_SHAKKOUMON,Shakkoumon,Шаккумон,,,no_wiki_match,,,
452,char_BRAKIMON,Brachiomon,Брахиомон,,,no_wiki_match,,,
453,char_ULTIMATEBRAKIMON,UltimateBrachiomon,УльтимаБрачиомон,,,no_wiki_match,,,
455,char_CANNONBEEMON,CannonBeemon,КэнонБиимон,,,no_wiki_match,,,
458,char_ICEDEVIMON,IceDevimon,АйсДевимон,,,no_wiki_match,,,
459,char_ANTYLAMON,Antylamon,Антиламон,,,no_wiki_match,,,
460,char_IMPERIALDRAMON_DM,Imperialdramon DM,Империалдрамон ДМ,,,no_wiki_match,,,
463,char_CRANIAMON,Craniamon,Краниамон,,,no_wiki_match,,,
464,char_CRANIAMON_BIG,Craniamon,Краниамон,,,no_wiki_match,,,
465,char_KERPYMON_GOOD,Cherubimon (Good),Керубимон (Добрый),,,no_wiki_match,,,
466,char_JUSTIMON,Justimon,Джастимон,,,no_wiki_match,,,
471,char_RAVEMON,Ravemon,Равемон,,,no_wiki_match,,,
474,char_LOTOSMON,Lotosmon,Лотосмон,,,no_wiki_match,,,
475,char_DUFTMON_LM,Leopardmon LM,Леопардмон ЛМ,,,no_wiki_match,,,
476,char_GAIOMON,Gaiomon,Гайомон,,,no_wiki_match,,,
477,char_TIGERVESPAMON,TigerVespamon,ТигерВеспамон,,,no_wiki_match,,,
478,char_MINERVAMON,Minervamon,Минервамон,,,no_wiki_match,,,
480,char_JESMON,Jesmon,Джесмон,,,no_wiki_match,,,
481,char_JESMON_BIG,Jesmon,Джесмон,,,no_wiki_match,,,
483,char_RAPIDMON_ARMOR,Rapidmon (Armor),Рапидмон (Броня),,,no_wiki_match,,,
484,char_RAPIDMON_ARMOR_BIG,Rapidmon (Armor),Рапидмон (Броня),,,no_wiki_match,,,
485,char_PLATINUM_SCUMON,PlatinumSukamon,ПлатинаСукамон,,,no_wiki_match,,,
486,char_BLACKKINGNUMEMON,BlackKingNumemon,БлэкКингНумемон,,,no_wiki_match,,,
488,char_SOCERIMON,Sorcermon,Сорсеримон,,,no_wiki_match,,,
491,char_ICEMON,Icemon,Айсмон,,,no_wiki_match,,,
492,char_TUCHIDARUMON,MudFrigimon,МудФригимон,,,no_wiki_match,,,
495,char_BACCHUSMON_DRUNK,Bacchusmon DM,Бахусмон ДМ,,,no_wiki_match,,,
498,char_CHAOSMON,Chaosmon,Хаосмон,,,no_wiki_match,,,
500,char_KERPYMON_BAD,Cherubimon (Black),Керубимон (Чёрный),,,no_wiki_match,,,
501,char_BEELZEMON_BM,Beelzemon BM,Вельземон БМ,,,no_wiki_match,,,
502,char_BEELZEMON_BM_BIG,Beelzemon BM,Вельземон БМ,,,no_wiki_match,,,
503,char_SHINEGREYMON_BM,ShineGreymon BM,ШайнГреймон БМ,,,no_wiki_match,,,
504,char_MIRAGEGAOGAMON_BM,MirageGaogamon BM,МиражГаогамон БМ,,,no_wiki_match,,,
505,char_RAVEMON_BM,Ravemon BM,Равемон БМ,,,no_wiki_match,,,
506,char_ROSEMON_BM,Rosemon BM,Роузмон БМ,,,no_wiki_match,,,
507,char_VULCANUS_LIGHTARM,Right Arm,Правая Рука,,,no_wiki_match,,,
508,char_VULCANUS_LEFTARM,Left Arm,Левая Рука,,,no_wiki_match,,,
509,char_CHRONOMONROBO_COMPLETE,Giant Slayer,Гигант Слейер,,,no_wiki_match,,,
510,char_CHRONOMON_BOSS_EVENT,Chronomon,Хрономон,,,no_wiki_match,,,
511,char_CHRONOMON_BOSS,Chronomon,Хрономон,,,no_wiki_match,,,
512,char_CHRONOMON_BOSS_WING,Chronomon (Wings),Хрономон (Крылья),,,no_wiki_match,,,
513,char_CHRONOMON_BOSS_ADD_RIGHTWING,Chronomon (R. Muzzle),Хрономон (П. Морда),,,no_wiki_match,,,
514,char_CHRONOMON_BOSS_ADD_LEFTWING,Chronomon (L. Muzzle),Хрономон (Л. Морда),,,no_wiki_match,,,
515,char_CHRONOMON_BOSS_LEFTARM,Chronomon (Left Arm),Хрономон (Левая рука),,,no_wiki_match,,,
516,char_CHRONOMON_BOSS_CORE,Chronomon (Core),Хрономон (Ядро),,,no_wiki_match,,,
517,char_CHRONOMON_BOSS_RIGHTWING,Chronomon (Right Wing),Хрономон (Правое крыло),,,no_wiki_match,,,
518,char_CHRONOMON_BOSS_LEFTWING,Chronomon (Left Wing),Хрономон (Левое крыло),,,no_wiki_match,,,
519,char_CHRONOMON_BOSS_LEFTARM1,Chronomon (Error A),Хрономон (Ошибка A),,,no_wiki_match,,,
520,char_CHRONOMON_BOSS_LEFTARM2,Chronomon (Error B),Хрономон (Ошибка B),,,no_wiki_match,,,
521,char_CHRONOMON_BOSS_LEFTARM3,Chronomon (Error C),Хрономон (Ошибка C),,,no_wiki_match,,,
522,char_CHRONOMON_BOSS_LEFTARM4,Chronomon (Error D),Хрономон (Ошибка D),,,no_wiki_match,,,
523,char_CHRONOMON_BOSS_LEFTARM5,Chronomon (Error E),Хрономон (Ошибка E),,,no_wiki_match,,,
524,char_CHRONOMON_BOSS_LEFTARM6,Chronomon (Error F),Хрономон (Ошибка F),,,no_wiki_match,,,
525,char_BLACKSHADOW,Dark Shadow,Темная Тень,,,no_wiki_match,,,
526,char_SHARKMON_BOSS,Sharkmon,Шаркмон,,,no_wiki_match,,,
527,char_SHARKMON_BOSS_ADD,Sharkmon (Jasper),Шаркмон (Джаспер),,,no_wiki_match,,,
528,char_SHARKMON,Sharkmon,Шаркмон,,,no_wiki_match,,,
529,char_SKULLSEADRAMON,SkullSeadramon,СкулСидрамон,,,no_wiki_match,,,
530,char_SKULLSEADRAMON_BOSS,SkullSeadramon,СкулСидрамон,,,no_wiki_match,,,
531,char_SKULLSEADRAMON_ADD,SkullSeadramon (Core),СкулСидрамон (Ядро),,,no_wiki_match,,,
533,char_CYCLONEMON_BIG,Cyclonemon,Циклонемон,,,no_wiki_match,,,
536,char_SKULLBALUCHIMON_TITAMON,Titamon + SkullBaluchimon,Титамон + СкаллБалучимон,,,no_wiki_match,,,
537,char_SKULLBALUCHIMON_TITAMON_BIG,Titamon + SkullBaluchimon,Титамон + СкаллБалучимон,,,no_wiki_match,,,
538,char_UNDEADPLUTOMON_BOSS,ZombiePlutomon,ЗомбиПлутомон,,,no_wiki_match,,,
539,char_UNDEADPLUTOMON_BOSS_ADD1,ZombiePlutomon (Right Shoulder),ЗомбиПлутомон (Правое плечо),,,no_wiki_match,,,
540,char_UNDEADPLUTOMON_BOSS_ADD2,ZombiePlutomon (Left Shoulder),ЗомбиПлутомон (Левое плечо),,,no_wiki_match,,,
541,char_UNDEADPLUTOMON_BOSS_ADD3,ZombiePlutomon (Right Hip),ЗомбиПлутомон (Правое бедро),,,no_wiki_match,,,
542,char_UNDEADPLUTOMON_BOSS_ADD4,ZombiePlutomon (Left Hip),ЗомбиПлутомон (Левое бедро),,,no_wiki_match,,,
546,char_ULTIMATEBRAKIMON_BIG,UltimateBrachiomon,УльтимаБрачиомон,,,no_wiki_match,,,
549,char_ENBARRMON_CRANIAMON,Craniamon + Enbarrmon,Краниамон + Энбаррмон,,,no_wiki_match,,,
550,char_ENBARRMON_CRANIAMON_E,Craniamon + Enbarrmon,Краниамон + Энбаррмон,,,no_wiki_match,,,
551,char_BLIMPMON_RAMP,Blimpmon (Trap),Блимпмон (Ловушка),,,no_wiki_match,,,
552,char_MASTERBLIMPMON_RAMP,MasterBlimpmon (Trap),МастерБлимпмон (Ловушка),,,no_wiki_match,,,
555,char_VULCANUSMON_ADD,Vulcanusmon,Вулканусмон,,,no_wiki_match,,,
559,char_MERCURYMON_BIG,Merukimon,Мерукимон,,,no_wiki_match,,,
562,char_CERESMON_BIG,Ceresmon,Церемон,,,no_wiki_match,,,
567,char_UKKOMON,Ukkomon,Уккомон,,,no_wiki_match,,,
569,char_FUGAMON_BOSS,Fugamon,Фугамон,,,no_wiki_match,,,
570,char_HYOUGAMON_BOSS,Hyogamon,Хиогамон,,,no_wiki_match,,,
