id,english_name,before,after,source_type,source_url,confidence,note
char_EX-TYRANOMON,ExTyrannomon,ЭксТиранномон,Экс-Тираномон,ru_digimon_fandom,https://digimon.fandom.com/ru/wiki/Ex-Tyranomon,medium,Changed to the selected Russian Digimon Wiki/Fandom form during the name localization pass.
char_LEKISMON,Lekismon,Лекисмон,Лексимон,ru_digimon_fandom,https://digimon.fandom.com/ru/wiki/Lekismon,medium,Changed to the selected Russian Digimon Wiki/Fandom form during the name localization pass.
char_SKULLSATAMON,SkullSatamon,СкулСатамон,Скалл Сатамон,ru_digimon_fandom,https://digimon.fandom.com/ru/wiki/Skull_Satamon,medium,Changed to the selected Russian Digimon Wiki/Fandom form during the name localization pass.
char_AIRDRAMON,Airdramon,Аирдрамон,Эйрдрамон,ru_digimon_fandom,https://digimon.fandom.com/ru/wiki/Airdramon,medium,Changed to the selected Russian Digimon Wiki/Fandom form during the name localization pass.
char_BAKEMON,Bakemon,Бакемон,Бакэмон,ru_digimon_fandom,https://digimon.fandom.com/ru/wiki/Bakemon,medium,Changed to the selected Russian Digimon Wiki/Fandom form during the name localization pass.
char_DORUGORAMON,Dorugoramon,Доругорамон,ДОРУгорамон,ru_digimon_fandom,https://digimon.fandom.com/ru/wiki/DORUgoramon,medium,Changed to the selected Russian Digimon Wiki/Fandom form during the name localization pass.
char_TYUMON,Chuumon,Чуумон,Тюмон,ru_digimon_fandom,https://digimon.fandom.com/ru/wiki/Tyumon,medium,Changed to the selected Russian Digimon Wiki/Fandom form during the name localization pass.
char_WHAMON,Whamon,Вамон,Уэмон,ru_digimon_fandom,https://digimon.fandom.com/ru/wiki/Whamon,medium,Changed to the selected Russian Digimon Wiki/Fandom form during the name localization pass.
char_WARGREYMON,WarGreymon,ВарГреймон,Вор Греймон,ru_digimon_fandom,https://digimon.fandom.com/ru/wiki/War_Greymon,medium,Changed to the selected Russian Digimon Wiki/Fandom form during the name localization pass.
char_BIGMAMEMON,BigMamemon,БигМамемон,Биг Мамемон,ru_digimon_fandom,https://digimon.fandom.com/ru/wiki/Big_Mamemon,medium,Changed to the selected Russian Digimon Wiki/Fandom form during the name localization pass.
char_SANGLOUPMON,Sangloupmon,Санглупмон,Сулюпмон,ru_digimon_fandom,https://digimon.fandom.com/ru/wiki/Sangloupmon,medium,Changed to the selected Russian Digimon Wiki/Fandom form during the name localization pass.
char_GRANDDRACUMON,GranDracmon,ГрандДракмон,Гранд Дракумон,ru_digimon_fandom,https://digimon.fandom.com/ru/wiki/Grand_Dracumon,medium,Changed to the selected Russian Digimon Wiki/Fandom form during the name localization pass.
char_BEELZEBUMON,Beelzemon,Вельземон,Вельзевумон,ru_digimon_fandom,https://digimon.fandom.com/ru/wiki/Beelzebumon,medium,Changed to the selected Russian Digimon Wiki/Fandom form during the name localization pass.
char_DEMON,Creepymon,Крипимон,Демон,ru_digimon_fandom,https://digimon.fandom.com/ru/wiki/Demon,medium,Changed to the selected Russian Digimon Wiki/Fandom form during the name localization pass.
char_DEMON_BIG,Creepymon,Крипимон,Демон,ru_digimon_fandom,https://digimon.fandom.com/ru/wiki/Demon,medium,Changed to the selected Russian Digimon Wiki/Fandom form during the name localization pass.
char_LUCEMON_FM,Lucemon CM,Люцемон СМ,Люцимон: Падший режим,ru_digimon_fandom,https://digimon.fandom.com/ru/wiki/Lucemon%3A_Falldown_Mode,medium,Changed to the selected Russian Digimon Wiki/Fandom form during the name localization pass.
char_FUNBEEMON,FunBeemon,ФанБиимон,Фанбимон,ru_digimon_fandom,https://digimon.fandom.com/ru/wiki/Funbeemon,medium,Changed to the selected Russian Digimon Wiki/Fandom form during the name localization pass.
char_BLACKTAILMON,BlackGatomon,БлэкГатомон,Блэк Теилмон,ru_digimon_fandom,https://digimon.fandom.com/ru/wiki/Black_Tailmon,medium,Changed to the selected Russian Digimon Wiki/Fandom form during the name localization pass.
char_CHRONOMON,Chronomon HM,"Хрономон , ХМ",Хрономон в священном режиме,ru_digimon_fandom,https://digimon.fandom.com/ru/wiki/Chronomon_Holy_Mode,medium,Changed to the selected Russian Digimon Wiki/Fandom form during the name localization pass.
char_GODDRAMON,Goldramon,Голдрамон,Годдрамон,ru_digimon_fandom,https://digimon.fandom.com/ru/wiki/Goddramon,medium,Changed to the selected Russian Digimon Wiki/Fandom form during the name localization pass.
char_GEOGREYMON,GeoGreymon,ГеоГреймон,Гео Греймон,ru_digimon_fandom,https://digimon.fandom.com/ru/wiki/Geo_Greymon,medium,Changed to the selected Russian Digimon Wiki/Fandom form during the name localization pass.
char_SUNFLOWMON,Sunflowmon,Санфлоумон,Санфлаумон,ru_digimon_fandom,https://digimon.fandom.com/ru/wiki/Sunflowmon,medium,Changed to the selected Russian Digimon Wiki/Fandom form during the name localization pass.
char_MONZAEMON,Monzaemon,Монзаэмон,Мондзаэмон,ru_digimon_fandom,https://digimon.fandom.com/ru/wiki/Monzaemon,medium,Changed to the selected Russian Digimon Wiki/Fandom form during the name localization pass.
char_RIZEGREYMON,RizeGreymon,РайзГреймон,Райз Греймон,ru_digimon_fandom,https://digimon.fandom.com/ru/wiki/Rize_Greymon,medium,Changed to the selected Russian Digimon Wiki/Fandom form during the name localization pass.
char_MACHGAOGAMON,MachGaogamon,Мачгаогамон,Мах Гаогамон,ru_digimon_fandom,https://digimon.fandom.com/ru/wiki/Mach_Gaogamon,medium,Changed to the selected Russian Digimon Wiki/Fandom form during the name localization pass.
char_NEPTUNEMON,Neptunemon,Нептунемон,Нептунмон,ru_digimon_fandom,https://digimon.fandom.com/ru/wiki/Neptunemon,medium,Changed to the selected Russian Digimon Wiki/Fandom form during the name localization pass.
char_GROWMON,Growlmon,Гроулмон,Граумон,ru_digimon_fandom,https://digimon.fandom.com/ru/wiki/Growmon,medium,Changed to the selected Russian Digimon Wiki/Fandom form during the name localization pass.
char_SUPERSTARMON,SuperStarmon,СуперСтармон,Суперстармон,ru_digimon_fandom,https://digimon.fandom.com/ru/wiki/Superstarmon,medium,Changed to the selected Russian Digimon Wiki/Fandom form during the name localization pass.
char_HIPPOGRIFFOMON,HippoGryphonmon,ГиппоГрифонмон,Гиппогрифомон,ru_digimon_fandom,https://digimon.fandom.com/ru/wiki/Hippogriffomon,medium,Changed to the selected Russian Digimon Wiki/Fandom form during the name localization pass.
char_GRIFFOMON,Gryphonmon,Грифонмон,Гриффомон,ru_digimon_fandom,https://digimon.fandom.com/ru/wiki/Griffomon,medium,Changed to the selected Russian Digimon Wiki/Fandom form during the name localization pass.
char_TYILINMON,Chirinmon,Чиринмон,Цилиньмон,ru_digimon_fandom,https://digimon.fandom.com/ru/wiki/Tyilinmon,medium,Changed to the selected Russian Digimon Wiki/Fandom form during the name localization pass.
char_VAMDEMON,Myotismon,Миотизмон,Вамдемон,ru_digimon_fandom,https://digimon.fandom.com/ru/wiki/Vamdemon,medium,Changed to the selected Russian Digimon Wiki/Fandom form during the name localization pass.
char_SLEIPMON,Kentaurosmon,Кентауросмон,Слейпмон,ru_digimon_fandom,https://digimon.fandom.com/ru/wiki/Sleipmon,medium,Changed to the selected Russian Digimon Wiki/Fandom form during the name localization pass.
char_SLEIPMON_BIG,Kentaurosmon,Кентауросмон,Слейпмон,ru_digimon_fandom,https://digimon.fandom.com/ru/wiki/Sleipmon,medium,Changed to the selected Russian Digimon Wiki/Fandom form during the name localization pass.
char_OMEGAMON,Omnimon,Омнимон,Омегамон,ru_digimon_fandom,https://digimon.fandom.com/ru/wiki/Omegamon,medium,Changed to the selected Russian Digimon Wiki/Fandom form during the name localization pass.
char_GUILMON,Guilmon,Гильмон,Гилмон,ru_digimon_fandom,https://digimon.fandom.com/ru/wiki/Guilmon,medium,Changed to the selected Russian Digimon Wiki/Fandom form during the name localization pass.
char_TAILMON,Gatomon,Гатомон,Тейлмон,ru_digimon_fandom,https://digimon.fandom.com/ru/wiki/Tailmon,medium,Changed to the selected Russian Digimon Wiki/Fandom form during the name localization pass.
char_SHINEGREYMON,ShineGreymon,ШайнГреймон,Шайн Греймон,ru_digimon_fandom,https://digimon.fandom.com/ru/wiki/Shine_Greymon,medium,Changed to the selected Russian Digimon Wiki/Fandom form during the name localization pass.
char_SHINEGREYMON_BIG,ShineGreymon,ШайнГреймон,Шайн Греймон,ru_digimon_fandom,https://digimon.fandom.com/ru/wiki/Shine_Greymon,medium,Changed to the selected Russian Digimon Wiki/Fandom form during the name localization pass.
char_MIRAGEGAOGAMON,MirageGaogamon,МиражГаогамон,Мираж Гаогамон,ru_digimon_fandom,https://digimon.fandom.com/ru/wiki/Mirage_Gaogamon,medium,Changed to the selected Russian Digimon Wiki/Fandom form during the name localization pass.
char_PICODEVIMON,DemiDevimon,ДемиДевимон,Пико Девимон,ru_digimon_fandom,https://digimon.fandom.com/ru/wiki/Pico_Devimon,medium,Changed to the selected Russian Digimon Wiki/Fandom form during the name localization pass.
char_WENDIMON,Wendigomon,Вендигомон,Вендимон,ru_digimon_fandom,https://digimon.fandom.com/ru/wiki/Wendimon,medium,Changed to the selected Russian Digimon Wiki/Fandom form during the name localization pass.
char_HOLYANGEMON,MagnaAngemon,МагнаАнгемон,Холи Ангемон,ru_digimon_fandom,https://digimon.fandom.com/ru/wiki/Holy_Angemon,medium,Changed to the selected Russian Digimon Wiki/Fandom form during the name localization pass.
char_GANIMON,Crabmon,Крабмон,Ганимон,ru_digimon_fandom,https://digimon.fandom.com/ru/wiki/Ganimon,medium,Changed to the selected Russian Digimon Wiki/Fandom form during the name localization pass.
char_SUSANOOMON,Susanomon,Сусаномон,Сусаноомон,ru_digimon_fandom,https://digimon.fandom.com/ru/wiki/Susanoomon,medium,Changed to the selected Russian Digimon Wiki/Fandom form during the name localization pass.
char_ARMAGEMON,Armageddemon,Армагеддемон,Армагемон,ru_digimon_fandom,https://digimon.fandom.com/ru/wiki/Armagemon,medium,Changed to the selected Russian Digimon Wiki/Fandom form during the name localization pass.
char_LADYDEVIMON,LadyDevimon,ЛедиДэвимон,Леди Девимон,ru_digimon_fandom,https://digimon.fandom.com/ru/wiki/Lady_Devimon,medium,Changed to the selected Russian Digimon Wiki/Fandom form during the name localization pass.
char_GOBURIMON,Goblimon,Гоблимон,Гобуримон,ru_digimon_fandom,https://digimon.fandom.com/ru/wiki/Goburimon,medium,Changed to the selected Russian Digimon Wiki/Fandom form during the name localization pass.
char_V-MON,Veemon,Веемон,Ви-мон,ru_digimon_fandom,https://digimon.fandom.com/ru/wiki/V-mon,medium,Changed to the selected Russian Digimon Wiki/Fandom form during the name localization pass.
char_BAOHUCKMON,BaoHuckmon,Баохакмон,Бао Хакмон,ru_digimon_fandom,https://digimon.fandom.com/ru/wiki/Bao_Huckmon,medium,Changed to the selected Russian Digimon Wiki/Fandom form during the name localization pass.
char_SAVIORHUCKMON,SaviorHuckmon,СэйворХакмон,Сэйвиор Хакмон,ru_digimon_fandom,https://digimon.fandom.com/ru/wiki/Savior_Huckmon,medium,Changed to the selected Russian Digimon Wiki/Fandom form during the name localization pass.
char_VALDURMON,Varodurumon,Вародурумон,Вальдурмон,ru_digimon_fandom,https://digimon.fandom.com/ru/wiki/Valdurmon,medium,Changed to the selected Russian Digimon Wiki/Fandom form during the name localization pass.
char_DUKEMON,Gallantmon,Галантмон,Дюкмон,ru_digimon_fandom,https://digimon.fandom.com/ru/wiki/Dukemon,medium,Changed to the selected Russian Digimon Wiki/Fandom form during the name localization pass.
char_DUKEMON_BIG,Gallantmon,Галантмон,Дюкмон,ru_digimon_fandom,https://digimon.fandom.com/ru/wiki/Dukemon,medium,Changed to the selected Russian Digimon Wiki/Fandom form during the name localization pass.
char_TYRANTKABUTERIMON,TyrantKabuterimon,ТирантКабутеримон,Тиран Кабутеримон,ru_digimon_fandom,https://digimon.fandom.com/ru/wiki/Tyrant_Kabuterimon,medium,Changed to the selected Russian Digimon Wiki/Fandom form during the name localization pass.
char_TYRANTKABUTERIMON_BIG,TyrantKabuterimon,ТирантКабутеримон,Тиран Кабутеримон,ru_digimon_fandom,https://digimon.fandom.com/ru/wiki/Tyrant_Kabuterimon,medium,Changed to the selected Russian Digimon Wiki/Fandom form during the name localization pass.
char_DAGOMON,Dragomon,Драгомон,Дагомон,ru_digimon_fandom,https://digimon.fandom.com/ru/wiki/Dagomon,medium,Changed to the selected Russian Digimon Wiki/Fandom form during the name localization pass.
char_COELAMON,Coelamon,Селамон,Целамон,ru_digimon_fandom,https://digimon.fandom.com/ru/wiki/Coelamon,medium,Changed to the selected Russian Digimon Wiki/Fandom form during the name localization pass.
char_MEGASEADRAMON,MegaSeadramon,МегаСидрамон,Мега Сидрамон,ru_digimon_fandom,https://digimon.fandom.com/ru/wiki/Mega_Seadramon,medium,Changed to the selected Russian Digimon Wiki/Fandom form during the name localization pass.
char_MEGAGROWLMON,WarGrowlmon,ВарГроулмон,Мегало Граумон,ru_digimon_fandom,https://digimon.fandom.com/ru/wiki/Megalo_Growmon,medium,Changed to the selected Russian Digimon Wiki/Fandom form during the name localization pass.
char_METALGARURUMON,MetalGarurumon,МеталлГарурумон,Метал Гарурумон,ru_digimon_fandom,https://digimon.fandom.com/ru/wiki/Metal_Garurumon,medium,Changed to the selected Russian Digimon Wiki/Fandom form during the name localization pass.
char_WEREGARURUMON,WereGarurumon,ВэрГарурумон,ВерГарурумон,ru_digimon_fandom,https://digimon.fandom.com/ru/wiki/Were_Garurumon,medium,Changed to the selected Russian Digimon Wiki/Fandom form during the name localization pass.
char_HOLSMON,Halsemon,Халсемон,Холсмон,ru_digimon_fandom,https://digimon.fandom.com/ru/wiki/Holsmon,medium,Changed to the selected Russian Digimon Wiki/Fandom form during the name localization pass.
char_SHURIMON,Shurimon,Шуримон,Сюримон,ru_digimon_fandom,https://digimon.fandom.com/ru/wiki/Shurimon,medium,Changed to the selected Russian Digimon Wiki/Fandom form during the name localization pass.
char_ANGEWOMON,Angewomon,Ангевомон,Ангевумон,ru_digimon_fandom,https://digimon.fandom.com/ru/wiki/Angewomon,medium,Changed to the selected Russian Digimon Wiki/Fandom form during the name localization pass.
char_OROCHIMON,Orochimon,Орочимон,Оротимон,ru_digimon_fandom,https://digimon.fandom.com/ru/wiki/Orochimon,medium,Changed to the selected Russian Digimon Wiki/Fandom form during the name localization pass.
char_RANAMON,Lanamon,Ланамон,Ранамон,ru_digimon_fandom,https://digimon.fandom.com/ru/wiki/Ranamon,medium,Changed to the selected Russian Digimon Wiki/Fandom form during the name localization pass.
char_JUPITERMON_WRATHMODE,Jupitermon WM,Юпитермон WM,Юпитермон: Режим гнева,ru_digimon_fandom,https://digimon.fandom.com/ru/wiki/Jupitermon%3A_Wrath_Mode,medium,Changed to the selected Russian Digimon Wiki/Fandom form during the name localization pass.
char_JUPITERMON_WRATHMODE_SUB,Jupitermon: Wrath Mode,Юпитермон: Режим Гнева,Юпитермон: Режим гнева,ru_digimon_fandom,https://digimon.fandom.com/ru/wiki/Jupitermon%3A_Wrath_Mode,medium,Changed to the selected Russian Digimon Wiki/Fandom form during the name localization pass.
char_APOLLOMON_ADD,Apollomon (Flame Sphere),Аполломон (Огненная Сфера),Аполломон (огненная сфера),ru_digimon_fandom,https://digimon.fandom.com/ru/wiki/Apollomon,medium,Changed to the selected Russian Digimon Wiki/Fandom form during the name localization pass.
char_BLUEMERAMON,BlueMeramon,Блюмерамон,Блю Мерамон,ru_digimon_fandom,https://digimon.fandom.com/ru/wiki/Blue_Meramon,medium,Changed to the selected Russian Digimon Wiki/Fandom form during the name localization pass.
char_BACCHUSMON,Bacchusmon,Вакхусмон,Вакхмон,ru_digimon_fandom,https://digimon.fandom.com/ru/wiki/Bacchusmon,medium,Changed to the selected Russian Digimon Wiki/Fandom form during the name localization pass.
char_AEGIOMON_PLAIN_CLOTHES,Aegiomon (Street Clothes),Эгиомон (Уличная Одежда),Эгиомон (уличная одежда),ru_digimon_fandom,https://digimon.fandom.com/ru/wiki/Aegiomon,medium,Changed to the selected Russian Digimon Wiki/Fandom form during the name localization pass.
char_AEGIOMON_NO_CAP,Aegiomon (Hatless Street Clothes),Эгиомон (Уличная Одежда без головного убора),Эгиомон (уличная одежда без головного убора),ru_digimon_fandom,https://digimon.fandom.com/ru/wiki/Aegiomon,medium,Changed to the selected Russian Digimon Wiki/Fandom form during the name localization pass.
char_AEGIOCHUSMON,Aegiochusmon,Эгиохусмон,Эгиохмон,ru_digimon_fandom,https://digimon.fandom.com/ru/wiki/Aegiochusmon,medium,Changed to the selected Russian Digimon Wiki/Fandom form during the name localization pass.
char_AEGIOCHUSMON_DARK,Aegiochusmon: Dark,Эгиохусмон: Темный,Эгиохмон: Тёмный,ru_digimon_fandom,https://digimon.fandom.com/ru/wiki/Aegiochusmon%3A_Dark,medium,Changed to the selected Russian Digimon Wiki/Fandom form during the name localization pass.
char_AEGIOCHUSMON_HOLLY,Aegiochusmon: Holy,Эгиохусмон: Святой,Эгиохмон: Святой,ru_digimon_fandom,https://digimon.fandom.com/ru/wiki/Aegiochusmon%3A_Holy,medium,Changed to the selected Russian Digimon Wiki/Fandom form during the name localization pass.
char_AEGIOCHUSMON_BLUE,Aegiochusmon: Blue,Эгиохусмон: Синий,Эгиохмон: Синий,ru_digimon_fandom,https://digimon.fandom.com/ru/wiki/Aegiochusmon%3A_Blue,medium,Changed to the selected Russian Digimon Wiki/Fandom form during the name localization pass.
char_AEGIOCHUSMON_GREEN,Aegiochusmon: Green,Эгиохусмон: Зеленый,Эгиохмон: Зелёный,ru_digimon_fandom,https://digimon.fandom.com/ru/wiki/Aegiochusmon%3A_Green,medium,Changed to the selected Russian Digimon Wiki/Fandom form during the name localization pass.
char_GUNDRAMON,Gundramon,Гундрамон,Гандрамон,ru_digimon_fandom,https://digimon.fandom.com/ru/wiki/Gundramon,medium,Changed to the selected Russian Digimon Wiki/Fandom form during the name localization pass.
char_GUNDRAMON_BIG,Gundramon,Гундрамон,Гандрамон,ru_digimon_fandom,https://digimon.fandom.com/ru/wiki/Gundramon,medium,Changed to the selected Russian Digimon Wiki/Fandom form during the name localization pass.
char_BEELSTARMON,BeelStarmon,ВельСтармон,Вель Стармон,ru_digimon_fandom,https://digimon.fandom.com/ru/wiki/Beel_Starmon,medium,Changed to the selected Russian Digimon Wiki/Fandom form during the name localization pass.
char_CROSSMON,Eaglemon,Иглемон,Кроссмон,ru_digimon_fandom,https://digimon.fandom.com/ru/wiki/Crossmon,medium,Changed to the selected Russian Digimon Wiki/Fandom form during the name localization pass.
char_COREDRAMON_GR,Coredramon (Green),Коредрамон (Зеленый),Кордрамон (Зелёный),ru_digimon_fandom,https://digimon.fandom.com/ru/wiki/Coredramon_%28Green%29,medium,Changed to the selected Russian Digimon Wiki/Fandom form during the name localization pass.
char_SLAYERDRAMON,Slayerdramon,Убийца Драмон,Слейердрамон,ru_digimon_fandom,https://digimon.fandom.com/ru/wiki/Slayerdramon,medium,Changed to the selected Russian Digimon Wiki/Fandom form during the name localization pass.
char_EXAMON,Examon,Экзамон,Эксамон,ru_digimon_fandom,https://digimon.fandom.com/ru/wiki/Examon,medium,Changed to the selected Russian Digimon Wiki/Fandom form during the name localization pass.
char_EXAMON_SMALL,Examon,Экзамон,Эксамон,ru_digimon_fandom,https://digimon.fandom.com/ru/wiki/Examon,medium,Changed to the selected Russian Digimon Wiki/Fandom form during the name localization pass.
char_EXAMON_BIG,Examon,Экзамон,Эксамон,ru_digimon_fandom,https://digimon.fandom.com/ru/wiki/Examon,medium,Changed to the selected Russian Digimon Wiki/Fandom form during the name localization pass.
char_DARKSUPERSTARMON,DarkSuperStarmon,ДаркСуперСтармон,Дарк Суперстармон,ru_digimon_fandom,https://digimon.fandom.com/ru/wiki/Dark_Superstarmon,medium,Changed to the selected Russian Digimon Wiki/Fandom form during the name localization pass.
char_COREDRAMON_BL,Coredramon (Blue),Коредрамон (Синий),Кордрамон (Синий),ru_digimon_fandom,https://digimon.fandom.com/ru/wiki/Coredramon_%28Blue%29,medium,Changed to the selected Russian Digimon Wiki/Fandom form during the name localization pass.
char_KOTEMON,Kotemon,Котемон,Котэмон,ru_digimon_fandom,https://digimon.fandom.com/ru/wiki/Kotemon,medium,Changed to the selected Russian Digimon Wiki/Fandom form during the name localization pass.
char_MUSYAMON,Musyamon,Мусьямон,Мусямон,ru_digimon_fandom,https://digimon.fandom.com/ru/wiki/Musyamon,medium,Changed to the selected Russian Digimon Wiki/Fandom form during the name localization pass.
char_CERBERUMON,Cerberusmon,Церберусмон,Церберумон,ru_digimon_fandom,https://digimon.fandom.com/ru/wiki/Cerberumon,medium,Changed to the selected Russian Digimon Wiki/Fandom form during the name localization pass.
char_CERBERUMON_WEREWOLFMODE,Cerberusmon WM,Церберусмон ВМ,Церберумон: режим оборотня,ru_digimon_fandom,https://digimon.fandom.com/ru/wiki/Cerberumon%3A_Werewolf_Mode,medium,Changed to the selected Russian Digimon Wiki/Fandom form during the name localization pass.
char_ZANBAMON,Zanbamon,Занбамон,Дзанбамон,ru_digimon_fandom,https://digimon.fandom.com/ru/wiki/Zanbamon,medium,Changed to the selected Russian Digimon Wiki/Fandom form during the name localization pass.
char_ZANBAMON_BIG,Zanbamon,Занбамон,Дзанбамон,ru_digimon_fandom,https://digimon.fandom.com/ru/wiki/Zanbamon,medium,Changed to the selected Russian Digimon Wiki/Fandom form during the name localization pass.
char_CHIMAIRAMON,Kimeramon,Кимерамон,Химерамон,ru_digimon_fandom,https://digimon.fandom.com/ru/wiki/Chimairamon,medium,Changed to the selected Russian Digimon Wiki/Fandom form during the name localization pass.
char_MILLENNIUMON,Millenniummon,Милениуммон,Милленниумон,ru_digimon_fandom,https://digimon.fandom.com/ru/wiki/Millenniumon,medium,Changed to the selected Russian Digimon Wiki/Fandom form during the name localization pass.
char_MILLENNIUMON_BIG,Millenniummon,Милениуммон,Милленниумон,ru_digimon_fandom,https://digimon.fandom.com/ru/wiki/Millenniumon,medium,Changed to the selected Russian Digimon Wiki/Fandom form during the name localization pass.
char_BAKUMON,Tapirmon,Тапирмон,Бакумон,ru_digimon_fandom,https://digimon.fandom.com/ru/wiki/Bakumon,medium,Changed to the selected Russian Digimon Wiki/Fandom form during the name localization pass.
char_BEARMON,Bearmon,Бирмон,Бермон,ru_digimon_fandom,https://digimon.fandom.com/ru/wiki/Bearmon,medium,Changed to the selected Russian Digimon Wiki/Fandom form during the name localization pass.
char_GRYZMON,Grizzlymon,Гризлимон,Гризмон,ru_digimon_fandom,https://digimon.fandom.com/ru/wiki/Gryzmon,medium,Changed to the selected Russian Digimon Wiki/Fandom form during the name localization pass.
char_SKULLBALUCHIMON,SkullBaluchimon,СкаллБалучимон,Скалл Балухимон,ru_digimon_fandom,https://digimon.fandom.com/ru/wiki/Skull_Baluchimon,medium,Changed to the selected Russian Digimon Wiki/Fandom form during the name localization pass.
char_CHOROMON,Choromon,Хоромон,Торомон,ru_digimon_fandom,https://digimon.fandom.com/ru/wiki/Choromon,medium,Changed to the selected Russian Digimon Wiki/Fandom form during the name localization pass.
char_CAPROMON,Kapurimon,Капуримон,Капримон,ru_digimon_fandom,https://digimon.fandom.com/ru/wiki/Caprimon,medium,Changed to the selected Russian Digimon Wiki/Fandom form during the name localization pass.
char_METALGREYMON,MetalGreymon,МеталГреймон,Металл Греймон,ru_digimon_fandom,https://digimon.fandom.com/ru/wiki/Metal_Greymon,medium,Changed to the selected Russian Digimon Wiki/Fandom form during the name localization pass.
char_PIYOMON,Biyomon,Бийомон,Пиёмон,ru_digimon_fandom,https://digimon.fandom.com/ru/wiki/Piyomon,medium,Changed to the selected Russian Digimon Wiki/Fandom form during the name localization pass.
char_BIRDRAMON,Birdramon,Бирдрамон,Бёрдрамон,ru_digimon_fandom,https://digimon.fandom.com/ru/wiki/Birdramon,medium,Changed to the selected Russian Digimon Wiki/Fandom form during the name localization pass.
char_METALETEMON,MetalEtemon,МеталлЭтемон,Металл Этемон,ru_digimon_fandom,https://digimon.fandom.com/ru/wiki/Metal_Etemon,medium,Changed to the selected Russian Digimon Wiki/Fandom form during the name localization pass.
char_VEGIMON,Vegiemon,Вегиемон,Вегимон,ru_digimon_fandom,https://digimon.fandom.com/ru/wiki/Vegimon,medium,Changed to the selected Russian Digimon Wiki/Fandom form during the name localization pass.
char_POYOMON,Poyomon,Поймон,Поёмон,ru_digimon_fandom,https://digimon.fandom.com/ru/wiki/Poyomon,medium,Changed to the selected Russian Digimon Wiki/Fandom form during the name localization pass.
char_WANYAMON,Wanyamon,Ваньямон,Ванямон,ru_digimon_fandom,https://digimon.fandom.com/ru/wiki/Wanyamon,medium,Changed to the selected Russian Digimon Wiki/Fandom form during the name localization pass.
char_ANCIENTWISETMON,AncientWisemon,ЭншиентВайсмон,Древний Вайзмон,ru_digimon_fandom,https://digimon.fandom.com/ru/wiki/Ancient_Wisemon,medium,Changed to the selected Russian Digimon Wiki/Fandom form during the name localization pass.
char_GUARDROMON,Guardromon,Гвардромон,Гардромон,ru_digimon_fandom,https://digimon.fandom.com/ru/wiki/Guardromon,medium,Changed to the selected Russian Digimon Wiki/Fandom form during the name localization pass.
char_TOGEMON,Togemon,Тогемон,Тогэмон,ru_digimon_fandom,https://digimon.fandom.com/ru/wiki/Togemon,medium,Changed to the selected Russian Digimon Wiki/Fandom form during the name localization pass.
char_EXSAON_BOSS,Examon (Boss),Экзамон (Босс),Эксамон (босс),ru_digimon_fandom,https://digimon.fandom.com/ru/wiki/Examon,medium,Changed to the selected Russian Digimon Wiki/Fandom form during the name localization pass.
char_PLOTMON,Salamon,Саламон,Плотмон,ru_digimon_fandom,https://digimon.fandom.com/ru/wiki/Plotmon,medium,Changed to the selected Russian Digimon Wiki/Fandom form during the name localization pass.
char_XV-MON,ExVeemon,ЭксВиимон,ИксВи-мон,ru_digimon_fandom,https://digimon.fandom.com/ru/wiki/XV-mon,medium,Changed to the selected Russian Digimon Wiki/Fandom form during the name localization pass.
char_SHELLMON,Shellmon,Шелмон,Шеллмон,ru_digimon_fandom,https://digimon.fandom.com/ru/wiki/Shellmon,medium,Changed to the selected Russian Digimon Wiki/Fandom form during the name localization pass.
char_YUKIDARUMON,Frigimon,Фригимон,Юкидарумон,ru_digimon_fandom,https://digimon.fandom.com/ru/wiki/Yukidarumon,medium,Changed to the selected Russian Digimon Wiki/Fandom form during the name localization pass.
char_CENTALMON,Centarumon,Центарумон,Кенталмон,ru_digimon_fandom,https://digimon.fandom.com/ru/wiki/Centalmon,medium,Changed to the selected Russian Digimon Wiki/Fandom form during the name localization pass.
char_TONOSAMAGEKOMON,ShogunGekomon,СёгунГекомон,Тоносама Гэкомон,ru_digimon_fandom,https://digimon.fandom.com/ru/wiki/Tonosama_Gekomon,medium,Changed to the selected Russian Digimon Wiki/Fandom form during the name localization pass.
char_DELUMON,Deramon,Дерамон,Делюмон,ru_digimon_fandom,https://digimon.fandom.com/ru/wiki/Delumon,medium,Changed to the selected Russian Digimon Wiki/Fandom form during the name localization pass.
char_GERBEMON,Garbagemon,Гарбэджмон,Гербемон,ru_digimon_fandom,https://digimon.fandom.com/ru/wiki/Gerbemon,medium,Changed to the selected Russian Digimon Wiki/Fandom form during the name localization pass.
char_MUGENDRAMON,Machinedramon,Машиндрамон,Мугендрамон,ru_digimon_fandom,https://digimon.fandom.com/ru/wiki/Mugendramon,medium,Changed to the selected Russian Digimon Wiki/Fandom form during the name localization pass.
char_MUGENDRAMON_BIG,Machinedramon,Машиндрамон,Мугендрамон,ru_digimon_fandom,https://digimon.fandom.com/ru/wiki/Mugendramon,medium,Changed to the selected Russian Digimon Wiki/Fandom form during the name localization pass.
char_BUBBMON,Pabumon,Пабумон,Баббмон,ru_digimon_fandom,https://digimon.fandom.com/ru/wiki/Bubbmon,medium,Changed to the selected Russian Digimon Wiki/Fandom form during the name localization pass.
char_BETAMON,Betamon,Бетамон,Бэтамон,ru_digimon_fandom,https://digimon.fandom.com/ru/wiki/Betamon,medium,Changed to the selected Russian Digimon Wiki/Fandom form during the name localization pass.
char_LUCEMON,Lucemon,Люцемон,Люцимон,ru_digimon_fandom,https://digimon.fandom.com/ru/wiki/Lucemon,medium,Changed to the selected Russian Digimon Wiki/Fandom form during the name localization pass.
char_ORGEMON,Ogremon,Огремон,Оргмон,ru_digimon_fandom,https://digimon.fandom.com/ru/wiki/Orgemon,medium,Changed to the selected Russian Digimon Wiki/Fandom form during the name localization pass.
char_KYUBIMON,Kyubimon,Кюбимон,Кьюбимон,ru_digimon_fandom,https://digimon.fandom.com/ru/wiki/Kyubimon,medium,Changed to the selected Russian Digimon Wiki/Fandom form during the name localization pass.
char_DORUGAMON,Dorugamon,Доругамон,ДОРУгамон,ru_digimon_fandom,https://digimon.fandom.com/ru/wiki/DORUgamon,medium,Changed to the selected Russian Digimon Wiki/Fandom form during the name localization pass.
char_V-DRAMON,Veedramon,Ведрамон,Ви-драмон,ru_digimon_fandom,https://digimon.fandom.com/ru/wiki/V-dramon,medium,Changed to the selected Russian Digimon Wiki/Fandom form during the name localization pass.
char_GEKOMON,Gekomon,Гекомон,Гэкомон,ru_digimon_fandom,https://digimon.fandom.com/ru/wiki/Gekomon,medium,Changed to the selected Russian Digimon Wiki/Fandom form during the name localization pass.
char_AEROVEEDRAMON,AeroVeedramon,АэроВидрамон,Аэро Ви-драмон,ru_digimon_fandom,https://digimon.fandom.com/ru/wiki/Aero_V-dramon,medium,Changed to the selected Russian Digimon Wiki/Fandom form during the name localization pass.
char_SKULLGREYMON,SkullGreymon,СкулГреймон,Скалл Греймон,ru_digimon_fandom,https://digimon.fandom.com/ru/wiki/Skull_Greymon,medium,Changed to the selected Russian Digimon Wiki/Fandom form during the name localization pass.
char_SKULLGREYMON_BIG,SkullGreymon,СкулГреймон,Скалл Греймон,ru_digimon_fandom,https://digimon.fandom.com/ru/wiki/Skull_Greymon,medium,Changed to the selected Russian Digimon Wiki/Fandom form during the name localization pass.
char_DEATHMERAMON,SkullMeramon,СкулМерамон,Дес Мерамон,ru_digimon_fandom,https://digimon.fandom.com/ru/wiki/Death_Meramon,medium,Changed to the selected Russian Digimon Wiki/Fandom form during the name localization pass.
char_PAILDRAMON,Paildramon,Пайлдрамон,Пейлдрамон,ru_digimon_fandom,https://digimon.fandom.com/ru/wiki/Paildramon,medium,Changed to the selected Russian Digimon Wiki/Fandom form during the name localization pass.
char_PICKLEMON,Piximon,Пиксимон,Пикмон,ru_digimon_fandom,https://digimon.fandom.com/ru/wiki/Pickmon,medium,Changed to the selected Russian Digimon Wiki/Fandom form during the name localization pass.
char_VADEMON,Vademon,Вадемон,Вейдмон,ru_digimon_fandom,https://digimon.fandom.com/ru/wiki/Vademon,medium,Changed to the selected Russian Digimon Wiki/Fandom form during the name localization pass.
char_METALMAMEMON,MetalMamemon,МеталМамемон,Металл Мамемон,ru_digimon_fandom,https://digimon.fandom.com/ru/wiki/Metal_Mamemon,medium,Changed to the selected Russian Digimon Wiki/Fandom form during the name localization pass.
char_PARROTMON,Parrotmon,Пэрэтмон,Пэрротмон,ru_digimon_fandom,https://digimon.fandom.com/ru/wiki/Parrotmon,medium,Changed to the selected Russian Digimon Wiki/Fandom form during the name localization pass.
char_ULFORCEVDRAMON,UlforceVeedramon,АльфорсВидрамон,Алфорс Ви-драмон,ru_digimon_fandom,https://digimon.fandom.com/ru/wiki/Ulforce_V-dramon,medium,Changed to the selected Russian Digimon Wiki/Fandom form during the name localization pass.
char_ULFORCEVDRAMON_BIG,UlforceVeedramon,АльфорсВидрамон,Алфорс Ви-драмон,ru_digimon_fandom,https://digimon.fandom.com/ru/wiki/Ulforce_V-dramon,medium,Changed to the selected Russian Digimon Wiki/Fandom form during the name localization pass.
char_IMPERIALDRAMON_FM,Imperialdramon FM,Империалдрамон FM,Империалдрамон: Режим Бойца,ru_digimon_fandom,https://digimon.fandom.com/ru/wiki/Imperialdramon%3A_Fighter_Mode,medium,Changed to the selected Russian Digimon Wiki/Fandom form during the name localization pass.
char_IMPERIALDRAMON_PM,Imperialdramon PM,Империалдрамон FM,Империалдрамон: Режим Паладина,ru_digimon_fandom,https://digimon.fandom.com/ru/wiki/Imperialdramon%3A_Paladin_Mode,medium,Changed to the selected Russian Digimon Wiki/Fandom form during the name localization pass.
char_SABERLEOMON,SaberLeomon,СаберЛеомон,Сэйбер Леомон,ru_digimon_fandom,https://digimon.fandom.com/ru/wiki/Saber_Leomon,medium,Changed to the selected Russian Digimon Wiki/Fandom form during the name localization pass.
char_PIEDMON,Piedmon,Пьемонт,Пьемон,ru_digimon_fandom,https://digimon.fandom.com/ru/wiki/Piemon,medium,Changed to the selected Russian Digimon Wiki/Fandom form during the name localization pass.
char_PINOCHIMON,Puppetmon,Пуппетмон,Пиноккимон,ru_digimon_fandom,https://digimon.fandom.com/ru/wiki/Pinochimon,medium,Changed to the selected Russian Digimon Wiki/Fandom form during the name localization pass.
char_METALSEADRAMON,MetalSeadramon,МеталСидрамон,Металл Сидрамон,ru_digimon_fandom,https://digimon.fandom.com/ru/wiki/Metal_Seadramon,medium,Changed to the selected Russian Digimon Wiki/Fandom form during the name localization pass.
char_LUCEMON_SM,Lucemon SM,Люцемон СМ,Люцимон: режим Сатаны,ru_digimon_fandom,https://digimon.fandom.com/ru/wiki/Lucemon%3A_Satan_Mode,medium,Changed to the selected Russian Digimon Wiki/Fandom form during the name localization pass.
char_LUCEMON_SM_BIG,Lucemon SM,Люцемон СМ,Люцимон: режим Сатаны,ru_digimon_fandom,https://digimon.fandom.com/ru/wiki/Lucemon%3A_Satan_Mode,medium,Changed to the selected Russian Digimon Wiki/Fandom form during the name localization pass.
char_TITAMON_2,Titamon (Berserk),Титамон (Берсерк),Титамон (берсерк),ru_digimon_fandom,https://digimon.fandom.com/ru/wiki/Titamon,medium,Changed to the selected Russian Digimon Wiki/Fandom form during the name localization pass.
char_TITAMON_ADD,Titamon (Berserk) (Twin Blades),Титамон (Берсерк) (Двойные Клинки),Титамон (двойные клинки),ru_digimon_fandom,https://digimon.fandom.com/ru/wiki/Titamon,medium,Changed to the selected Russian Digimon Wiki/Fandom form during the name localization pass.
char_TITAMON_TWIN BLADE,Titamon (Twin Blades),Титамон (Двойные лезвия),Титамон (двойные лезвия),ru_digimon_fandom,https://digimon.fandom.com/ru/wiki/Titamon,medium,Changed to the selected Russian Digimon Wiki/Fandom form during the name localization pass.
char_HOLYDRAMON,Magnadramon,Магнадрамон,Холидрамон,ru_digimon_fandom,https://digimon.fandom.com/ru/wiki/Holydramon,medium,Changed to the selected Russian Digimon Wiki/Fandom form during the name localization pass.
char_WASPMON,Waspmon,Осмон,Васпмон,ru_digimon_fandom,https://digimon.fandom.com/ru/wiki/Waspmon,medium,Changed to the selected Russian Digimon Wiki/Fandom form during the name localization pass.
char_REVOLMON,Deputymon,Депутимон,Револьмон,ru_digimon_fandom,https://digimon.fandom.com/ru/wiki/Revolmon,medium,Changed to the selected Russian Digimon Wiki/Fandom form during the name localization pass.
char_DRACUMON,Dracmon,Дракомон,Дракумон,ru_digimon_fandom,https://digimon.fandom.com/ru/wiki/Dracumon,medium,Changed to the selected Russian Digimon Wiki/Fandom form during the name localization pass.
char_DINOHUMON,Dinohyumon,Диногьюмон,Динохьюмон,ru_digimon_fandom,https://digimon.fandom.com/ru/wiki/Dinohumon,medium,Changed to the selected Russian Digimon Wiki/Fandom form during the name localization pass.
char_LOADERLIOMON,LoaderLeomon,ЛоудерЛеомон,Лоадер Лиомон,ru_digimon_fandom,https://digimon.fandom.com/ru/wiki/Loader_Liomon,medium,Changed to the selected Russian Digimon Wiki/Fandom form during the name localization pass.
char_AGUMON_KIZUNA,Agumon (Bond of Bravery),Агумон (Узы Храбрости),Агумон (узы храбрости),ru_digimon_fandom,https://digimon.fandom.com/ru/wiki/Agumon,medium,Changed to the selected Russian Digimon Wiki/Fandom form during the name localization pass.
char_GABUMON_KIZUNA,Gabumon (Bond of Friendship),Габумон (Узы дружбы),Габумон (узы дружбы),ru_digimon_fandom,https://digimon.fandom.com/ru/wiki/Gabumon,medium,Changed to the selected Russian Digimon Wiki/Fandom form during the name localization pass.
char_CHARISMON,Callismon,Каллисон,Каллисмон,ru_digimon_fandom,https://digimon.fandom.com/ru/wiki/Callismon,medium,Changed to the selected Russian Digimon Wiki/Fandom form during the name localization pass.
char_CHARISMON_LAST,Callismon,Каллисон,Каллисмон,ru_digimon_fandom,https://digimon.fandom.com/ru/wiki/Callismon,medium,Changed to the selected Russian Digimon Wiki/Fandom form during the name localization pass.
char_PYOCOMON,Yokomon,Йокомон,Пьёкомон,ru_digimon_fandom,https://digimon.fandom.com/ru/wiki/Pyocomon,medium,Changed to the selected Russian Digimon Wiki/Fandom form during the name localization pass.
char_TANEMON,Tanemon,Танемон,Танэмон,ru_digimon_fandom,https://digimon.fandom.com/ru/wiki/Tanemon,medium,Changed to the selected Russian Digimon Wiki/Fandom form during the name localization pass.
char_PUKAMON,Bukamon,Букамон,Пукамон,ru_digimon_fandom,https://digimon.fandom.com/ru/wiki/Pukamon,medium,Changed to the selected Russian Digimon Wiki/Fandom form during the name localization pass.
char_YUNIMON,Unimon,Унимон,Юнимон,ru_digimon_fandom,https://digimon.fandom.com/ru/wiki/Unimon,medium,Changed to the selected Russian Digimon Wiki/Fandom form during the name localization pass.
char_HYOKOMON,Hyokomon,Хекомон,Хёкомон,ru_digimon_fandom,https://digimon.fandom.com/ru/wiki/Hyokomon,medium,Changed to the selected Russian Digimon Wiki/Fandom form during the name localization pass.
char_BURAIMON,Buraimon,Бураймон,Бураимон,ru_digimon_fandom,https://digimon.fandom.com/ru/wiki/Buraimon,medium,Changed to the selected Russian Digimon Wiki/Fandom form during the name localization pass.
char_SNOWGOBURIMON,SnowGoblimon,СноуГоблимон,Сноу Гобуримон,ru_digimon_fandom,https://digimon.fandom.com/ru/wiki/Snow_Goburimon,medium,Changed to the selected Russian Digimon Wiki/Fandom form during the name localization pass.
char_FLYMON,Flymon,Флимон,Флаймон,ru_digimon_fandom,https://digimon.fandom.com/ru/wiki/Flymon,medium,Changed to the selected Russian Digimon Wiki/Fandom form during the name localization pass.
char_MAMMON,Mammothmon,Мамонтомон,Маммон,ru_digimon_fandom,https://digimon.fandom.com/ru/wiki/Mammon,medium,Changed to the selected Russian Digimon Wiki/Fandom form during the name localization pass.
char_MAMMON_BIG,Mammothmon,Мамонтомон,Маммон,ru_digimon_fandom,https://digimon.fandom.com/ru/wiki/Mammon,medium,Changed to the selected Russian Digimon Wiki/Fandom form during the name localization pass.
char_RAREMON,Raremon,Редмон,Рэйрмон,ru_digimon_fandom,https://digimon.fandom.com/ru/wiki/Raremon,medium,Changed to the selected Russian Digimon Wiki/Fandom form during the name localization pass.
char_GOTTSUMON,Gotsumon,Готсумон,Готцумон,ru_digimon_fandom,https://digimon.fandom.com/ru/wiki/Gottsumon,medium,Changed to the selected Russian Digimon Wiki/Fandom form during the name localization pass.
char_PUMPMON,Pumpkinmon,Памкинмон,Пампмон,ru_digimon_fandom,https://digimon.fandom.com/ru/wiki/Pumpmon,medium,Changed to the selected Russian Digimon Wiki/Fandom form during the name localization pass.
char_SNIMON,Snimon,Снимон,Снаймон,ru_digimon_fandom,https://digimon.fandom.com/ru/wiki/Snimon,medium,Changed to the selected Russian Digimon Wiki/Fandom form during the name localization pass.
char_MEDIEVALDUKEMON,MedievalGallantmon,МедивалГаллантмон,Средневековый Дюкмон,ru_digimon_fandom,https://digimon.fandom.com/ru/wiki/Medieval_Dukemon,medium,Changed to the selected Russian Digimon Wiki/Fandom form during the name localization pass.
char_GRACENOVAMON,GraceNovamon,Грейсеновамон,Грейс Новамон,ru_digimon_fandom,https://digimon.fandom.com/ru/wiki/Grace_Novamon,medium,Changed to the selected Russian Digimon Wiki/Fandom form during the name localization pass.
char_GRACENOVAMON_SUB,GraceNovamon,Грейсеновамон,Грейс Новамон,ru_digimon_fandom,https://digimon.fandom.com/ru/wiki/Grace_Novamon,medium,Changed to the selected Russian Digimon Wiki/Fandom form during the name localization pass.
char_GRACENOVAMON_BIG,GraceNovamon,Грейсеновамон,Грейс Новамон,ru_digimon_fandom,https://digimon.fandom.com/ru/wiki/Grace_Novamon,medium,Changed to the selected Russian Digimon Wiki/Fandom form during the name localization pass.
char_ANOMALOCARIMON,Scorpiomon,Скорпиомон,Аномалокаримон,ru_digimon_fandom,https://digimon.fandom.com/ru/wiki/Anomalocarimon,medium,Changed to the selected Russian Digimon Wiki/Fandom form during the name localization pass.
char_ANOMALOCARIMON_BIG,Scorpiomon,Скорпиомон,Аномалокаримон,ru_digimon_fandom,https://digimon.fandom.com/ru/wiki/Anomalocarimon,medium,Changed to the selected Russian Digimon Wiki/Fandom form during the name localization pass.
char_HANGYOMON,Divermon,Дивермон,Хангёмон,ru_digimon_fandom,https://digimon.fandom.com/ru/wiki/Hangyomon,medium,Changed to the selected Russian Digimon Wiki/Fandom form during the name localization pass.
char_HANGYOMON_SCAR,Divermon,Дивермон,Хангёмон,ru_digimon_fandom,https://digimon.fandom.com/ru/wiki/Hangyomon,medium,Changed to the selected Russian Digimon Wiki/Fandom form during the name localization pass.
char_HANGYOMON_SCARF,Divermon,Дивермон,Хангёмон,ru_digimon_fandom,https://digimon.fandom.com/ru/wiki/Hangyomon,medium,Changed to the selected Russian Digimon Wiki/Fandom form during the name localization pass.
char_MUSHMON,Mushroomon,Машрумон,Машмон,ru_digimon_fandom,https://digimon.fandom.com/ru/wiki/Mushmon,medium,Changed to the selected Russian Digimon Wiki/Fandom form during the name localization pass.
char_CLAVISANGEMON,ClavisAngemon,КлависАнгемон,Клавис Ангемон,ru_digimon_fandom,https://digimon.fandom.com/ru/wiki/Clavis_Angemon,medium,Changed to the selected Russian Digimon Wiki/Fandom form during the name localization pass.
char_CLAVISANGEMON_BIG,ClavisAngemon,КлависАнгемон,Клавис Ангемон,ru_digimon_fandom,https://digimon.fandom.com/ru/wiki/Clavis_Angemon,medium,Changed to the selected Russian Digimon Wiki/Fandom form during the name localization pass.
char_MECHANORIMON,Mekanorimon,Меканоримон,Механоримон,ru_digimon_fandom,https://digimon.fandom.com/ru/wiki/Mechanorimon,medium,Changed to the selected Russian Digimon Wiki/Fandom form during the name localization pass.
char_PENMON,Penmon,Пенмон,Пинмон,ru_digimon_fandom,https://digimon.fandom.com/ru/wiki/Penmon,medium,Changed to the selected Russian Digimon Wiki/Fandom form during the name localization pass.
char_TSUMEMON,Tsumemon,Цумемон,Цумэмон,ru_digimon_fandom,https://digimon.fandom.com/ru/wiki/Tsumemon,medium,Changed to the selected Russian Digimon Wiki/Fandom form during the name localization pass.
char_MAGNAGARURUMON_SEPARATION,MagnaGarurumon (Detached),МагнаГарурумон (Открепленный),Магна Гарурумон (открепленный),ru_digimon_fandom,https://digimon.fandom.com/ru/wiki/Magna_Garurumon,medium,Changed to the selected Russian Digimon Wiki/Fandom form during the name localization pass.
char_AGNIMON,Agunimon,Агунимон,Агнимон,ru_digimon_fandom,https://digimon.fandom.com/ru/wiki/Agnimon,medium,Changed to the selected Russian Digimon Wiki/Fandom form during the name localization pass.
char_KAISERGREYMON,EmperorGreymon,ИмпериорГреймон,Кайзер Греймон,ru_digimon_fandom,https://digimon.fandom.com/ru/wiki/Kaiser_Greymon,medium,Changed to the selected Russian Digimon Wiki/Fandom form during the name localization pass.
char_MAGNAGARURUMON,MagnaGarurumon,МагнаГарурумон,Магна Гарурумон,ru_digimon_fandom,https://digimon.fandom.com/ru/wiki/Magna_Garurumon,medium,Changed to the selected Russian Digimon Wiki/Fandom form during the name localization pass.
char_VRITRAMON,BurningGreymon,БёрнингГреймон,Вритрамон,ru_digimon_fandom,https://digimon.fandom.com/ru/wiki/Vritramon,medium,Changed to the selected Russian Digimon Wiki/Fandom form during the name localization pass.
char_WOLFMON,Lobomon,Лобомон,Вольфмон,ru_digimon_fandom,https://digimon.fandom.com/ru/wiki/Wolfmon,medium,Changed to the selected Russian Digimon Wiki/Fandom form during the name localization pass.
char_GARUMMON,KendoGarurumon,КендоГарурумон,Гаруммон,ru_digimon_fandom,https://digimon.fandom.com/ru/wiki/Garummon,medium,Changed to the selected Russian Digimon Wiki/Fandom form during the name localization pass.
char_OMEGASHOUTMON,OmniShoutmon,ОмниШаутмон,Омега Шаутмон,ru_digimon_fandom,https://digimon.fandom.com/ru/wiki/Omega_Shoutmon,medium,Changed to the selected Russian Digimon Wiki/Fandom form during the name localization pass.
char_GANKOOMON,Gankoomon,Ганкумон,Гэнкумон,ru_digimon_fandom,https://digimon.fandom.com/ru/wiki/Gankoomon,medium,Changed to the selected Russian Digimon Wiki/Fandom form during the name localization pass.
char_ZUBAEAGERMON,ZubaEagermon,Зубагермон,Зубаигермон,ru_digimon_fandom,https://digimon.fandom.com/ru/wiki/Zubaeagermon,medium,Changed to the selected Russian Digimon Wiki/Fandom form during the name localization pass.
char_LOADKNIGHTMON,LordKnightmon,ЛордНайтмон,Лорд Найтмон,ru_digimon_fandom,https://digimon.fandom.com/ru/wiki/Lord_Knightmon,medium,Changed to the selected Russian Digimon Wiki/Fandom form during the name localization pass.
char_LOADKNIGHTMON_BIG,LordKnightmon,ЛордНайтмон,Лорд Найтмон,ru_digimon_fandom,https://digimon.fandom.com/ru/wiki/Lord_Knightmon,medium,Changed to the selected Russian Digimon Wiki/Fandom form during the name localization pass.
char_HAWKMON,Hawkmon,Хокмон,Хоукмон,ru_digimon_fandom,https://digimon.fandom.com/ru/wiki/Hawkmon,medium,Changed to the selected Russian Digimon Wiki/Fandom form during the name localization pass.
char_TOYAGUMON,ToyAgumon,Тойагумон,Той Агумон,ru_digimon_fandom,https://digimon.fandom.com/ru/wiki/Toy_Agumon,medium,Changed to the selected Russian Digimon Wiki/Fandom form during the name localization pass.
char_TOYAGUMON_BIG,ToyAgumon,Тойагумон,Той Агумон,ru_digimon_fandom,https://digimon.fandom.com/ru/wiki/Toy_Agumon,medium,Changed to the selected Russian Digimon Wiki/Fandom form during the name localization pass.
char_YATAGARAMON,Crowmon,Кромон,Ятагарамон,ru_digimon_fandom,https://digimon.fandom.com/ru/wiki/Yatagaramon,medium,Changed to the selected Russian Digimon Wiki/Fandom form during the name localization pass.
char_BRAKIMON,Brachiomon,Брахиомон,Брахимон,ru_digimon_fandom,https://digimon.fandom.com/ru/wiki/Brachiomon,medium,Changed to the selected Russian Digimon Wiki/Fandom form during the name localization pass.
char_IMPERIALDRAMON_DM,Imperialdramon DM,Империалдрамон ДМ,Империалдрамон: Режим дракона,ru_digimon_fandom,https://digimon.fandom.com/ru/wiki/Imperialdramon%3A_Dragon_Mode,medium,Changed to the selected Russian Digimon Wiki/Fandom form during the name localization pass.
char_DIANAMON,Dianamon,Дайанамон,Дианамон,ru_digimon_fandom,https://digimon.fandom.com/ru/wiki/Dianamon,medium,Changed to the selected Russian Digimon Wiki/Fandom form during the name localization pass.
char_DIANAMON_BIG,Dianamon,Дайанамон,Дианамон,ru_digimon_fandom,https://digimon.fandom.com/ru/wiki/Dianamon,medium,Changed to the selected Russian Digimon Wiki/Fandom form during the name localization pass.
char_KERPYMON_GOOD,Cherubimon (Good),Керубимон (Добрый),Херувимон (Добродетельный),ru_digimon_fandom,https://digimon.fandom.com/ru/wiki/Cherubimon_%28Virtue%29,medium,Changed to the selected Russian Digimon Wiki/Fandom form during the name localization pass.
char_DYNASMON,Dynasmon,Династмон,Динасмон,ru_digimon_fandom,https://digimon.fandom.com/ru/wiki/Dynasmon,medium,Changed to the selected Russian Digimon Wiki/Fandom form during the name localization pass.
char_DYNASMON_BIG,Dynasmon,Династмон,Динасмон,ru_digimon_fandom,https://digimon.fandom.com/ru/wiki/Dynasmon,medium,Changed to the selected Russian Digimon Wiki/Fandom form during the name localization pass.
char_DUFTMON,Leopardmon,Леопардмон,Дуфтмон,ru_digimon_fandom,https://digimon.fandom.com/ru/wiki/Duftmon,medium,Changed to the selected Russian Digimon Wiki/Fandom form during the name localization pass.
char_DUFTMON_BIG,Leopardmon,Леопардмон,Дуфтмон,ru_digimon_fandom,https://digimon.fandom.com/ru/wiki/Duftmon,medium,Changed to the selected Russian Digimon Wiki/Fandom form during the name localization pass.
char_SAINTGALGOMON,MegaGargomon,МегаГаргомон,Сен Гальгомон,ru_digimon_fandom,https://digimon.fandom.com/ru/wiki/Saint_Galgomon,medium,Changed to the selected Russian Digimon Wiki/Fandom form during the name localization pass.
char_SAINTGALGOMON_BIG,MegaGargomon,МегаГаргомон,Сен Гальгомон,ru_digimon_fandom,https://digimon.fandom.com/ru/wiki/Saint_Galgomon,medium,Changed to the selected Russian Digimon Wiki/Fandom form during the name localization pass.
char_DUFTMON_LM,Leopardmon LM,Леопардмон ЛМ,Дуфтмон: Режим леопарда,ru_digimon_fandom,https://digimon.fandom.com/ru/wiki/Duftmon%3A_Leopard_Mode,medium,Changed to the selected Russian Digimon Wiki/Fandom form during the name localization pass.
char_KUZUHAMON,Kuzuhamon,Кузухамон,Кудзухамон,ru_digimon_fandom,https://digimon.fandom.com/ru/wiki/Kuzuhamon,medium,Changed to the selected Russian Digimon Wiki/Fandom form during the name localization pass.
char_INSEKIMON,Meteormon,Метеормон,Инсэкимон,ru_digimon_fandom,https://digimon.fandom.com/ru/wiki/Insekimon,medium,Changed to the selected Russian Digimon Wiki/Fandom form during the name localization pass.
char_OMEGAMON_ZWART,Omnimon Zwart,Омнимон Цварт,Омегамон Цварт,ru_digimon_fandom,https://digimon.fandom.com/ru/wiki/Omegamon_Zwart,medium,Changed to the selected Russian Digimon Wiki/Fandom form during the name localization pass.
char_GUARDROMON_GL,Guardromon (Gold),Гардромон (Золотой),Гардромон (золотой),ru_digimon_fandom,https://digimon.fandom.com/ru/wiki/Guardromon,medium,Changed to the selected Russian Digimon Wiki/Fandom form during the name localization pass.
char_ALPHAMON_OURYUKEN,Alphamon: Ouryuken,Альфамон: Оурюкен,Альфамон: Орюкен,ru_digimon_fandom,https://digimon.fandom.com/ru/wiki/Alphamon%3A_Ouryuken,medium,Changed to the selected Russian Digimon Wiki/Fandom form during the name localization pass.
char_KERPYMON_BAD,Cherubimon (Black),Керубимон (Чёрный),Херувимон (Порочный),ru_digimon_fandom,https://digimon.fandom.com/ru/wiki/Cherubimon_%28Vice%29,medium,Changed to the selected Russian Digimon Wiki/Fandom form during the name localization pass.
char_MIRAGEGAOGAMON_BM,MirageGaogamon BM,МиражГаогамон БМ,Мираж Гаогамон: Взрывной режим,ru_digimon_fandom,https://digimon.fandom.com/ru/wiki/Mirage_Gaogamon%3A_Burst_Mode,medium,Changed to the selected Russian Digimon Wiki/Fandom form during the name localization pass.
char_RAREMON_BIG,Raremon,Рэармон,Рэйрмон,ru_digimon_fandom,https://digimon.fandom.com/ru/wiki/Raremon,medium,Changed to the selected Russian Digimon Wiki/Fandom form during the name localization pass.
char_GREYMON_BIG_BL_ADD,Greymon (Blue) (Head Shell),Греймон (Синий) (Головной убор),Греймон (головной убор),ru_digimon_fandom,https://digimon.fandom.com/ru/wiki/Greymon,medium,Changed to the selected Russian Digimon Wiki/Fandom form during the name localization pass.
char_CHARISMON_ADD,Callismon (Gun),Каллисмон (Пистолет),Каллисмон (пистолет),ru_digimon_fandom,https://digimon.fandom.com/ru/wiki/Callismon,medium,Changed to the selected Russian Digimon Wiki/Fandom form during the name localization pass.
char_DIANAMON_ADD,Dianamon & the Goodnight Sisters,Дайанамон и сестры Гуднайт,Дианамон,ru_digimon_fandom,https://digimon.fandom.com/ru/wiki/Dianamon,medium,Changed to the selected Russian Digimon Wiki/Fandom form during the name localization pass.
char_LOCOMON_EVENT,Locomon (Event),Локомон (Событие),Локомон (событие),ru_digimon_fandom,https://digimon.fandom.com/ru/wiki/Locomon,medium,Changed to the selected Russian Digimon Wiki/Fandom form during the name localization pass.
char_ENBARRMON_CRANIAMON,Craniamon + Enbarrmon,Краниамон + Энбаррмон,Энбаррмон,ru_digimon_fandom,https://digimon.fandom.com/ru/wiki/Enbarrmon,medium,Changed to the selected Russian Digimon Wiki/Fandom form during the name localization pass.
char_ENBARRMON_CRANIAMON_E,Craniamon + Enbarrmon,Краниамон + Энбаррмон,Энбаррмон,ru_digimon_fandom,https://digimon.fandom.com/ru/wiki/Enbarrmon,medium,Changed to the selected Russian Digimon Wiki/Fandom form during the name localization pass.
char_PARROTMON_BIG,Parrotmon,Пэрэтмон,Пэрротмон,ru_digimon_fandom,https://digimon.fandom.com/ru/wiki/Parrotmon,medium,Changed to the selected Russian Digimon Wiki/Fandom form during the name localization pass.
char_PARROTMON_BIG_ADD,Parrotmon (Crested),Пэрэтмон (Гребень),Пэрротмон (гребень),ru_digimon_fandom,https://digimon.fandom.com/ru/wiki/Parrotmon,medium,Changed to the selected Russian Digimon Wiki/Fandom form during the name localization pass.
char_METALGREYMON_BIG_BL,MetalGreymon (Blue),МеталлГреймон (Синий),Металл Греймон (синий),ru_digimon_fandom,https://digimon.fandom.com/ru/wiki/Metal_Greymon,medium,Changed to the selected Russian Digimon Wiki/Fandom form during the name localization pass.
char_WHAMON_BIG,Whamon,Вамон,Уэмон,ru_digimon_fandom,https://digimon.fandom.com/ru/wiki/Whamon,medium,Changed to the selected Russian Digimon Wiki/Fandom form during the name localization pass.
char_NEPTUNEMON_BIG,Neptunemon,Нептунемон,Нептунмон,ru_digimon_fandom,https://digimon.fandom.com/ru/wiki/Neptunemon,medium,Changed to the selected Russian Digimon Wiki/Fandom form during the name localization pass.
char_OMEGAMON_BIG,Omnimon,Омнимон,Омегамон,ru_digimon_fandom,https://digimon.fandom.com/ru/wiki/Omegamon,medium,Changed to the selected Russian Digimon Wiki/Fandom form during the name localization pass.
char_JUPITERMON_WRATHMODE_BIG,Jupitermon WM,Юпитермон WM,Юпитермон: Режим гнева,ru_digimon_fandom,https://digimon.fandom.com/ru/wiki/Jupitermon%3A_Wrath_Mode,medium,Changed to the selected Russian Digimon Wiki/Fandom form during the name localization pass.
char_ORGEMON_BOSS,Ogremon,Огремон,Оргмон,ru_digimon_fandom,https://digimon.fandom.com/ru/wiki/Orgemon,medium,Changed to the selected Russian Digimon Wiki/Fandom form during the name localization pass.
