kind,speaker_id,relative_path,row_id,word,context,text
latin,char_OPERATOR_M,message/battle.mbe/000_Sheet1.csv,1011030004,fc,Этот противник явно сильнее других дигимонов... / Вам разрешено использовать {fc9кросс-арты}.,"Этот противник явно сильнее других дигимонов...
Вам разрешено использовать {fc9кросс-арты}."
latin,char_OPERATOR_M,message/battle.mbe/000_Sheet1.csv,1081020003,player,"Слушайте внимательно, агент {player}. У меня есть результаты / анализа вашей текущей ситуации.","Слушайте внимательно, агент {player}. У меня есть результаты
анализа вашей текущей ситуации."
latin,char_OPERATOR_M,message/d10.mbe/000_Sheet1.csv,f_d1003_0020_0010,fc,Дигивайс позволяет взаимодействовать с такими существами. / Одна из важных функций - {fc9ДигиАтака} {r2}.,"Дигивайс позволяет взаимодействовать с такими существами.
Одна из важных функций - {fc9ДигиАтака} {r2}."
latin,char_OPERATOR_M,message/d14.mbe/000_Sheet1.csv,f_d1401_0040_0040,fc,Мы называем эту систему создания новых дигимонов «{fc9Конвертация}». / Попробуй использовать её для усиления своего отряда.,"Мы называем эту систему создания новых дигимонов «{fc9Конвертация}».
Попробуй использовать её для усиления своего отряда."
latin,char_OPERATOR_M,message/d14.mbe/000_Sheet1.csv,f_d1403_0020_0010,fc,Твой Дигивайс также обладает функцией «{fc9Анализ}»{l2}.,Твой Дигивайс также обладает функцией «{fc9Анализ}»{l2}.
latin,char_OPERATOR_M,message/d14.mbe/000_Sheet1.csv,f_d1405_0040_0010,fc,Позволь рассказать тебе о {fc9эволюции}. / Основы этой теории заложил твой приёмный отец...,"Позволь рассказать тебе о {fc9эволюции}.
Основы этой теории заложил твой приёмный отец..."
latin,char_OPERATOR_M,message/d14.mbe/000_Sheet1.csv,f_d1406_0010_0010,fc,Позволь рассказать тебе о {fc9эволюции}. Основы этой теории / заложил твой приёмный отец...,"Позволь рассказать тебе о {fc9эволюции}. Основы этой теории
заложил твой приёмный отец..."
latin,char_OPERATOR_M,message/d14.mbe/000_Sheet1.csv,f_d1407_0050_0010,fc,"Невозможно предсказать, что ждёт тебя впереди. Подготовься к худшему / и не забудь про {fc9Конвертацию} и {fc9эволюцию}.","Невозможно предсказать, что ждёт тебя впереди. Подготовься к худшему
и не забудь про {fc9Конвертацию} и {fc9эволюцию}."
latin,char_OPERATOR_M,message/d14.mbe/000_Sheet1.csv,f_d1407_0050_0050,fc,"Никто не способен продолжить его дело лучше тебя — того, кто носит его имя. / В совершенстве овладей {fc9Конвертацией} и {fc9эволюцией}!","Никто не способен продолжить его дело лучше тебя — того, кто носит его имя.
В совершенстве овладей {fc9Конвертацией} и {fc9эволюцией}!"
latin,char_OPERATOR_M,message/field_text.mbe/000_Sheet1.csv,g_tutorial_1001_0010,fc,"Похоже, что дигимон был проанализирован достаточно хорошо и готов / к преобразованию. Попробуйте функцию {fc9Конвертация} прямо сейчас.","Похоже, что дигимон был проанализирован достаточно хорошо и готов
к преобразованию. Попробуйте функцию {fc9Конвертация} прямо сейчас."
latin,char_OPERATOR_M,message/field_text.mbe/000_Sheet1.csv,g_tutorial_1001_0020,fc,"Прямо как однояйцевые близнецы с разными характерами, / у каждого дигимона, похоже, тоже своя {fc9Личность}.","Прямо как однояйцевые близнецы с разными характерами,
у каждого дигимона, похоже, тоже своя {fc9Личность}."
latin,char_OPERATOR_M,message/field_text.mbe/000_Sheet1.csv,g_tutorial_1002_0010,fc,"Я не могу предсказать, что вас ждёт. Будьте готовы к худшему / и не забывайте о {fc9Конвертации} и {fc9эволюции}.","Я не могу предсказать, что вас ждёт. Будьте готовы к худшему
и не забывайте о {fc9Конвертации} и {fc9эволюции}."
latin,char_OPERATOR_M,message/field_text.mbe/000_Sheet1.csv,g_tutorial_1002_0050,fc,"С вашей фамилией «Юки» никто не подходит лучше для воплощения его воли, / так что освойте в совершенстве {fc9Конвертацию} и {fc9эволюцию}!","С вашей фамилией «Юки» никто не подходит лучше для воплощения его воли,
так что освойте в совершенстве {fc9Конвертацию} и {fc9эволюцию}!"
latin,char_OPERATOR_M,message/m010.mbe/000_Sheet1.csv,m010_020_050,player,"Всё ясно, агент {player}?","Всё ясно, агент {player}?"
latin,char_OPERATOR_M,message/m020.mbe/000_Sheet1.csv,m020_050_070,player,"Я рассчитываю на тебя, агент {player}.","Я рассчитываю на тебя, агент {player}."
latin,char_OPERATOR_M,message/m050.mbe/000_Sheet1.csv,m050_010_280,player,"Присылай мне всё, что узнаешь. Рассчитываю на тебя, / агент {player}.","Присылай мне всё, что узнаешь. Рассчитываю на тебя,
агент {player}."
latin,char_OPERATOR_M,message/m060.mbe/000_Sheet1.csv,m060_020_240,player,"Помнишь мои слова, агент {player}?","Помнишь мои слова, агент {player}?"
latin,char_OPERATOR_M,message/m060.mbe/000_Sheet1.csv,m060_150_090,player,"Агент {player}... Я вижу, ситуация снова изменилась.","Агент {player}... Я вижу, ситуация снова изменилась."
latin,char_OPERATOR_M,message/m070.mbe/000_Sheet1.csv,m070_100_010,player,"Агент {player}, текущая ситуация заново оценена.","Агент {player}, текущая ситуация заново оценена."
latin,char_OPERATOR_M,message/m090.mbe/000_Sheet1.csv,m090_010_010,player,"Похоже, тебе не удалось выспаться, агент {player}?","Похоже, тебе не удалось выспаться, агент {player}?"
latin,char_OPERATOR_M,message/m120.mbe/000_Sheet1.csv,m120_040_010,player,Агент {player}... Только что удалось перехватить связь. / Вы в мире дигимонов? Я правильно понимаю?,"Агент {player}... Только что удалось перехватить связь.
Вы в мире дигимонов? Я правильно понимаю?"
latin,char_OPERATOR_M,message/m130.mbe/000_Sheet1.csv,m130_010_120,player,"Если это приведёт к получению дополнительной информации, это вряд ли будет / пустой тратой времени. Тем не менее, будьте осторожны, Агент {player}.","Если это приведёт к получению дополнительной информации, это вряд ли будет
пустой тратой времени. Тем не менее, будьте осторожны, Агент {player}."
latin,char_OPERATOR_M,message/m140.mbe/000_Sheet1.csv,m140_010_430,player,"Агент {player}, помните, что произошло во время Ада Синдзюку.","Агент {player}, помните, что произошло во время Ада Синдзюку."
latin,char_OPERATOR_M,message/m140.mbe/000_Sheet1.csv,m140_020_040,player,Агент {player}. Сейчас хорошее время собрать / побольше информации.,"Агент {player}. Сейчас хорошее время собрать
побольше информации."
latin,char_OPERATOR_M,message/m150.mbe/000_Sheet1.csv,m150_160_150,player,"...Держите это в уме, ладно, Агент {player}?","...Держите это в уме, ладно, Агент {player}?"
latin,char_OPERATOR_M,message/m170.mbe/000_Sheet1.csv,m170_010_090,player,"Реально, верить в то, что это правда, - наш единственный выход. / Я рассчитываю на вас, агент {player}.","Реально, верить в то, что это правда, - наш единственный выход.
Я рассчитываю на вас, агент {player}."
latin,char_OPERATOR_M,message/m170.mbe/000_Sheet1.csv,m170_150_120,player,"Так держать! Всё зависит от тебя, агент {player}.","Так держать! Всё зависит от тебя, агент {player}."
latin,char_OPERATOR_M,message/m180.mbe/000_Sheet1.csv,m180_110_060,player,"Там должны быть какие-то ключи к разгадке истины. / Продолжайте копать, Агент {player}.","Там должны быть какие-то ключи к разгадке истины.
Продолжайте копать, Агент {player}."
latin,char_OPERATOR_M,message/m230.mbe/000_Sheet1.csv,m230_010_180,player,"...ваш приказ предотвратить Ад Синдзюку остаётся в силе. Я всё / ещё рассчитываю на вас, агент {player}!","...ваш приказ предотвратить Ад Синдзюку остаётся в силе. Я всё
ещё рассчитываю на вас, агент {player}!"
latin,char_OPERATOR_M,message/m350.mbe/000_Sheet1.csv,m350_140_140,player,"Наверное, это всё. Дальше всё зависит от тебя, Агент {player}.","Наверное, это всё. Дальше всё зависит от тебя, Агент {player}."
male_self_form,char_OPERATOR_M,message/rumor_npc.mbe/000_Sheet1.csv,r_t0102_0010_0110,должен,Я должен догнать остальных членов банды,Я должен догнать остальных членов банды...
male_self_form,char_OPERATOR_M,message/rumor_npc.mbe/000_Sheet1.csv,r_t0102_0010_0140,должен,В какую из них я должен сыграть сегодня,В какую из них я должен сыграть сегодня ...?
male_self_form,char_OPERATOR_M,message/rumor_npc.mbe/000_Sheet1.csv,r_t0403_0010_0030,сказал,"Я сказал ""нет""","Я сказал ""нет""!"
latin,char_OPERATOR_M,message/t04.mbe/000_Sheet1.csv,f_t0404_0240_0020,fc,Эта функция называется {fc9Навыки Агента}.,Эта функция называется {fc9Навыки Агента}.
