speaker_id,relative_path,row_id,tags,text
char_OPERATOR_M,message/battle.mbe/000_Sheet1.csv,1011030002,1011030002_M 1011030002_F,"Боюсь, этот дигимон не похож ни на одного из тех, с кем
мы сталкивались раньше."
char_OPERATOR_M,message/battle.mbe/000_Sheet1.csv,1011030003,1011030003_M 1011030003_F,"Наша работа - защищать мирных жителей от аномалий. Здесь мы не
можем позволить себе совершать какие-либо ошибки."
char_OPERATOR_M,message/battle.mbe/000_Sheet1.csv,1011030004,1011030004_M 1011030004_F,"Этот противник явно сильнее других дигимонов...
Тебе разрешено использовать {fc9кросс-арты}."
char_OPERATOR_M,message/battle.mbe/000_Sheet1.csv,1011030005,1011030005_M 1011030005_F,"Используй Дигивайс как катализатор: сфокусируй энергию
своего дигимона в одной точке и высвободи её."
char_OPERATOR_M,message/battle.mbe/000_Sheet1.csv,1011030006,1011030006_M 1011030006_F,"Сумеешь ли ты завоевать доверие своих союзников,
зависит только от тебя."
char_OPERATOR_M,message/battle.mbe/000_Sheet1.csv,1011030007,1011030007_M 1011030007_F,"Все, что мы делаем, мы делаем для защиты человечества от
аномалий. Клянусь честью АДАМАСА, мы должны выстоять!"
char_OPERATOR_M,message/battle.mbe/000_Sheet1.csv,1036010020,1036010020_M 1036010020_F,"Пэрротмон, кажется, приходит в себя всякий раз, когда в него
попадает молния. Должен быть какой-то способ остановить это..."
char_OPERATOR_M,message/battle.mbe/000_Sheet1.csv,1036010021,1036010021_M 1036010021_F,Молнии прекратились! Теперь у тебя есть шанс!
char_OPERATOR_M,message/battle.mbe/000_Sheet1.csv,1036010022,1036010022_M 1036010022_F,"Молния, приближается!"
char_OPERATOR_M,message/battle.mbe/000_Sheet1.csv,1036010023,1036010023_M 1036010023_F,"Похоже, они очень разозлились. Берегись этой молнии!"
char_OPERATOR_M,message/battle.mbe/000_Sheet1.csv,1081020001,1081020001_M 1081020001_F,"Что это было?! Титамон нанес удар прежде, чем мы поняли, что
происходит!"
char_OPERATOR_M,message/battle.mbe/000_Sheet1.csv,1081020002,1081020002_M 1081020002_F,"Сейчас я не могу объяснить, что именно произошло! Я
проанализирую ситуацию. Ты пока держись!"
char_OPERATOR_M,message/battle.mbe/000_Sheet1.csv,1081020003,1081020003_M 1081020003_F,"Слушай внимательно, агент {player}. У меня есть результаты
анализа твоей текущей ситуации."
char_OPERATOR_M,message/battle.mbe/000_Sheet1.csv,1081020004,1081020004_M 1081020004_F,"Все признаки указывают на то, что Титамон останавливает время.
Обычно это было бы невозможно... но с сокровищем в его руках..."
char_OPERATOR_M,message/battle.mbe/000_Sheet1.csv,1081020005,1081020005_M 1081020005_F,"Титамон, вероятно, заряжает свою силу, пока время остановлено.
Как мы можем противостоять этому...?"
char_OPERATOR_M,message/battle.mbe/000_Sheet1.csv,1081020009,1081020009_M 1081020009_F,"У тебя есть устройство от доктора Симмонс, которое генерирует
специальную электромагнитную сеть, верно?"
char_OPERATOR_M,message/battle.mbe/000_Sheet1.csv,1081020010,1081020010_M 1081020010_F,"Очевидно, электромагнитная сеть создает помехи фазовым
электронам. Стоит попробовать прямо перед тем, как Титамон остановит время."
char_OPERATOR_M,message/d03.mbe/000_Sheet1.csv,f_d0302_0230_0010,f_d0302_0230_0010_M f_d0302_0230_0010_F,"Судя по всему... Кажется, что время было отмотано назад."
char_OPERATOR_M,message/d03.mbe/000_Sheet1.csv,f_d0302_0230_0020,f_d0302_0230_0020_M f_d0302_0230_0020_F,"Пожалуйста, продолжай собирать информацию."
char_OPERATOR_M,message/d03.mbe/000_Sheet1.csv,f_d0303_0040_0080,f_d0303_0040_0080_M f_d0303_0040_0080_F,"Точно стоит отпускать Дивер-Мона? В конце концов,
Дивер-Мон - титан."
char_OPERATOR_M,message/d03.mbe/000_Sheet1.csv,f_d0303_0040_0090,f_d0303_0040_0090_M f_d0303_0040_0090_F,"Неясно, можно ли ему доверять. К тому же он бросил тебя
в опасном месте..."
char_OPERATOR_M,message/d03.mbe/000_Sheet1.csv,f_d0303_0040_0100,f_d0303_0040_0100_M f_d0303_0040_0100_F,Не исключай возможности ловушки и не теряй бдительности.
char_OPERATOR_M,message/d04.mbe/000_Sheet1.csv,f_d0407_0040_0030,,"Потерял ориентир? Попробуй воспользоваться «Анализом». Может,
что-нибудь найдёшь."
char_OPERATOR_M,message/d04.mbe/000_Sheet1.csv,f_d0407_0040_0030__H,,"Заблудилась? Воспользуйся «Анализом» — может,
что-нибудь найдёшь."
char_OPERATOR_M,message/d04.mbe/000_Sheet1.csv,f_d0407_0040_0030__F,,"Заблудился? Воспользуйся «Анализом» — может,
что-нибудь найдёшь."
char_OPERATOR_M,message/d06.mbe/000_Sheet1.csv,f_d0609_0010_0010,,Что случилось? Ты в порядке?! Нельзя сдаваться!
char_OPERATOR_M,message/d10.mbe/000_Sheet1.csv,f_d1001_0070_0010,,Что ты делаешь?! Убирайся оттуда!
char_OPERATOR_M,message/d10.mbe/000_Sheet1.csv,f_d1001_0120_0030,,"Показания дигимонов приближаются к показаниям генератора
электромагнитной сети."
char_OPERATOR_M,message/d10.mbe/000_Sheet1.csv,f_d1001_0120_0040,,Все там в опасности! Тебе нужно поторопиться!
char_OPERATOR_M,message/d10.mbe/000_Sheet1.csv,f_d1002_0030_0010,,Нет времени возвращаться. Направляйся к зданию правительства.
char_OPERATOR_M,message/d10.mbe/000_Sheet1.csv,f_d1003_0010_0010,,Что ты делаешь? Координаты цели указаны в другой стороне.
char_OPERATOR_M,message/d10.mbe/000_Sheet1.csv,f_d1003_0010_0020,f_d1003_0010_0020_M f_d1003_0010_0020_F,"Используй способности своего дигимона-партнёра, чтобы
устранить все препятствия на своём пути."
char_OPERATOR_M,message/d10.mbe/000_Sheet1.csv,f_d1003_0020_0005,f_d1003_0020_0005_M f_d1003_0020_0005_F,"Публика часто называет их «призраками» или «монстрами», но мы
решили определить фазово-электронные формы жизни как «дигимонов»."
char_OPERATOR_M,message/d10.mbe/000_Sheet1.csv,f_d1003_0020_0010,f_d1003_0020_0010_M f_d1003_0020_0010_F,"Дигивайс позволяет взаимодействовать с такими существами.
Одна из его ключевых функций — {fc9ДигиАтака} {r2}."
char_OPERATOR_M,message/d10.mbe/000_Sheet1.csv,f_d1003_0020_0020,f_d1003_0020_0020_M f_d1003_0020_0020_F,"Это позволяет тебе приказать союзникам нанести упреждающий
удар по враждебному дигимону. Продолжай. Попробуй."
char_OPERATOR_M,message/d11.mbe/000_Sheet1.csv,f_d1101_0070_0020,f_d1101_0070_0020,"Похоже, что многие представители дигимонов без лишних вопросов
распознают врага во всем, чего они никогда раньше не видели."
char_OPERATOR_M,message/d11.mbe/000_Sheet1.csv,f_d1101_0070_0030,f_d1101_0070_0030,"Эти враждебные дигимоны вредны для людей, но дигимоны, рожденные
в результате Обращения, не проявляют таких черт."
char_OPERATOR_M,message/d11.mbe/000_Sheet1.csv,f_d1101_0070_0040,f_d1101_0070_0040,"Подземелье Синдзюку кишит враждебными дигимонами,
но цель ведёт себя иначе. Возможно, получим достоверные данные."
char_OPERATOR_M,message/d11.mbe/000_Sheet1.csv,f_d1102_0120_0100,,"Не ожидалось, что враждебный дигимон может измениться до такой
степени. Согласно последнему отчёту исследовательского отдела..."
char_OPERATOR_M,message/d11.mbe/000_Sheet1.csv,f_d1102_0120_0110,,"...похоже, их враждебность вызвана защитным инстинктом.
Словно антитела при чрезмерной иммунной реакции."
char_OPERATOR_M,message/d11.mbe/000_Sheet1.csv,f_d1102_0120_0115,,"Если дигимоны — антитела, то мы — чужеродная субстанция...
Возможно, потому что познали законы времени?"
char_OPERATOR_M,message/d11.mbe/000_Sheet1.csv,f_d1102_0120_0120,,"Анализ местных каналов связи показал: доктор Симмонс
находится на площади водопадов в парке Синдзюку. Сходи туда."
char_OPERATOR_M,message/d11.mbe/000_Sheet1.csv,f_d1102_0170_0020,,"Согласно журналам, ты не впервые бываешь в этом акведуке.
Должно быть, это было, когда связь не работала."
char_OPERATOR_M,message/d11.mbe/000_Sheet1.csv,f_d1102_0170_0030,,"Интересно, почему так много враждебных дигимонов сосредоточено в
подземелье Синдзюку. Это признак новых аномалий?"
char_OPERATOR_M,message/d11.mbe/000_Sheet1.csv,f_d1102_0170_0040,,"Я вижу поблизости возмущение магнитного поля. Это
подозрительно. Я отмечу место на карте — сможешь всё проверить."
char_OPERATOR_M,message/d14.mbe/000_Sheet1.csv,f_d1401_0030_0010,,"Ты пользуешься лестницей, чтобы подняться на крышу? Почему бы
не воспользоваться лифтом?"
char_OPERATOR_M,message/d14.mbe/000_Sheet1.csv,f_d1401_0040_0010,f_d1401_0040_0010_M f_d1401_0040_0010_F,"Недавно было обнаружено, что дигимоны обладают свойствами
как органического вещества, так и электрических сигналов."
char_OPERATOR_M,message/d14.mbe/000_Sheet1.csv,f_d1401_0040_0020,f_d1401_0040_0020_M f_d1401_0040_0020_F,"Твой Дигивайс использует электронные аспекты дигимонов, чтобы
призвать их к действию."
char_OPERATOR_M,message/d14.mbe/000_Sheet1.csv,f_d1401_0040_0030,f_d1401_0040_0030_M f_d1401_0040_0030_F,"Дигивайс также может преобразовывать цифровой эквивалент ДНК в
двоичный код, который затем может быть воспроизведен как данные."
char_OPERATOR_M,message/d14.mbe/000_Sheet1.csv,f_d1401_0040_0040,f_d1401_0040_0040_M f_d1401_0040_0040_F,"Мы называем эту систему создания новых дигимонов «{fc9Конвертация}».
Попробуй использовать её для усиления своего отряда."
char_OPERATOR_M,message/d14.mbe/000_Sheet1.csv,f_d1401_0060_0010,f_d1401_0060_0010_M f_d1401_0060_0010_F,Что здесь произошло?..
char_OPERATOR_M,message/d14.mbe/000_Sheet1.csv,f_d1401_0060_0015,f_d1401_0060_0015_M f_d1401_0060_0015_F,"Может быть, это и есть то, для чего была построена Стена...?"
char_OPERATOR_M,message/d14.mbe/000_Sheet1.csv,f_d1401_0060_0020,f_d1401_0060_0020_M f_d1401_0060_0020_F,"Может быть, что-то происходит на крыше этого здания, как сказала
та девушка..."
char_OPERATOR_M,message/d14.mbe/000_Sheet1.csv,f_d1401_0060_0030,f_d1401_0060_0030_M f_d1401_0060_0030_F,"Мы не можем это игнорировать. Отбрось здравый смысл.
Аномалии всегда преподносят сюрпризы."
char_OPERATOR_M,message/d14.mbe/000_Sheet1.csv,f_d1401_0060_0040,f_d1401_0060_0040_M f_d1401_0060_0040_F,"Цель — крыша здания Столичного правительства Токио.
Первая задача — найти путь наверх."
char_OPERATOR_M,message/d14.mbe/000_Sheet1.csv,f_d1401_0070_0010,,"Сейчас тебе следует подняться на крышу
правительственного здания."
char_OPERATOR_M,message/d14.mbe/000_Sheet1.csv,f_d1402_0030_0010,,"У меня для тебя отчёт, агент. Для твоего Дигивайса доступно
последнее обновление."
char_OPERATOR_M,message/d14.mbe/000_Sheet1.csv,f_d1402_0030_0020,,"Теперь у тебя есть доступ к навыкам агента. Они здорово
помогут в выполнении твоей миссии. Попробуй их в деле."
char_OPERATOR_M,message/d14.mbe/000_Sheet1.csv,f_d1403_0020_0010,f_d1403_0020_0010_M f_d1403_0020_0010_F,Твой Дигивайс также обладает функцией «{fc9Анализ}»{l2}.
char_OPERATOR_M,message/d14.mbe/000_Sheet1.csv,f_d1403_0020_0020,f_d1403_0020_0020_M f_d1403_0020_0020_F,"Он мгновенно сканирует твоё окружение и отмечает всё
подозрительное. В этом помогают дигимоны из твоего Дигивайса."
char_OPERATOR_M,message/d14.mbe/000_Sheet1.csv,f_d1403_0020_0030,f_d1403_0020_0030_M f_d1403_0020_0030_F,"Их зрение и обоняние помогают точно находить проблемные места.
Полезная функция, если не знаешь, куда идти."
char_OPERATOR_M,message/d14.mbe/000_Sheet1.csv,f_d1405_0040_0010,f_d1405_0040_0010_M f_d1405_0040_0010_F,"Позволь рассказать тебе о {fc9эволюции}.
Основы этой теории заложил твой приёмный отец..."
char_OPERATOR_M,message/d14.mbe/000_Sheet1.csv,f_d1405_0040_0020,f_d1405_0040_0020_M f_d1405_0040_0020_F,"...Доктор Юки, основатель ADAMAS. Он называл фазово-электронные
формы жизни «полукибернетическими существами»."
char_OPERATOR_M,message/d14.mbe/000_Sheet1.csv,f_d1405_0040_0030,f_d1405_0040_0030_M f_d1405_0040_0030_F,"Исследования доктора Юки были проигнорированы в академических
кругах, но были продолжены единомышленниками в организации."
char_OPERATOR_M,message/d14.mbe/000_Sheet1.csv,f_d1405_0040_0040,f_d1405_0040_0040_M f_d1405_0040_0040_F,"И это исследование привело к открытию эволюции. По мере
того, как дигимоны набираются боевого опыта, они претерпевают изменения."
char_OPERATOR_M,message/d14.mbe/000_Sheet1.csv,f_d1405_0040_0050,f_d1405_0040_0050_M f_d1405_0040_0050_F,"Возможно, у тебя уже есть несколько дигимонов, готовых
к эволюции. Проверь свой Дигивайс и посмотри."
char_OPERATOR_M,message/d14.mbe/000_Sheet1.csv,f_d1406_0010_0010,,"Позволь рассказать тебе о {fc9эволюции}. Основы этой теории
заложил твой приёмный отец..."
char_OPERATOR_M,message/d14.mbe/000_Sheet1.csv,f_d1406_0010_0020,,"...Доктор Юки, основатель ADAMAS. Он называл фазово-электронные
формы жизни «полукибернетическими существами»."
char_OPERATOR_M,message/d14.mbe/000_Sheet1.csv,f_d1406_0010_0030,,"Исследования доктора Юки были проигнорированы в академических
кругах, но были продолжены единомышленниками в организации."
char_OPERATOR_M,message/d14.mbe/000_Sheet1.csv,f_d1406_0010_0040,,"Так исследователи открыли дигиэволюцию: набираясь опыта
в боях, дигимоны обретают способность превращаться."
char_OPERATOR_M,message/d14.mbe/000_Sheet1.csv,f_d1406_0010_0050,,"Возможно, у тебя уже есть несколько дигимонов, готовых
к эволюции. Проверь свой Дигивайс и посмотри."
char_OPERATOR_M,message/d14.mbe/000_Sheet1.csv,f_d1407_0030_0010,,Стой! Впереди обнаружена аномалия!
char_OPERATOR_M,message/d14.mbe/000_Sheet1.csv,f_d1407_0040_0010,,"Обязательно восстанови своих дигимонов и подготовься ко всему,
что произойдёт дальше!"
char_OPERATOR_M,message/d14.mbe/000_Sheet1.csv,f_d1407_0050_0010,f_d1407_0050_0010_M f_d1407_0050_0010_F,"Нельзя предсказать, что ждёт тебя впереди. Готовься к худшему
и не забывай о {fc9Конвертации} и {fc9эволюции}."
char_OPERATOR_M,message/d14.mbe/000_Sheet1.csv,f_d1407_0050_0020,f_d1407_0050_0020_M f_d1407_0050_0020_F,"Эти функции основаны на теориях, данных нам доктором Юки. Его
изобретения внесли большой вклад в развитие общества."
char_OPERATOR_M,message/d14.mbe/000_Sheet1.csv,f_d1407_0050_0030,f_d1407_0050_0030_M f_d1407_0050_0030_F,"Но о нём мало кто знает: он редко появлялся на публике
и отказался от всех прав на свои разработки..."
char_OPERATOR_M,message/d14.mbe/000_Sheet1.csv,f_d1407_0050_0040,f_d1407_0050_0040_M f_d1407_0050_0040_F,"Он вложил свои личные средства в создание АДАМАСА, чтобы
защитить человечество от угрозы аномалий."
char_OPERATOR_M,message/d14.mbe/000_Sheet1.csv,f_d1407_0050_0050,f_d1407_0050_0050_M f_d1407_0050_0050_F,"Ты носишь его имя, и никто лучше тебя не продолжит его дело.
В совершенстве овладей {fc9Конвертацией} и {fc9эволюцией}!"
char_OPERATOR_M,message/field_text.mbe/000_Sheet1.csv,g_tutorial_1000_0010,g_tutorial_1000_0010_M g_tutorial_1000_0010_F,"Побеждая Дигимонов одного вида, ты повышаешь
уровень анализа и прогресс сканирования для Конвертации."
char_OPERATOR_M,message/field_text.mbe/000_Sheet1.csv,g_tutorial_1000_0020,g_tutorial_1000_0020_M g_tutorial_1000_0020_F,"Как только прогресс сканирования достигнет 100%, ты сможешь
конвертировать эти файлы в дигимона и добавить его в свой отряд."
char_OPERATOR_M,message/field_text.mbe/000_Sheet1.csv,g_tutorial_1000_0030,g_tutorial_1000_0030_M g_tutorial_1000_0030_F,"Чем ближе прогресс сканирования к 200%, тем мощнее будет новый
дигимон, поэтому не забудь выполнить конвертацию в нужное время."
char_OPERATOR_M,message/field_text.mbe/000_Sheet1.csv,g_tutorial_1000_0040,g_tutorial_1000_0040_M g_tutorial_1000_0040_F,"Это также полезно для анализа аномалий, поэтому обязательно
участвуй в боях, чтобы улучшать анализ и сканирование."
char_OPERATOR_M,message/field_text.mbe/000_Sheet1.csv,g_tutorial_1001_0010,g_tutorial_1001_0010_M g_tutorial_1001_0010_F,"Похоже, дигимон уже достаточно изучен и готов к конвертации.
Попробуй прямо сейчас воспользоваться {fc9Конвертацией}."
char_OPERATOR_M,message/field_text.mbe/000_Sheet1.csv,g_tutorial_1001_0020,g_tutorial_1001_0020_M g_tutorial_1001_0020_F,"Прямо как однояйцевые близнецы с разными характерами,
у каждого дигимона, похоже, тоже своя {fc9Личность}."
char_OPERATOR_M,message/field_text.mbe/000_Sheet1.csv,g_tutorial_1001_0030,g_tutorial_1001_0030_M g_tutorial_1001_0030_F,"Это связано с наличием как органических, так и информационных
свойств. Их различия станут очевидны в бою и вне его."
char_OPERATOR_M,message/field_text.mbe/000_Sheet1.csv,g_tutorial_1001_0040,g_tutorial_1001_0040_M g_tutorial_1001_0040_F,"Ты можешь узнать больше о личности каждого дигимона в разделе
«Дигимоны» > «Настройка» своего Дигивайса."
char_OPERATOR_M,message/field_text.mbe/000_Sheet1.csv,g_tutorial_1001_0050,g_tutorial_1001_0050_M g_tutorial_1001_0050_F,"Понимание индивидуальности каждого дигимона будет жизненно важно
для успеха твоей миссии."
char_OPERATOR_M,message/field_text.mbe/000_Sheet1.csv,g_tutorial_1002_0010,,"Я не могу предсказать, что тебя ждёт. Готовься к худшему
и не забывай о {fc9Конвертации} и {fc9эволюции}."
char_OPERATOR_M,message/field_text.mbe/000_Sheet1.csv,g_tutorial_1002_0020,,"Эти функции основаны на теориях доктора Юки.
Его изобретения внесли огромный вклад в развитие общества."
char_OPERATOR_M,message/field_text.mbe/000_Sheet1.csv,g_tutorial_1002_0030,,"И всё же о нём мало кто знает — во многом из-за характера.
Он избегал публики и отдал права государству и корпорациям."
char_OPERATOR_M,message/field_text.mbe/000_Sheet1.csv,g_tutorial_1002_0040,,"Он вложил свои личные средства в создание АДАМАСА, чтобы
защитить человечество от угрозы аномалий."
char_OPERATOR_M,message/field_text.mbe/000_Sheet1.csv,g_tutorial_1002_0050,,"Ты носишь фамилию «Юки» и лучше всех продолжишь его дело,
так что освой в совершенстве {fc9Конвертацию} и {fc9эволюцию}!"
char_OPERATOR_M,message/h03.mbe/000_Sheet1.csv,f_h0301_0030_0010,,"Значит, причина во враждебных дигимонах в подземелье Синдзюку?
Здесь нет того, что нам нужно. Продолжай искать."
char_OPERATOR_M,message/h03.mbe/000_Sheet1.csv,f_h0301_0030_0020,,"И снова... ничего. Может быть, для них все это просто большая
шутка. Пришло время поймать еще одного Дигимона."
char_OPERATOR_M,message/h03.mbe/000_Sheet1.csv,f_h0301_0030_0030,,"Здесь тоже нет того, что мы ищем. Где это? Мы же не можем вести
переговоры с враждебно настроенным Дигимоном."
char_OPERATOR_M,message/m010.mbe/000_Sheet1.csv,m010_020_010,m010_020_010_M m010_020_010_F,"Ой-ой. Похоже, мы в последнее время немного перестарались. Мир
начинает узнавать о нашем существовании."
char_OPERATOR_M,message/m010.mbe/000_Sheet1.csv,m010_020_020,m010_020_020_M m010_020_020_F,"Забавно, правда? Секретная организация, которая охотится на
городские легенды, сама становится городской легендой..."
char_OPERATOR_M,message/m010.mbe/000_Sheet1.csv,m010_020_030,m010_020_030_M m010_020_030_F,"Если аниме вдруг станет слишком популярным, об этой форме
придётся забыть."
char_OPERATOR_M,message/m010.mbe/000_Sheet1.csv,m010_020_040,m010_020_040_M m010_020_040_F,"Я запрашиваю бюджет на новую форму, а пока постарайся не
привлекать внимания."
char_OPERATOR_M,message/m010.mbe/000_Sheet1.csv,m010_020_050,m010_020_050_M m010_020_050_F,"Всё ясно, агент {player}?"
char_OPERATOR_M,message/m010.mbe/000_Sheet1.csv,m010_020_060,m010_020_060_M m010_020_060_F,"Итак, что тебе известно об аномальных явлениях, которые
наблюдаются в этом городе?"
char_OPERATOR_M,message/m010.mbe/000_Sheet1.csv,m010_020_080,m010_020_080_M m010_020_080_F,"Необъяснимые взрывы, загадочные формы жизни, землетрясения,
аномальная погода... Странных сообщений хватает."
char_OPERATOR_M,message/m010.mbe/000_Sheet1.csv,m010_020_090,m010_020_090_M m010_020_090_F,"Обычный набор аномалий — как раз случай для АДАМАС. Говорят,
начальство возлагает на нас большие надежды."
char_OPERATOR_M,message/m010.mbe/000_Sheet1.csv,m010_020_100,m010_020_100_M m010_020_100_F,Особенно после нашей последней миссии...
char_OPERATOR_M,message/m010.mbe/000_Sheet1.csv,m010_020_110,m010_020_110_M m010_020_110_F,"Особенно начальство впечатлило наше расследование неизвестного
оружия, созданного по технологиям, намного опережающим человеческие."
char_OPERATOR_M,message/m010.mbe/000_Sheet1.csv,m010_020_120,m010_020_120_M m010_020_120_F,"Надеюсь, в этой миссии нам удастся повторить успех."
char_OPERATOR_M,message/m010.mbe/000_Sheet1.csv,m010_020_130,m010_020_130_M m010_020_130_F,"Паранормальные явления, которым современная наука не может дать
объяснение, — наша специализация. Помнишь?"
char_OPERATOR_M,message/m010.mbe/000_Sheet1.csv,m010_020_140,m010_020_140_M m010_020_140_F,"Такие явления зафиксированы в Синдзюку, Япония. Задание обычное —
ты знаешь, что делать."
char_OPERATOR_M,message/m010.mbe/000_Sheet1.csv,m010_020_150,m010_020_150_M m010_020_150_F,"Знаю, перерыв был долгим, но пора собраться."
char_OPERATOR_M,message/m010.mbe/000_Sheet1.csv,m010_020_160,m010_020_160_M m010_020_160_F,"Я передаю приказы и информацию из штаба, а ты занимаешься
расследованием на месте."
char_OPERATOR_M,message/m010.mbe/000_Sheet1.csv,m010_020_170,m010_020_170_M m010_020_170_F,"Правила запрещают мне называть своё имя, но ты можешь звать меня
""Оператор"", как обычно."
char_OPERATOR_M,message/m010.mbe/000_Sheet1.csv,m010_020_180,m010_020_180_M m010_020_180_F,"Вернёмся к заданию. Что тебе известно об аномальных явлениях,
которые наблюдаются в этом городе?"
char_OPERATOR_M,message/m010.mbe/000_Sheet1.csv,m010_020_200,m010_020_200_M m010_020_200_F,"Отправлю координаты на твой Дигивайс. Сверься с картой и
доберись до указанной точки."
char_OPERATOR_M,message/m010.mbe/000_Sheet1.csv,m010_020_210,m010_020_210_M m010_020_210_F,"И ещё: не выдавай себя. Будем надеяться, что показанное только
что аниме не стало слишком популярным."
char_OPERATOR_M,message/m010.mbe/000_Sheet1.csv,m010_020_220,m010_020_220_M m010_020_220_F,"Что ж, приступай. Я рассчитываю на тебя."
char_OPERATOR_M,message/m010.mbe/000_Sheet1.csv,m010_020_230,m010_020_230_M m010_020_230_F,"Результаты нашей последней миссии меня не устроили: цель
ушла в последнюю минуту..."
char_OPERATOR_M,message/m010.mbe/000_Sheet1.csv,m010_020_240,m010_020_240_M m010_020_240_F,"...но начальство высоко ценит собранные нами данные. Поэтому
сегодня на нас возлагают большие надежды."
char_OPERATOR_M,message/m010.mbe/000_Sheet1.csv,m010_020_250,m010_020_250_M m010_020_250_F,"АДАМАС — специальное следственное бюро, которое расследует
подобные аномалии вдали от глаз общественности."
char_OPERATOR_M,message/m010.mbe/000_Sheet1.csv,m010_020_260,m010_020_260_M m010_020_260_F,"Эта миссия не исключение. Действуй предельно осторожно:
нельзя нарушить секретность."
char_OPERATOR_M,message/m010.mbe/000_Sheet1.csv,m010_040_010,m010_040_010_M m010_040_010_F,"Вижу, ты на нужных координатах. Доложи обстановку."
char_OPERATOR_M,message/m010.mbe/000_Sheet1.csv,m010_040_030,m010_040_030_M m010_040_030_F,"Правительство до сих пор так и не объяснило, почему
Ниси-Синдзюку огородили Стеной Надежды."
char_OPERATOR_M,message/m010.mbe/000_Sheet1.csv,m010_040_040,m010_040_040_M m010_040_040_F,"По официальной версии, на подземной стройке взорвалось
оборудование..."
char_OPERATOR_M,message/m010.mbe/000_Sheet1.csv,m010_040_050,m010_040_050_M m010_040_050_F,"Но неужели из-за этого понадобилась стена таких масштабов?
Ничего не сходится — потому толпа и требует настоящих ответов."
char_OPERATOR_M,message/m010.mbe/000_Sheet1.csv,m010_040_060,m010_040_060_M m010_040_060_F,"Эту стену называют «Стеной Надежды». Восемь лет назад в
Ниси-Синдзюку произошёл мощный загадочный взрыв."
char_OPERATOR_M,message/m010.mbe/000_Sheet1.csv,m010_040_070,m010_040_070_M m010_040_070_F,"Стену возвели сразу после взрыва — якобы ради общественной
безопасности. Но что произошло на самом деле, до сих пор неясно."
char_OPERATOR_M,message/m010.mbe/000_Sheet1.csv,m010_040_080,m010_040_080_M m010_040_080_F,"Большинство интересующих нас явлений происходит у этой Стены.
Похоже, придётся выяснить и то, что скрывается за ней."
char_OPERATOR_M,message/m010.mbe/000_Sheet1.csv,m010_040_090,m010_040_090_M m010_040_090_F,Страх и гнев толпы чувствуются даже отсюда.
char_OPERATOR_M,message/m010.mbe/000_Sheet1.csv,m010_040_100,m010_040_100_M m010_040_100_F,"Наши исследования выявили странную связь: чем чаще происходят
аномалии, тем сильнее растёт социальная нестабильность."
char_OPERATOR_M,message/m010.mbe/000_Sheet1.csv,m010_040_110,m010_040_110_M m010_040_110_F,"В последнее время число аномалий растёт по экспоненте. Подобное
наблюдалось лишь несколько раз за всю историю."
char_OPERATOR_M,message/m010.mbe/000_Sheet1.csv,m010_040_120,m010_040_120_M m010_040_120_F,"Причина нам неизвестна, но почти каждый подобный всплеск
сопровождался полным крахом общества..."
char_OPERATOR_M,message/m010.mbe/000_Sheet1.csv,m010_040_130,m010_040_130_M m010_040_130_F,"...будь то эпидемия, стихийное бедствие... даже война."
char_OPERATOR_M,message/m010.mbe/000_Sheet1.csv,m010_040_140,m010_040_140_M m010_040_140_F,"Вот почему мы спешим. Боюсь, эта спешка уже помогла миру
узнать о нашем существовании..."
char_OPERATOR_M,message/m010.mbe/000_Sheet1.csv,m010_040_150,m010_040_150_M m010_040_150_F,"Но главная задача прежняя: понять, как аномалии связаны с
последующими трагедиями."
char_OPERATOR_M,message/m010.mbe/000_Sheet1.csv,m010_040_160,m010_040_160_M m010_040_160_F,Осмотрись в этом районе внимательнее.
char_OPERATOR_M,message/m010.mbe/000_Sheet1.csv,m010_070_010,m010_070_010_M m010_070_010_F,"Тот толчок, скорее всего, был одним из интересующих нас
аномальных явлений."
char_OPERATOR_M,message/m010.mbe/000_Sheet1.csv,m010_070_020,m010_070_020_M m010_070_020_F,"Мне удалось уточнить целевые координаты благодаря видеозаписям
восьмилетней давности."
char_OPERATOR_M,message/m010.mbe/000_Sheet1.csv,m010_070_030,m010_070_030_M m010_070_030_F,"В то время местные жители выложили в интернет записи аномалии
в этом районе."
char_OPERATOR_M,message/m010.mbe/000_Sheet1.csv,m010_070_040,m010_070_040_M m010_070_040_F,"Сами записи давно удалены, но по сохранившимся комментариям
можно установить, что их..."
char_OPERATOR_M,message/m010.mbe/000_Sheet1.csv,m010_070_050,m010_070_050_M m010_070_050_F,"...сняли в местах, которые теперь находятся за той Стеной."
char_OPERATOR_M,message/m010.mbe/000_Sheet1.csv,m010_070_060,m010_070_060_M m010_070_060_F,Поищи способ пробраться за Стену.
char_OPERATOR_M,message/m010.mbe/000_Sheet1.csv,m010_080_010,m010_080_010_M m010_080_010_F,"Новые данные: у целевых координат кто-то просит о помощи.
Передаю тебе дополнительное задание."
char_OPERATOR_M,message/m010.mbe/000_Sheet1.csv,m010_080_020,m010_080_020_M m010_080_020_F,"Для связи этого человека с твоим Дигивайсом уже выдано
разрешение."
char_OPERATOR_M,message/m010.mbe/000_Sheet1.csv,m010_080_030,m010_080_030_M m010_080_030_F,"Обычно так мог бы действовать лишь кто-то из организации...
В любом случае постарайся обеспечить этому человеку безопасность."
char_OPERATOR_M,message/m010.mbe/000_Sheet1.csv,m010_090_010,m010_090_010_M m010_090_010_F,"Похоже, рядом несколько фазово-электронных форм жизни."
char_OPERATOR_M,message/m010.mbe/000_Sheet1.csv,m010_090_020,m010_090_020_M m010_090_020_F,"Фазово-электронные формы жизни — это загадочные организмы,
часто встречающиеся вблизи аномалий."
char_OPERATOR_M,message/m010.mbe/000_Sheet1.csv,m010_090_030,m010_090_030_M m010_090_030_F,"АДАМАС изучает их годами, но правда об их природе всё ещё
ускользает от нас."
char_OPERATOR_M,message/m010.mbe/000_Sheet1.csv,m010_090_040,m010_090_040_M m010_090_040_F,"Аналитический отдел в штабе на днях утвердил для этих существ
название в новом отчёте."
char_OPERATOR_M,message/m010.mbe/000_Sheet1.csv,m010_090_050,m010_090_050_M m010_090_050_F,"Теперь их следует называть «цифровыми монстрами» — или,
для краткости, «дигимонами»!"
char_OPERATOR_M,message/m010.mbe/000_Sheet1.csv,m010_090_060,m010_090_060_M m010_090_060_F,"Разумеется, без защиты мы тебя не оставим. Сейчас я передам
тебе немного огневой мощи."
char_OPERATOR_M,message/m010.mbe/000_Sheet1.csv,m010_090_070,m010_090_070_M m010_090_070_F,"Однако качество соединения позволяет отправить лишь одного.
Выбирай."
char_OPERATOR_M,message/m010.mbe/000_Sheet1.csv,m010_090_090,m010_090_090_M m010_090_090_F,Данные были предварительно загружены на твой Дигивайс.
char_OPERATOR_M,message/m010.mbe/000_Sheet1.csv,m010_090_100,m010_090_100_M m010_090_100_F,"Если окажешься в бою, не сомневайся. Главное — выполнить
миссию."
char_OPERATOR_M,message/m010.mbe/000_Sheet1.csv,m010_120_010,m010_120_010_M m010_120_010_F,Подтверждён контакт с враждебными дигимонами!
char_OPERATOR_M,message/m010.mbe/000_Sheet1.csv,m010_120_020,m010_120_020_M m010_120_020_F,Дигивайс активирован! Запусти программу призыва дигимона!
char_OPERATOR_M,message/m010.mbe/000_Sheet1.csv,m010_150_010,m010_150_010_M m010_150_010_F,"Целевые координаты прямо впереди, но путь, похоже, преграждает
какое-то препятствие."
char_OPERATOR_M,message/m010.mbe/000_Sheet1.csv,m010_150_020,m010_150_020_M m010_150_020_F,Твой дигимон должен легко с ним справиться. Попробуй.
char_OPERATOR_M,message/m010.mbe/000_Sheet1.csv,m010_200_100,m010_200_100_M m010_200_100_F,"Полагаю, это и есть человек из дополнительного задания. Только
объясняет она не слишком внятно..."
char_OPERATOR_M,message/m010.mbe/000_Sheet1.csv,m010_200_110,m010_200_110_M m010_200_110_F,"Высока вероятность, что на неё повлияла аномалия."
char_OPERATOR_M,message/m010.mbe/000_Sheet1.csv,m010_200_120,m010_200_120_M m010_200_120_F,"Мне всё ещё интересно, кто уже разрешил ей связаться с твоим
Дигивайсом."
char_OPERATOR_M,message/m010.mbe/000_Sheet1.csv,m010_200_130,m010_200_130_M m010_200_130_F,"Я ещё раз проверю базу данных. Если что-нибудь выясню,
сразу выйду на связь."
char_OPERATOR_M,message/m010.mbe/000_Sheet1.csv,m010_200_140,m010_200_140_M m010_200_140_F,"Она вызывает много вопросов... но сначала надо разобраться с
этим гигантским дигимоном."
char_OPERATOR_M,message/m010.mbe/000_Sheet1.csv,m010_200_150,m010_200_150_M m010_200_150_F,"Нельзя позволить ему прорваться в город. Пока продолжай
основную миссию."
char_OPERATOR_M,message/m020.mbe/000_Sheet1.csv,m020_050_030,m020_050_030_M m020_050_030_F,"Тот дигимон — крупнейший из всех, что нам встречались."
char_OPERATOR_M,message/m020.mbe/000_Sheet1.csv,m020_050_040,m020_050_040_M m020_050_040_F,"Аномалии предвещают новые трагедии. Скорее всего, дальше их
будет ещё больше — и они станут опаснее."
char_OPERATOR_M,message/m020.mbe/000_Sheet1.csv,m020_050_050,m020_050_050_M m020_050_050_F,Мы должны пресечь это на корню. Такова наша миссия.
char_OPERATOR_M,message/m020.mbe/000_Sheet1.csv,m020_050_070,m020_050_070_M m020_050_070_F,"Я рассчитываю на тебя, агент {player}."
char_OPERATOR_M,message/m020.mbe/000_Sheet1.csv,m020_075_010,,"Новый отчёт, агент. Для твоего Дигивайса доступно свежее
обновление."
char_OPERATOR_M,message/m020.mbe/000_Sheet1.csv,m020_075_020,,"Теперь тебе доступны навыки агента. Они должны серьёзно помочь
в выполнении задания. Испытай их."
char_OPERATOR_M,message/m020.mbe/000_Sheet1.csv,m020_170_010,m020_170_010_M m020_170_010_F,"Эта форма и структура... Без сомнения, рукотворная."
char_OPERATOR_M,message/m020.mbe/000_Sheet1.csv,m020_170_020,m020_170_020_M m020_170_020_F,"Почему правительство вообще закрыло это место? Неужели здесь
творится что-то, о чём не знает даже АДАМАС?"
char_OPERATOR_M,message/m020.mbe/000_Sheet1.csv,m020_170_040,m020_170_040_M m020_170_040_F,"Похоже, для двоих это дело слишком сложное. Срочно запрошу
подкрепление."
char_OPERATOR_M,message/m020.mbe/000_Sheet1.csv,m020_170_050,m020_170_050_M m020_170_050_F,"На государственные службы безопасности рассчитывать не приходится.
Поэтому существуем мы. Мы обязаны выполнить миссию!"
char_OPERATOR_M,message/m020.mbe/000_Sheet1.csv,m020_175_010,m020_175_010_M m020_175_010_F,Что всё это значит?! Почему дигимоны собираются на крыше?
char_OPERATOR_M,message/m020.mbe/000_Sheet1.csv,m020_175_020,m020_175_020_M m020_175_020_F,Осторожно! Надвигается беда!
char_OPERATOR_M,message/m050.mbe/000_Sheet1.csv,m050_010_140,m050_010_140_M m050_010_140_F,"...Наконец-то связь восстановлена!
Привет, агент {player}!"
char_OPERATOR_M,message/m050.mbe/000_Sheet1.csv,m050_010_150,m050_010_150_M m050_010_150_F,"Мне удалось разобрать фрагменты твоей аудиозаписи.
Даже не знаю, с чего начать."
char_OPERATOR_M,message/m050.mbe/000_Sheet1.csv,m050_010_160,m050_010_160_M m050_010_160_F,"...Итак, с твоей позиции здание правительства Токио
выглядит совершенно невредимым?"
char_OPERATOR_M,message/m050.mbe/000_Sheet1.csv,m050_010_170,m050_010_170_M m050_010_170_F,"А Синдзюку перед моими глазами...
настоящий ад. Словами не передать."
char_OPERATOR_M,message/m050.mbe/000_Sheet1.csv,m050_010_180,m050_010_180_M m050_010_180_F,"Удалось также подтвердить: тебя нет по координатам, отмеченным
как твоё «текущее» местоположение."
char_OPERATOR_M,message/m050.mbe/000_Sheet1.csv,m050_010_190,m050_010_190_M m050_010_190_F,"Сопоставив все данные, аналитический отдел
пришёл к выводу, что..."
char_OPERATOR_M,message/m050.mbe/000_Sheet1.csv,m050_010_200,m050_010_200_M m050_010_200_F,...тебя перенесло во времени в прошлое.
char_OPERATOR_M,message/m050.mbe/000_Sheet1.csv,m050_010_210,m050_010_210_M m050_010_210_F,"Это беспрецедентная аномалия. Как мы вообще
можем сейчас разговаривать?!"
char_OPERATOR_M,message/m050.mbe/000_Sheet1.csv,m050_010_220,m050_010_220_M m050_010_220_F,"Остаётся только надеяться, что связь не оборвётся."
char_OPERATOR_M,message/m050.mbe/000_Sheet1.csv,m050_010_250,m050_010_250_M m050_010_250_F,"Понимаю, плохих новостей уже хватило... но ситуация здесь
критическая."
char_OPERATOR_M,message/m050.mbe/000_Sheet1.csv,m050_010_260,m050_010_260_M m050_010_260_F,"Мир продолжает рушиться, и началось всё именно в Синдзюку."
char_OPERATOR_M,message/m050.mbe/000_Sheet1.csv,m050_010_270,m050_010_270_M m050_010_270_F,"Подробности сообщу позже. Мы всё ещё пытаемся собрать данные
о происходящем у нас."
char_OPERATOR_M,message/m050.mbe/000_Sheet1.csv,m050_010_280,m050_010_280_M m050_010_280_F,"Присылай мне всё, что узнаешь. Рассчитываю на тебя,
агент {player}."
char_OPERATOR_M,message/m050.mbe/000_Sheet1.csv,m050_030_260,m050_030_260_M m050_030_260_F,"Похоже, эта девушка не помнит, как встретила тебя в здании
столичного правительства Токио."
char_OPERATOR_M,message/m050.mbe/000_Sheet1.csv,m050_030_270,m050_030_270_M m050_030_270_F,"Но, полагаю, этого следовало ожидать.
Судя по анализу, тебя перенесло на восемь лет в прошлое."
char_OPERATOR_M,message/m050.mbe/000_Sheet1.csv,m050_030_280,m050_030_280_M m050_030_280_F,"Данные с твоего Дигивайса удалось совместить с информацией
о местоположении восьмилетней давности..."
char_OPERATOR_M,message/m050.mbe/000_Sheet1.csv,m050_030_290,m050_030_290_M m050_030_290_F,"...и создать импровизированную систему определения координат.
Работает она довольно точно."
char_OPERATOR_M,message/m050.mbe/000_Sheet1.csv,m050_030_300,m050_030_300_M m050_030_300_F,"Кстати, сейчас поблизости обнаружено несколько дигимонов.
Вероятно, они станут хорошими источниками сведений."
char_OPERATOR_M,message/m050.mbe/000_Sheet1.csv,m050_030_310,m050_030_310_M m050_030_310_F,"Открой на Дигивайсе карту и запусти систему определения
координат. При необходимости я снова выйду на связь."
char_OPERATOR_M,message/m050.mbe/000_Sheet1.csv,m050_030_320,m050_030_320_M m050_030_320_F,"Хорошо, я рассчитываю на тебя!"
char_OPERATOR_M,message/m050.mbe/000_Sheet1.csv,m050_040_010,m050_040_010_M m050_040_010_F,"Кстати, не раскрывай свою личность этому частному детективу."
char_OPERATOR_M,message/m050.mbe/000_Sheet1.csv,m050_040_020,m050_040_020_M m050_040_020_F,"И, конечно, скрой то, что тебя перенесло во времени."
char_OPERATOR_M,message/m050.mbe/000_Sheet1.csv,m050_040_030,m050_040_030_M m050_040_030_F,Нельзя влиять на прошлое. Последствия непредсказуемы.
char_OPERATOR_M,message/m050.mbe/000_Sheet1.csv,m050_040_050,m050_040_050_M m050_040_050_F,"Исследования АДАМАСА в области путешествий во времени
приостановили после череды инцидентов на раннем этапе..."
char_OPERATOR_M,message/m050.mbe/000_Sheet1.csv,m050_040_060,m050_040_060_M m050_040_060_F,"Твой приёмный отец, доктор Юки, был причастен к одному
из таких происшествий —"
char_OPERATOR_M,message/m050.mbe/000_Sheet1.csv,m050_040_070,m050_040_070_M m050_040_070_F,"Нет, прости. Не стоило это упоминать. Пока просто сосредоточься
на задании. Я рассчитываю на тебя."
char_OPERATOR_M,message/m050.mbe/000_Sheet1.csv,m050_060_010,m050_060_010_M m050_060_010_F,"С тобой всё в порядке? Где ты сейчас? На какое-то время
связь с тобой пропала."
char_OPERATOR_M,message/m050.mbe/000_Sheet1.csv,m050_060_020,m050_060_020_M m050_060_020_F,"Я анализирую данные, поступающие с твоего Дигивайса. Похоже,
вернуться в исходную временную линию будет непросто."
char_OPERATOR_M,message/m050.mbe/000_Sheet1.csv,m050_060_040,m050_060_040_M m050_060_040_F,"Даже если ты вернёшься... ситуация здесь почти безнадёжная.
Всё началось с конфликта между дигимонами..."
char_OPERATOR_M,message/m050.mbe/000_Sheet1.csv,m050_060_050,m050_060_050_M m050_060_050_F,"...но теперь в бой вступили люди с механизированным оружием,
и всё превратилось в апокалиптический трёхсторонний конфликт."
char_OPERATOR_M,message/m050.mbe/000_Sheet1.csv,m050_060_070,m050_060_070_M m050_060_070_F,"Битва за Синдзюку вызвала множество аномалий. Одна за другой
они опустошают крупнейшие города мира."
char_OPERATOR_M,message/m050.mbe/000_Sheet1.csv,m050_060_080,m050_060_080_M m050_060_080_F,"Катастрофу, с которой началось глобальное бедствие, назвали
«Адом Синдзюку»."
char_OPERATOR_M,message/m050.mbe/000_Sheet1.csv,m050_060_110,m050_060_110_M m050_060_110_F,"Раз тебя забросило в прошлое, теперь вся надежда на тебя.
Возможно, тебе удастся предотвратить нашу гибель."
char_OPERATOR_M,message/m050.mbe/000_Sheet1.csv,m050_060_130,m050_060_130_M m050_060_130_F,"Доказательств, конечно, нет. Никто ещё не пытался переписать
прошлое. Нам остаётся только верить в тебя."
char_OPERATOR_M,message/m050.mbe/000_Sheet1.csv,m050_060_140,m050_060_140_M m050_060_140_F,"Мне нужны сведения об Аде Синдзюку. Продолжай расследование.
Я рассчитываю на тебя."
char_OPERATOR_M,message/m060.mbe/000_Sheet1.csv,m060_020_230,m060_020_230_M m060_020_230_F,Канал о паранормальных явлениях...
char_OPERATOR_M,message/m060.mbe/000_Sheet1.csv,m060_020_240,m060_020_240_M m060_020_240_F,"Помнишь мои слова, агент {player}?"
char_OPERATOR_M,message/m060.mbe/000_Sheet1.csv,m060_020_250,m060_020_250_M m060_020_250_F,"Помнишь, как прямо перед Адом Синдзюку мне удалось уточнить
для тебя координаты цели?"
char_OPERATOR_M,message/m060.mbe/000_Sheet1.csv,m060_020_260,m060_020_260_M m060_020_260_F,"Знаешь, как это удалось? Благодаря видео, которые обычные люди
загрузили в сеть восемь лет назад."
char_OPERATOR_M,message/m060.mbe/000_Sheet1.csv,m060_020_270,m060_020_270_M m060_020_270_F,И вот я думаю... Неужели то видео загрузили эти две девушки?
char_OPERATOR_M,message/m060.mbe/000_Sheet1.csv,m060_020_280,m060_020_280_M m060_020_280_F,"Нам пригодится любая крупица информации.
Пожалуй, пойти с ними — неплохая идея..."
char_OPERATOR_M,message/m060.mbe/000_Sheet1.csv,m060_150_090,m060_150_090_M m060_150_090_F,"Агент {player}... Я вижу, ситуация снова изменилась."
char_OPERATOR_M,message/m060.mbe/000_Sheet1.csv,m060_150_110,m060_150_110_M m060_150_110_F,"...Да, это удалось установить. Определённо аномалия."
char_OPERATOR_M,message/m060.mbe/000_Sheet1.csv,m060_150_120,m060_150_120_M m060_150_120_F,"Мы продолжим анализ и снова выйдем на связь, когда узнаем больше."
char_OPERATOR_M,message/m060.mbe/000_Sheet1.csv,m060_150_130,m060_150_130_M m060_150_130_F,"Значит, пока всё в порядке. Я продолжу наблюдение."
char_OPERATOR_M,message/m060.mbe/000_Sheet1.csv,m060_150_140,m060_150_140_M m060_150_140_F,Что? Мы никогда раньше не видели ничего подобного...
char_OPERATOR_M,message/m070.mbe/000_Sheet1.csv,m070_040_190,m070_040_190_M m070_040_190_F,"Учёная, работающая с правоохранительными органами? Если она
известна, сведения о ней должны быть в открытых источниках."
char_OPERATOR_M,message/m070.mbe/000_Sheet1.csv,m070_040_200,m070_040_200_M m070_040_200_F,"Проверю, что удастся о ней узнать. Выйду на связь,
как только что-нибудь прояснится."
char_OPERATOR_M,message/m070.mbe/000_Sheet1.csv,m070_100_010,m070_100_010_M m070_100_010_F,"Агент {player}, текущая ситуация пересмотрена."
char_OPERATOR_M,message/m070.mbe/000_Sheet1.csv,m070_100_020,m070_100_020_M m070_100_020_F,"Обрати особое внимание на Инори Мисоно и Эгиомона...
По-видимому, именно Инори вызвала его эволюцию."
char_OPERATOR_M,message/m070.mbe/000_Sheet1.csv,m070_100_025,m070_100_025_M m070_100_025_F,"Нет сведений, что прежде люди могли так влиять на дигимонов.
Уже поэтому эти двое — аномалия."
char_OPERATOR_M,message/m070.mbe/000_Sheet1.csv,m070_100_050,m070_100_050_M m070_100_050_F,"А Синдзюку — место, где началась мировая катастрофа. Едва ли
эти два факта никак не связаны."
char_OPERATOR_M,message/m070.mbe/000_Sheet1.csv,m070_100_060,m070_100_060_M m070_100_060_F,"Подумать только: после встречи с этой девушкой привычный ход
времени перевернулся с ног на голову."
char_OPERATOR_M,message/m070.mbe/000_Sheet1.csv,m070_100_070,m070_100_070_M m070_100_070_F,"Инори Мисоно и Эгиомон. Отныне они классифицируются
как аномалии класса А."
char_OPERATOR_M,message/m070.mbe/000_Sheet1.csv,m070_100_090,m070_100_090_M m070_100_090_F,"Другими словами, объекты нашего расследования."
char_OPERATOR_M,message/m070.mbe/000_Sheet1.csv,m070_100_100,m070_100_100_M m070_100_100_F,"Приложи все усилия, чтобы узнать о них как можно больше.
Не упусти ни одной детали. Я рассчитываю на тебя."
char_OPERATOR_M,message/m090.mbe/000_Sheet1.csv,m090_010_010,m090_010_010_M m090_010_010_F,"Похоже, тебе почти не удалось поспать, агент {player}?"
char_OPERATOR_M,message/m090.mbe/000_Sheet1.csv,m090_010_020,m090_010_020_M m090_010_020_F,"Прости, я невольно всё слышал... Тебя задели слова Инори?"
char_OPERATOR_M,message/m090.mbe/000_Sheet1.csv,m090_010_040,m090_010_040_M m090_010_040_F,"Спрашиваю, потому что ты никак не решался выйти через дверь
на крышу... Как бы то ни было, похоже, она потеряла семью."
char_OPERATOR_M,message/m090.mbe/000_Sheet1.csv,m090_010_050,m090_010_050_M m090_010_050_F,"Неудивительно, что ты ей сочувствуешь. Ведь аномалия тоже
отняла у тебя человека, который тебя вырастил."
char_OPERATOR_M,message/m090.mbe/000_Sheet1.csv,m090_010_060,m090_010_060_M m090_010_060_F,"Но нельзя позволять эмоциям мешать делу. Инори Мисоно
и Эгиомон сами по себе — аномалии."
char_OPERATOR_M,message/m090.mbe/000_Sheet1.csv,m090_010_070,m090_010_070_M m090_010_070_F,"Помни: они лишь объекты расследования. Ты пытаешься остановить
глобальный коллапс. Вернись к заданию."
char_OPERATOR_M,message/m090.mbe/000_Sheet1.csv,m090_020_130,m090_020_130_M m090_020_130_F,Итак... в синдзюкском Кабукитё происходят странные вещи?
char_OPERATOR_M,message/m090.mbe/000_Sheet1.csv,m090_020_140,m090_020_140_M m090_020_140_F,"Когда знаешь, какая участь ждёт город, каждое новое происшествие
приобретает особое значение."
char_OPERATOR_M,message/m090.mbe/000_Sheet1.csv,m090_020_150,m090_020_150_M m090_020_150_F,"Думаю, не помешало бы это расследовать."
char_OPERATOR_M,message/m090.mbe/000_Sheet1.csv,m090_060_100,,"Странно, если эту битву никто не зафиксировал. Но спустя
восемь лет я не нахожу о ней никаких данных..."
char_OPERATOR_M,message/m090.mbe/000_Sheet1.csv,m090_060_110,,Это... определённо аномалия.
char_OPERATOR_M,message/m100.mbe/000_Sheet1.csv,m100_030_240,,"Доктор Моника Симмонс... Даже беглого взгляда на её прошлое
достаточно, чтобы понять, насколько она известна в своей области."
char_OPERATOR_M,message/m100.mbe/000_Sheet1.csv,m100_030_250,,"Однако в какой-то момент она внезапно пропала из научного
сообщества."
char_OPERATOR_M,message/m100.mbe/000_Sheet1.csv,m100_030_260,,"После её перехода в правоохранительные органы личные сведения
и документы стали недоступны. Всё засекретили."
char_OPERATOR_M,message/m100.mbe/000_Sheet1.csv,m100_030_270,,"Вероятно, она отказалась от публичной карьеры ради доступа
к секретной информации государственного уровня."
char_OPERATOR_M,message/m100.mbe/000_Sheet1.csv,m100_030_280,,"Гений, покинувший публичную сцену... Напоминает доктора Юки."
char_OPERATOR_M,message/m110.mbe/000_Sheet1.csv,m110_010_010,,"Подумать только, она узнала о самом существовании АДАМАС!
Разумеется, о нашей работе нельзя рассказывать публике."
char_OPERATOR_M,message/m110.mbe/000_Sheet1.csv,m110_010_015,,"С самого основания АДАМАСА наши учредители требовали
секретности. Среди них был и твой приёмный отец, доктор Юки."
char_OPERATOR_M,message/m110.mbe/000_Sheet1.csv,m110_010_020,,"Если мир узнает о паранормальных явлениях, которые мы изучаем,
начнётся хаос. А это нам ни к чему."
char_OPERATOR_M,message/m110.mbe/000_Sheet1.csv,m110_010_030,,"Похоже, нельзя недооценивать доктора Монику Симмонс...
Следи, чтобы случайно не выдать никаких сведений."
char_OPERATOR_M,message/m110.mbe/000_Sheet1.csv,m110_040_050,,"Яйцо, подозрительная тень... В подземелье Синдзюку вот-вот
пересекутся несколько аномалий."
char_OPERATOR_M,message/m110.mbe/000_Sheet1.csv,m110_040_060,,"Впереди может скрываться причина скопления враждебных дигимонов
в подземелье Синдзюку. Продолжай расследование."
char_OPERATOR_M,message/m120.mbe/000_Sheet1.csv,m120_040_010,m120_040_010_M m120_040_010_F,"Агент {player}... Связь только что восстановилась.
Ты в мире дигимонов? Я правильно понимаю?"
char_OPERATOR_M,message/m120.mbe/000_Sheet1.csv,m120_040_040,m120_040_040_M m120_040_040_F,Если так... это невероятно! Потрясающе! Просто фантастика!
char_OPERATOR_M,message/m120.mbe/000_Sheet1.csv,m120_040_080,m120_040_080_M m120_040_080_F,"Происхождение большинства аномалий неизвестно...
Но часть из них можно объяснить иными мирами и измерениями."
char_OPERATOR_M,message/m120.mbe/000_Sheet1.csv,m120_040_090,m120_040_090_M m120_040_090_F,"Заблудиться в сказочном мире, встретить невероятных существ...
Настоящая история об Алисе."
char_OPERATOR_M,message/m120.mbe/000_Sheet1.csv,m120_040_110,m120_040_110_M m120_040_110_F,"Одно это открытие обеспечит тебе повышение в АДАМАС.
Если, конечно, вернёшься..."
char_OPERATOR_M,message/m120.mbe/000_Sheet1.csv,m120_040_120,m120_040_120_M m120_040_120_F,"Что ж, пора вернуться к делу. Нужно понять, как тебе выбраться
из этого мира."
char_OPERATOR_M,message/m120.mbe/000_Sheet1.csv,m120_040_140,m120_040_140_M m120_040_140_F,"Раз уж ты там, собери как можно больше сведений о Цифровом мире."
char_OPERATOR_M,message/m120.mbe/000_Sheet1.csv,m120_040_150,m120_040_150_M m120_040_150_F,"Тогда сбор данных в Цифровом мире, возможно, поможет предотвратить
уничтожение нашего мира."
char_OPERATOR_M,message/m120.mbe/000_Sheet1.csv,m120_040_160,m120_040_160_M m120_040_160_F,"Это важнейшая миссия в истории АДАМАС. Собирай максимум данных
и постарайся вернуться невредимым."
char_OPERATOR_M,message/m120.mbe/000_Sheet1.csv,m120_060_120,m120_060_120_M m120_060_120_F,"Возможно, местные дигимоны что-нибудь знают."
char_OPERATOR_M,message/m120.mbe/000_Sheet1.csv,m120_060_130,m120_060_130_M m120_060_130_F,"Но просто стоять и глазеть тоже нельзя. А об осмотре
достопримечательностей и речи быть не может."
char_OPERATOR_M,message/m120.mbe/000_Sheet1.csv,m120_060_140,m120_060_140_M m120_060_140_F,"Апокалиптический сценарий, начавшийся с Ада Синдзюку,
продолжает развиваться..."
char_OPERATOR_M,message/m120.mbe/000_Sheet1.csv,m120_060_150,m120_060_150_M m120_060_150_F,"Возможно, у нас осталось не так много времени для таких разговоров."
char_OPERATOR_M,message/m120.mbe/000_Sheet1.csv,m120_060_160,m120_060_160_M m120_060_160_F,"Мы не знаем, какой разговор окажется последним."
char_OPERATOR_M,message/m120.mbe/000_Sheet1.csv,m120_060_170,m120_060_170_M m120_060_170_F,"Присылай любые сведения, какими бы незначительными они ни казались."
char_OPERATOR_M,message/m120.mbe/000_Sheet1.csv,m120_060_180,m120_060_180_M m120_060_180_F,"Возможно, именно это поможет спасти этот мир."
char_OPERATOR_M,message/m120.mbe/000_Sheet1.csv,m120_100_010,m120_100_010_M m120_100_010_F,"Анализирую полученные данные и, честно говоря, не нахожу слов."
char_OPERATOR_M,message/m120.mbe/000_Sheet1.csv,m120_100_020,m120_100_020_M m120_100_020_F,"Особенно поражает невероятное разнообразие обитающих здесь
дигимонов."
char_OPERATOR_M,message/m120.mbe/000_Sheet1.csv,m120_100_030,m120_100_030_M m120_100_030_F,Данные совпадают со многими записями из архивов АДАМАС.
char_OPERATOR_M,message/m120.mbe/000_Sheet1.csv,m120_100_040,m120_100_040_M m120_100_040_F,Но некоторые дигимоны сильно отличаются от описаний.
char_OPERATOR_M,message/m120.mbe/000_Sheet1.csv,m120_100_050,m120_100_050_M m120_100_050_F,"Пока это лишь рабочая теория, но мы считаем, что большинство
аномалий вызвано дигимонами..."
char_OPERATOR_M,message/m120.mbe/000_Sheet1.csv,m120_100_060,m120_100_060_M m120_100_060_F,"Может быть, дигимоны меняются в зависимости от среды?"
char_OPERATOR_M,message/m120.mbe/000_Sheet1.csv,m120_100_070,m120_100_070_M m120_100_070_F,Но для уверенности нужно больше данных.
char_OPERATOR_M,message/m130.mbe/000_Sheet1.csv,m130_010_100,,"Странное поручение тебе досталось... Но если оно поможет снова
встретиться с Минервамон, то сделка не так уж плоха."
char_OPERATOR_M,message/m130.mbe/000_Sheet1.csv,m130_010_110,,"Самый разумный вариант — спросить Минервамон, как вернуться.
У меня к ней тоже много вопросов."
char_OPERATOR_M,message/m130.mbe/000_Sheet1.csv,m130_010_120,,"Если это позволит добыть новые сведения, время будет потрачено
не зря. И всё же будь осторожнее, агент {player}."
char_OPERATOR_M,message/m130.mbe/000_Sheet1.csv,m130_100_150,m130_100_150_M m130_100_150_F,"Титаны, говоришь...? Похоже, дигимоны воюют между собой."
char_OPERATOR_M,message/m130.mbe/000_Sheet1.csv,m130_100_170,m130_100_170_M m130_100_170_F,"Похоже, Ад Синдзюку, который мы пережили, тоже был вызван
столкновением дигимонов."
char_OPERATOR_M,message/m130.mbe/000_Sheet1.csv,m130_100_180,m130_100_180_M m130_100_180_F,"Можно предположить, что эти события как-то связаны..."
char_OPERATOR_M,message/m130.mbe/000_Sheet1.csv,m130_100_190,m130_100_190_M m130_100_190_F,"Возможно, мы приближаемся к истине. Постарайся узнать в этом мире
как можно больше."
char_OPERATOR_M,message/m140.mbe/000_Sheet1.csv,m140_010_430,m140_010_430_M m140_010_430_F,"Агент {player}, помни, что произошло во время Ада Синдзюку."
char_OPERATOR_M,message/m140.mbe/000_Sheet1.csv,m140_010_440,m140_010_440_M m140_010_440_F,"То, что появилось в небе... Оно и правда было похоже на врата,
не так ли?"
char_OPERATOR_M,message/m140.mbe/000_Sheet1.csv,m140_010_450,m140_010_450_M m140_010_450_F,"Возможно, здесь мы сможем добыть важную информацию."
char_OPERATOR_M,message/m140.mbe/000_Sheet1.csv,m140_020_040,m140_020_040_M m140_020_040_F,"Агент {player}, сейчас самое время собрать побольше сведений."
char_OPERATOR_M,message/m140.mbe/000_Sheet1.csv,m140_020_050,m140_020_050_M m140_020_050_F,"Многие из зафиксированных до сих пор аномалий, похоже, связаны
с необъяснимыми исчезновениями."
char_OPERATOR_M,message/m140.mbe/000_Sheet1.csv,m140_020_060,m140_020_060_M m140_020_060_F,В Японии это называют «похищением духами»...
char_OPERATOR_M,message/m140.mbe/000_Sheet1.csv,m140_020_070,m140_020_070_M m140_020_070_F,"Например, твой приёмный отец, доктор Юки, внезапно и бесследно
исчез из нашего мира."
char_OPERATOR_M,message/m140.mbe/000_Sheet1.csv,m140_020_080,m140_020_080_M m140_020_080_F,"Существование Цифрового мира может помочь объяснить подобные
явления."
char_OPERATOR_M,message/m140.mbe/000_Sheet1.csv,m140_020_090,m140_020_090_M m140_020_090_F,"Продолжай внимательно наблюдать за этим миром. Шанс обнаружить
кого-то из пропавших не так уж мал."
char_OPERATOR_M,message/m140.mbe/000_Sheet1.csv,m140_100_050,m140_100_050_M m140_100_050_F,"Итак, подводя итоги, Цифровой мир переживает нечто вроде
гражданской войны... Верно?"
char_OPERATOR_M,message/m140.mbe/000_Sheet1.csv,m140_100_060,m140_100_060_M m140_100_060_F,"Я почти уверен, что это связано с Адом Синдзюку: он тоже был
вызван конфликтом между дигимонами."
char_OPERATOR_M,message/m140.mbe/000_Sheet1.csv,m140_100_070,m140_100_070_M m140_100_070_F,"Возможно, расследование этой междоусобицы приблизит нас к
истине."
char_OPERATOR_M,message/m140.mbe/000_Sheet1.csv,m140_100_080,m140_100_080_M m140_100_080_F,"Мне жаль, но придётся попросить тебя поторопиться. Время
нашего мира на исходе."
char_OPERATOR_M,message/m140.mbe/000_Sheet1.csv,m140_100_060__H,m140_100_060_M m140_100_060_F,"Я почти уверен, что это связано с Адом Синдзюку: он тоже был
вызван конфликтом между дигимонами."
char_OPERATOR_M,message/m140.mbe/000_Sheet1.csv,m140_100_060__F,m140_100_060_M m140_100_060_F,"Я почти уверена, что это связано с Адом Синдзюку: он тоже был
вызван конфликтом между дигимонами."
char_OPERATOR_M,message/m150.mbe/000_Sheet1.csv,m150_070_420,,"Энергетический кризис во время войны, да? Похоже, общество
дигимонов не так уж отличается от нашего..."
char_OPERATOR_M,message/m150.mbe/000_Sheet1.csv,m150_070_430,,"Мы тоже испытываем трудности с энергоснабжением в мире после
Ада Синдзюку."
char_OPERATOR_M,message/m150.mbe/000_Sheet1.csv,m150_070_440,,"Когда наши запасы иссякнут, всему конец... Нужно найти способ
переписать будущее до того, как это случится."
char_OPERATOR_M,message/m150.mbe/000_Sheet1.csv,m150_160_120,,"То, что она говорит о связи двух миров, совпадает с нашими
выводами из Ада Синдзюку."
char_OPERATOR_M,message/m150.mbe/000_Sheet1.csv,m150_160_130,,"Не стоит сомневаться: та аномалия возникла из-за того, что
конфликт дигимонов достиг точки кипения."
char_OPERATOR_M,message/m150.mbe/000_Sheet1.csv,m150_160_140,,"Если так, лишь остановив конфликт в Цифровом мире,
мы сможем предотвратить новые трагедии."
char_OPERATOR_M,message/m150.mbe/000_Sheet1.csv,m150_160_150,,"...Помни об этом, ладно, агент {player}?"
char_OPERATOR_M,message/m170.mbe/000_Sheet1.csv,m170_010_040,m170_010_040_M m170_010_040_F,"Мы проверили полученные от тебя сведения и, как я уже говорил,
выдвинули одну теорию."
char_OPERATOR_M,message/m170.mbe/000_Sheet1.csv,m170_010_050,m170_010_050_M m170_010_050_F,"В АДАМАС следят за рядом нераскрытых дел... По нашему мнению,
за большинством из них могут стоять дигимоны."
char_OPERATOR_M,message/m170.mbe/000_Sheet1.csv,m170_010_070,m170_010_070_M m170_010_070_F,"Городские легенды, фольклор, мифы... Предположительно, всё это
основано на рассказах тех, кто вернулся из Цифрового мира."
char_OPERATOR_M,message/m170.mbe/000_Sheet1.csv,m170_010_075,m170_010_075_M m170_010_075_F,"Если бы доктор Юки был жив... Интересно, как бы он на всё это
посмотрел. Но одно я могу сказать наверняка."
char_OPERATOR_M,message/m170.mbe/000_Sheet1.csv,m170_010_080,m170_010_080_M m170_010_080_F,"Твоё расследование раскроет правду об этом мире и, возможно,
поможет найти выход из кризиса, который наступит через восемь лет."
char_OPERATOR_M,message/m170.mbe/000_Sheet1.csv,m170_010_090,m170_010_090_M m170_010_090_F,"Верить в это — наш единственный выход.
Я рассчитываю на тебя, агент {player}."
char_OPERATOR_M,message/m170.mbe/000_Sheet1.csv,m170_070_040,,"Война повсюду порождает одни и те же трагедии. Слова Юномон,
дигимона, который следит за вратами, запали мне в душу."
char_OPERATOR_M,message/m170.mbe/000_Sheet1.csv,m170_070_050,,"Наш мир тоже находится в ужасном состоянии со времён
Ада Синдзюку."
char_OPERATOR_M,message/m170.mbe/000_Sheet1.csv,m170_070_060,,"Слова Юномон, которая следит за вратами, не дают мне покоя."
char_OPERATOR_M,message/m170.mbe/000_Sheet1.csv,m170_070_070,,"Мне показалось, что Цифровой мир и мир людей тесно
взаимосвязаны."
char_OPERATOR_M,message/m170.mbe/000_Sheet1.csv,m170_070_080,,"Если так, то сходство между происходящим сейчас и ужасной
трагедией в мире людей восемь лет спустя..."
char_OPERATOR_M,message/m170.mbe/000_Sheet1.csv,m170_070_090,,"...может быть не простым совпадением. Помни об этом, исследуя
местность."
char_OPERATOR_M,message/m170.mbe/000_Sheet1.csv,m170_070_100,,"Имей это в виду, исследуя местность. Я сделаю всё возможное
для анализа полученных данных."
char_OPERATOR_M,message/m170.mbe/000_Sheet1.csv,m170_150_060,m170_150_060_M m170_150_060_F,Бездарный лидер лишь умножает ущерб от боевых действий...
char_OPERATOR_M,message/m170.mbe/000_Sheet1.csv,m170_150_070,m170_150_070_M m170_150_070_F,Тот дигимон — как раз такой пример.
char_OPERATOR_M,message/m170.mbe/000_Sheet1.csv,m170_150_080,m170_150_080_M m170_150_080_F,Конфликт в Цифровом мире теперь будет только усугубляться.
char_OPERATOR_M,message/m170.mbe/000_Sheet1.csv,m170_150_100,m170_150_100_M m170_150_100_F,"И будущее, к которому это приведёт, — Ад Синдзюку..."
char_OPERATOR_M,message/m170.mbe/000_Sheet1.csv,m170_150_110,m170_150_110_M m170_150_110_F,"Но это значит, что надежда ещё есть. Ты можешь помешать
этому случиться."
char_OPERATOR_M,message/m170.mbe/000_Sheet1.csv,m170_150_120,m170_150_120_M m170_150_120_F,"Так держать! Всё зависит от тебя, агент {player}."
char_OPERATOR_M,message/m170.mbe/000_Sheet1.csv,m170_180_010,,"Война оставляет во рту один и тот же ужасный привкус, в каком бы
мире она ни происходила..."
char_OPERATOR_M,message/m170.mbe/000_Sheet1.csv,m170_180_020,,Эта смута будет разрастаться и порождать новые события.
char_OPERATOR_M,message/m170.mbe/000_Sheet1.csv,m170_180_030,,"Хочется надеяться, что это не раздует ещё большее пламя войны, но,
зная, что ждёт нас через восемь лет, поводов для оптимизма немного..."
char_OPERATOR_M,message/m180.mbe/000_Sheet1.csv,m180_050_100,,"Мировое Древо, значит?"
char_OPERATOR_M,message/m180.mbe/000_Sheet1.csv,m180_050_105,,Эта тема часто встречается и в мифах и легендах мира людей.
char_OPERATOR_M,message/m180.mbe/000_Sheet1.csv,m180_050_110,,"Не будет преувеличением назвать разные мифологии величайшими
аномалиями в истории человечества."
char_OPERATOR_M,message/m180.mbe/000_Sheet1.csv,m180_050_120,,"Мне любопытно, но это можно изучить позже. После спасения мира
у нас будет предостаточно времени..."
char_OPERATOR_M,message/m180.mbe/000_Sheet1.csv,m180_110_010,m180_110_010_M m180_110_010_F,"Течение, должно быть, служит источником энергии Цифрового мира.
Разрушение подобных систем лишь обостряет конфликты."
char_OPERATOR_M,message/m180.mbe/000_Sheet1.csv,m180_110_030,m180_110_030_M m180_110_030_F,"Практически это и произошло здесь после Ада Синдзюку.
Вот и ещё одна странная параллель."
char_OPERATOR_M,message/m180.mbe/000_Sheet1.csv,m180_110_050,m180_110_050_M m180_110_050_F,"Возможно... эта война охватила восемь лет. Перекинулась из их
мира в наш... и привела его к гибели."
char_OPERATOR_M,message/m180.mbe/000_Sheet1.csv,m180_110_060,m180_110_060_M m180_110_060_F,"Там наверняка найдутся зацепки, которые помогут разобраться
в происходящем. Продолжай поиски, агент {player}."
char_OPERATOR_M,message/m200.mbe/000_Sheet1.csv,m200_020_100,,"Что ж! Похоже, ты успешно вернулся в мир людей. Но вместе
с тобой появились и эти враждебные Титаны."
char_OPERATOR_M,message/m200.mbe/000_Sheet1.csv,m200_020_120,,"Я не понимаю только одного: почему об этом происшествии
не осталось никаких записей..."
char_OPERATOR_M,message/m200.mbe/000_Sheet1.csv,m200_020_130,,"Это, несомненно, аномальное явление."
char_OPERATOR_M,message/m200.mbe/000_Sheet1.csv,m200_020_140,,"Но... именно для этого и существует наша организация. Во имя
чести АДАМАС уничтожь угрозу в зародыше!"
char_OPERATOR_M,message/m210.mbe/000_Sheet1.csv,m210_030_070,m210_030_070_M m210_030_070_F,Это странно...
char_OPERATOR_M,message/m210.mbe/000_Sheet1.csv,m210_030_080,m210_030_080_M m210_030_080_F,"Происшествие такого масштаба должно было получить широкую
огласку во всём мире."
char_OPERATOR_M,message/m210.mbe/000_Sheet1.csv,m210_030_090,m210_030_090_M m210_030_090_F,"Такими темпами... Синдзюку может быть уничтожен меньше чем
через восемь лет."
char_OPERATOR_M,message/m210.mbe/000_Sheet1.csv,m210_030_100,m210_030_100_M m210_030_100_F,Неужели... наши действия переписали историю...?
char_OPERATOR_M,message/m210.mbe/000_Sheet1.csv,m210_030_110,m210_030_110_M m210_030_110_F,Неужели мы каким-то образом сделали свою судьбу ещё хуже...?
char_OPERATOR_M,message/m210.mbe/000_Sheet1.csv,m210_032_010,,Это странно...
char_OPERATOR_M,message/m210.mbe/000_Sheet1.csv,m210_032_020,,"Происшествие такого масштаба должно было получить широкую
огласку во всём мире."
char_OPERATOR_M,message/m210.mbe/000_Sheet1.csv,m210_032_030,,"Такими темпами... Синдзюку может быть уничтожен меньше чем
через восемь лет."
char_OPERATOR_M,message/m210.mbe/000_Sheet1.csv,m210_032_040,,Неужели... наши действия переписали историю...?
char_OPERATOR_M,message/m210.mbe/000_Sheet1.csv,m210_032_050,,Неужели мы каким-то образом сделали свою судьбу ещё хуже...?
char_OPERATOR_M,message/m210.mbe/000_Sheet1.csv,m210_050_010,m210_050_010_M m210_050_010_F,Будь начеку.
char_OPERATOR_M,message/m210.mbe/000_Sheet1.csv,m210_050_020,m210_050_020_M m210_050_020_F,"Судя по показаниям Дигивайса, вероятно, началось крайне слабое
пространственно-временное возмущение."
char_OPERATOR_M,message/m210.mbe/000_Sheet1.csv,m210_050_030,m210_050_030_M m210_050_030_F,"Именно такое возмущение породило аномалию, которая стёрла
из реальности твоего приёмного отца, доктора Юки."
char_OPERATOR_M,message/m210.mbe/000_Sheet1.csv,m210_050_040,m210_050_040_M m210_050_040_F,"Вероятная причина — яростный конфликт между фазово-электронными
формами жизни, то есть дигимонами."
char_OPERATOR_M,message/m210.mbe/000_Sheet1.csv,m210_050_050,m210_050_050_M m210_050_050_F,"О таких явлениях почти ничего не известно. Можно лишь полагать,
что они нарушают сами законы времени и пространства."
char_OPERATOR_M,message/m210.mbe/000_Sheet1.csv,m210_050_060,m210_050_060_M m210_050_060_F,"Невозможно предсказать, что произойдёт, если мы проигнорируем
это!"
char_OPERATOR_M,message/m210.mbe/000_Sheet1.csv,m210_060_030,m210_060_030_M m210_060_030_F,"Пространственно-временное возмущение быстро растёт! Оставаться
здесь опасно! Убирайся оттуда!"
char_OPERATOR_M,message/m230.mbe/000_Sheet1.csv,m230_010_120,,"Значит, с тобой всё в порядке... Какое облегчение!"
char_OPERATOR_M,message/m230.mbe/000_Sheet1.csv,m230_010_130,,"Похоже, произошло ещё одно перемещение во времени.
Не замечаешь никаких физических отклонений?"
char_OPERATOR_M,message/m230.mbe/000_Sheet1.csv,m230_010_140,,"Нет? Хорошо. Теперь я расскажу тебе о явлениях,
которые наблюдаю."
char_OPERATOR_M,message/m230.mbe/000_Sheet1.csv,m230_010_150,,"Во-первых, ты в Синдзюку до Ада — на восемь лет позже того
момента, откуда началось путешествие."
char_OPERATOR_M,message/m230.mbe/000_Sheet1.csv,m230_010_160,,"Твоя пространственно-временная ось немного рассинхронизирована
с моей: в моём мире Ад Синдзюку уже произошёл."
char_OPERATOR_M,message/m230.mbe/000_Sheet1.csv,m230_010_170,,"Короче говоря, до полного возвращения домой ещё далеко. Но,
в любом случае..."
char_OPERATOR_M,message/m230.mbe/000_Sheet1.csv,m230_010_180,,"...твоё задание остаётся прежним: предотвратить Ад Синдзюку.
Я всё ещё рассчитываю на тебя, агент {player}!"
char_OPERATOR_M,message/m240.mbe/000_Sheet1.csv,m240_020_170,m240_020_170_M m240_020_170_F,"Похоже, ты в ситуации «пан или пропал»."
char_OPERATOR_M,message/m240.mbe/000_Sheet1.csv,m240_020_180,m240_020_180_M m240_020_180_F,"Пусть история и обстоятельства в моём мире отличаются от мира,
в котором находишься ты..."
char_OPERATOR_M,message/m240.mbe/000_Sheet1.csv,m240_020_190,m240_020_190_M m240_020_190_F,"...вероятно, одно обстоятельство остаётся неизменным."
char_OPERATOR_M,message/m240.mbe/000_Sheet1.csv,m240_020_200,m240_020_200_M m240_020_200_F,Причина Ада Синдзюку — ожесточённый конфликт.
char_OPERATOR_M,message/m240.mbe/000_Sheet1.csv,m240_020_210,m240_020_210_M m240_020_210_F,И ты находишься прямо в его эпицентре.
char_OPERATOR_M,message/m240.mbe/000_Sheet1.csv,m240_020_220,m240_020_220_M m240_020_220_F,"Тебе нужно положить конец войне. Сделай всё возможное, чтобы
добиться прекращения огня между всеми тремя сторонами."
char_OPERATOR_M,message/m240.mbe/000_Sheet1.csv,m240_020_230,m240_020_230_M m240_020_230_F,Скажу прямо. Это единственный способ предотвратить конец света.
char_OPERATOR_M,message/m260.mbe/000_Sheet1.csv,m260_040_020,m260_040_020_M m260_040_020_F,"Течение, о котором упомянула Ранамон... Если не ошибаюсь,
это источник энергии Цифрового мира."
char_OPERATOR_M,message/m260.mbe/000_Sheet1.csv,m260_040_030,m260_040_030_M m260_040_030_F,"Если конфликт начался из-за борьбы за этот ресурс,
решить его будет непросто."
char_OPERATOR_M,message/m260.mbe/000_Sheet1.csv,m260_040_040,m260_040_040_M m260_040_040_F,"Многие конфликты в нашем мире происходили из-за ресурсов. Любой
учебник истории расскажет, насколько это ужасно..."
char_OPERATOR_M,message/m285.mbe/000_Sheet1.csv,m285_030_130,,"Он прав. Полагаю, тогда ему было бы по силам почти всё,
чего он пожелает."
char_OPERATOR_M,message/m285.mbe/000_Sheet1.csv,m285_030_140,,Своего рода богоподобная сила.
char_OPERATOR_M,message/m285.mbe/000_Sheet1.csv,m285_030_150,,"И если такое действительно возможно... перевернутся сами
устои нашего мира."
char_OPERATOR_M,message/m285.mbe/000_Sheet1.csv,m285_030_160,,Тебе лучше пристально следить за дигимоном по имени Эгиомон...
char_OPERATOR_M,message/m285.mbe/000_Sheet1.csv,m285_030_170,,У меня появляется дурное предчувствие насчёт всего этого...
char_OPERATOR_M,message/m285.mbe/000_Sheet1.csv,m285_040_030,m285_040_030_M m285_040_030_F,"Что до нашего прошлого разговора... в АДАМАС
пришли к единому мнению."
char_OPERATOR_M,message/m285.mbe/000_Sheet1.csv,m285_040_040,m285_040_040_M m285_040_040_F,"Способность Эгиомона путешествовать во времени признана новой
аномалией класса S."
char_OPERATOR_M,message/m285.mbe/000_Sheet1.csv,m285_040_050,m285_040_050_M m285_040_050_F,"Класс S означает нестабильное равновесие, способное обрушить
на мир катастрофу."
char_OPERATOR_M,message/m285.mbe/000_Sheet1.csv,m285_040_060,m285_040_060_M m285_040_060_F,Я понятно выражаюсь? Мы признали этого дигимона угрозой.
char_OPERATOR_M,message/m285.mbe/000_Sheet1.csv,m285_040_070,m285_040_070_M m285_040_070_F,"Разве ты не видишь, как ужасно было бы, если бы кто-то мог
так манипулировать историей?"
char_OPERATOR_M,message/m285.mbe/000_Sheet1.csv,m285_040_080,m285_040_080_M m285_040_080_F,"Представь: в один миг человек существует... А в следующий —
пуф! Как будто его никогда и не было."
char_OPERATOR_M,message/m285.mbe/000_Sheet1.csv,m285_040_090,m285_040_090_M m285_040_090_F,"Я предлагаю тебе уже сейчас продумать наихудшие сценарии,
пока ещё можешь..."
char_OPERATOR_M,message/m300.mbe/000_Sheet1.csv,m300_010_040,m300_010_040_M m300_010_040_F,И наверняка любой сказал бы то же самое...
char_OPERATOR_M,message/m300.mbe/000_Sheet1.csv,m300_010_050,m300_010_050_M m300_010_050_F,С возможностью управлять временем всё возможно... верно?
char_OPERATOR_M,message/m300.mbe/000_Sheet1.csv,m300_010_060,m300_010_060_M m300_010_060_F,"Но ты, как никто другой, наверняка не забыл..."
char_OPERATOR_M,message/m300.mbe/000_Sheet1.csv,m300_010_070,m300_010_070_M m300_010_070_F,"О Докторе Юки, основателе АДАМАС и твоём приёмном отце."
char_OPERATOR_M,message/m300.mbe/000_Sheet1.csv,m300_010_080,m300_010_080_M m300_010_080_F,"Он приблизился к истине, стоящей за принципами времени, и в
итоге исчез из этого мира..."
char_OPERATOR_M,message/m300.mbe/000_Sheet1.csv,m300_010_090,m300_010_090_M m300_010_090_F,"...словно переступил черту, которую переступать не следовало."
char_OPERATOR_M,message/m300.mbe/000_Sheet1.csv,m300_010_100,m300_010_100_M m300_010_100_F,"Если бы всё было возможно, мы бы вступили в запретную область
богов..."
char_OPERATOR_M,message/m300.mbe/000_Sheet1.csv,m300_010_110,m300_010_110_M m300_010_110_F,"И это область, по которой нам нелегко ступать. Мы можем нарушить
сам порядок этого мира."
char_OPERATOR_M,message/m300.mbe/000_Sheet1.csv,m300_010_120,m300_010_120_M m300_010_120_F,"Те, кто несёт такую силу, представляют огромную угрозу.
Присматривай за ним с крайней осторожностью."
char_OPERATOR_M,message/m300.mbe/000_Sheet1.csv,m300_130_170,m300_130_170_M m300_130_170_F,"Были опасения, что Эгиомон в конце концов придёт к такой идее..."
char_OPERATOR_M,message/m300.mbe/000_Sheet1.csv,m300_130_180,m300_130_180_M m300_130_180_F,Это опасно... Слишком опасно.
char_OPERATOR_M,message/m300.mbe/000_Sheet1.csv,m300_130_190,m300_130_190_M m300_130_190_F,"Если существо с богоподобными способностями станет действовать
по собственной прихоти..."
char_OPERATOR_M,message/m300.mbe/000_Sheet1.csv,m300_130_200,m300_130_200_M m300_130_200_F,"...мир, каким мы его знаем, перестанет существовать. История
погрузится в непоправимый хаос...!"
char_OPERATOR_M,message/m300.mbe/000_Sheet1.csv,m300_130_210,m300_130_210_M m300_130_210_F,"То, что сказали Титаны об Эгиомоне, было бы недалеко от истины.
Он стал бы воплощением демона..."
char_OPERATOR_M,message/m300.mbe/000_Sheet1.csv,m300_010_060__H,m300_010_060_M m300_010_060_F,"Но ты, как никто другой, наверняка не забыла..."
char_OPERATOR_M,message/m300.mbe/000_Sheet1.csv,m300_010_060__F,m300_010_060_M m300_010_060_F,"Но ты, как никто другой, наверняка не забыл..."
char_OPERATOR_M,message/m310.mbe/000_Sheet1.csv,m310_010_090,,У меня новые данные.
char_OPERATOR_M,message/m310.mbe/000_Sheet1.csv,m310_010_100,,"Мы в АДАМАСе считаем вмешательство в историю опасным: оно
угрожает естественным законам и мировому порядку."
char_OPERATOR_M,message/m310.mbe/000_Sheet1.csv,m310_010_110,,"Путешествия во времени мы также считаем угрозой стабильности
и равновесию мира."
char_OPERATOR_M,message/m310.mbe/000_Sheet1.csv,m310_010_120,,"Мы только что установили: Эгиомон — главная угроза
гомеостазу мира."
char_OPERATOR_M,message/m310.mbe/000_Sheet1.csv,m310_010_130,,"Поэтому теперь АДАМАС должен ликвидировать Эгиомона и его
партнёра-человека."
char_OPERATOR_M,message/m310.mbe/000_Sheet1.csv,m310_010_140,,"Однако мы хотели бы продолжать наблюдать за Эгиомоном как можно
дольше..."
char_OPERATOR_M,message/m310.mbe/000_Sheet1.csv,m310_010_145,,"Начальство в штабе может попытаться нас подгонять, но я сделаю
всё возможное, чтобы его сдерживать."
char_OPERATOR_M,message/m310.mbe/000_Sheet1.csv,m310_010_150,,"Ведь всё ещё есть шанс, что сила Эгиомона сможет предотвратить
Ад Синдзюку."
char_OPERATOR_M,message/m310.mbe/000_Sheet1.csv,m310_010_160,,"Встанет ли он на сторону добра или зла? Если зла... другого
выхода не останется: придётся его устранить."
char_OPERATOR_M,message/m320.mbe/000_Sheet1.csv,m320_080_270,m320_080_270_M m320_080_270_F,"«Полный контроль» над манипуляциями со временем... Эгиомон
говорит об этом так просто..."
char_OPERATOR_M,message/m320.mbe/000_Sheet1.csv,m320_080_280,m320_080_280_M m320_080_280_F,"...совершенно не понимая, насколько ужасающей была бы такая сила."
char_OPERATOR_M,message/m320.mbe/000_Sheet1.csv,m320_080_290,m320_080_290_M m320_080_290_F,"Нельзя исключать, что именно эти двое вызывают коллапс. После
встречи с ними случилось слишком много странного."
char_OPERATOR_M,message/m320.mbe/000_Sheet1.csv,m320_080_300,m320_080_300_M m320_080_300_F,"Возможно, слишком опасно игнорировать это дальше... Скоро нам
придётся принять решение!"
char_OPERATOR_M,message/m340.mbe/000_Sheet1.csv,m340_020_095,,"Уклоняясь от сил общественной безопасности, ты отделяешься
от Эгиомона. Каким-то образом тебе удаётся выйти на поверхность..."
char_OPERATOR_M,message/m340.mbe/000_Sheet1.csv,m340_020_096,,"Осторожнее. Ты находишься на поверхности внутри Стены. Возможно,
это Район дигимонов."
char_OPERATOR_M,message/m340.mbe/000_Sheet1.csv,m340_020_100,m340_020_100_M m340_020_100_F,"Разве ты не узнаёшь того дигимона? Будто мы вновь переживаем
события того дня."
char_OPERATOR_M,message/m340.mbe/000_Sheet1.csv,m340_020_110,m340_020_110_M m340_020_110_F,"Это оружие Управления общественной безопасности тоже стало
одной из причин Ада Синдзюку. Эта временная линия идёт к гибели."
char_OPERATOR_M,message/m340.mbe/000_Sheet1.csv,m340_020_120,m340_020_120_M m340_020_120_F,"Времени нет. Нам остаётся действовать по наитию и выбирать то,
что кажется наилучшим решением."
char_OPERATOR_M,message/m340.mbe/000_Sheet1.csv,m340_020_130,m340_020_130_M m340_020_130_F,...даже если ради этого придётся пойти на жертвы!
char_OPERATOR_M,message/m340.mbe/000_Sheet1.csv,m340_020_140,m340_020_140_M m340_020_140_F,"Это означает устранение наиболее вероятного источника аномалии.
Немедленно отправляйся и ликвидируй Эгиомона и Инори Мисоно."
char_OPERATOR_M,message/m340.mbe/000_Sheet1.csv,m340_020_160,m340_020_160_M m340_020_160_F,"Ты вообще понимаешь, что говоришь? На кону судьба мира!"
char_OPERATOR_M,message/m340.mbe/000_Sheet1.csv,m340_020_170,m340_020_170_M m340_020_170_F,...
char_OPERATOR_M,message/m340.mbe/000_Sheet1.csv,m340_020_180,m340_020_180_M m340_020_180_F,...О боже.
char_OPERATOR_M,message/m340.mbe/000_Sheet1.csv,m340_020_190,m340_020_190_M m340_020_190_F,"Что ж, если мой полевой агент отказывается действовать,
со своей стороны я мало что могу сделать."
char_OPERATOR_M,message/m340.mbe/000_Sheet1.csv,m340_020_200,m340_020_200_M m340_020_200_F,"Было ясно, что ты не подчинишься этому приказу. В конце
концов..."
char_OPERATOR_M,message/m340.mbe/000_Sheet1.csv,m340_020_210,m340_020_210_M m340_020_210_F,...я знаю тебя уже довольно давно.
char_OPERATOR_M,message/m340.mbe/000_Sheet1.csv,m340_020_220,m340_020_220_M m340_020_220_F,"Ну хорошо... Похоже, мы с тобой в этом надолго."
char_OPERATOR_M,message/m340.mbe/000_Sheet1.csv,m340_020_230,m340_020_230_M m340_020_230_F,"Конечно, за неподчинение приказам начальства нас накажут...
И всё же я с тобой до конца."
char_OPERATOR_M,message/m340.mbe/000_Sheet1.csv,m340_020_240,m340_020_240_M m340_020_240_F,"Я постараюсь выиграть для нас как можно больше времени. Только
помни: мои возможности не безграничны."
char_OPERATOR_M,message/m340.mbe/000_Sheet1.csv,m340_020_250,m340_020_250_M m340_020_250_F,"А пока... сделай всё возможное, чтобы предотвратить
Ад Синдзюку!"
char_OPERATOR_M,message/m340.mbe/000_Sheet1.csv,m340_020_260,m340_020_260_M m340_020_260_F,"Мы можем побеспокоиться о последствиях, когда придёт время."
char_OPERATOR_M,message/m340.mbe/000_Sheet1.csv,m340_021_060,m340_021_060_M m340_021_060_F,"Отец Инори Мисоно только что сообщил, что над зданием Столичного
правительства Токио открываются врата..."
char_OPERATOR_M,message/m340.mbe/000_Sheet1.csv,m340_021_070,m340_021_070_M m340_021_070_F,"Возможно, это новый путь для вторжения Титанов... Силы,
победившие Меркуримона, идут в атаку!"
char_OPERATOR_M,message/m340.mbe/000_Sheet1.csv,m340_021_080,m340_021_080_M m340_021_080_F,"Мы также фиксируем признаки пространственно-временного
возмущения. Это приведёт... к началу Ада Синдзюку..."
char_OPERATOR_M,message/m340.mbe/000_Sheet1.csv,m340_030_010,m340_030_010_M m340_030_010_F,"Я понимаю, почему это потрясло тебя, но нужно сохранять
спокойствие."
char_OPERATOR_M,message/m340.mbe/000_Sheet1.csv,m340_030_020,m340_030_020_M m340_030_020_F,"Главное, чего нужно опасаться, — пространственно-временное
возмущение..."
char_OPERATOR_M,message/m340.mbe/000_Sheet1.csv,m340_030_030,m340_030_030_M m340_030_030_F,"Такая аномалия стёрла из реальности твоего приёмного отца,
доктора Юки."
char_OPERATOR_M,message/m340.mbe/000_Sheet1.csv,m340_030_040,m340_030_040_M m340_030_040_F,"Ад Синдзюку вызывает череду таких возмущений по всей планете,
и они ведут прямо к концу света."
char_OPERATOR_M,message/m340.mbe/000_Sheet1.csv,m340_030_050,m340_030_050_M m340_030_050_F,"В моей временной линии пространственно-временные возмущения
возникают постоянно. Попадёшь в одно — уже не вернёшься."
char_OPERATOR_M,message/m340.mbe/000_Sheet1.csv,m340_030_110,m340_030_110_M m340_030_110_F,"Это плохо...! Я уже обнаруживаю пространственно-временное
возмущение!"
char_OPERATOR_M,message/m350.mbe/000_Sheet1.csv,m350_010_030,,"Похоже, тебя снова перенесло во времени... Но на этот раз
кое-что иначе: Эгиомона рядом нет."
char_OPERATOR_M,message/m350.mbe/000_Sheet1.csv,m350_010_040,,"Инори тоже нигде нет. Очевидно, её поглотило
пространственно-временное возмущение, а Эгиомон последовал за ней."
char_OPERATOR_M,message/m350.mbe/000_Sheet1.csv,m350_010_050,,"Вероятно, Инори поглотило пространственно-временное возмущение,
а Эгиомон отправился следом."
char_OPERATOR_M,message/m350.mbe/000_Sheet1.csv,m350_010_060,,"Я беспокоюсь за них... Но ещё важнее то, что путешествие
во времени произошло без Эгиомона."
char_OPERATOR_M,message/m350.mbe/000_Sheet1.csv,m350_010_070,,Именно: тебя перенесло во времени без Эгиомона.
char_OPERATOR_M,message/m350.mbe/000_Sheet1.csv,m350_010_080,,...
char_OPERATOR_M,message/m350.mbe/000_Sheet1.csv,m350_010_090,,"Если вспомнить, в первый раз тебя тоже перенесло без него."
char_OPERATOR_M,message/m350.mbe/000_Sheet1.csv,m350_010_100,,Вполне возможно... мы серьёзно ошиблись в своих выводах.
char_OPERATOR_M,message/m350.mbe/000_Sheet1.csv,m350_010_110,,"Именно грядущее поражение Меркуримона приводит к вторжению
Титанов в мир людей."
char_OPERATOR_M,message/m350.mbe/000_Sheet1.csv,m350_010_120,,"Если бы Меркуримон был здоров, этого могло бы хватить, чтобы
изменить исход битвы."
char_OPERATOR_M,message/m350.mbe/000_Sheet1.csv,m350_010_130,,"Что насчёт Венусмон, дигимона, который готовит противоядие?
Есть новости о том, как продвигается работа?"
char_OPERATOR_M,message/m350.mbe/000_Sheet1.csv,m350_020_010,,"То, что Меркуримон жив, — надёжное доказательство
переноса во времени."
char_OPERATOR_M,message/m350.mbe/000_Sheet1.csv,m350_020_020,,Нужно попытаться ещё раз и не допустить Ада Синдзюку.
char_OPERATOR_M,message/m350.mbe/000_Sheet1.csv,m350_020_030,,Попробуем снова — и предотвратим Ад Синдзюку.
char_OPERATOR_M,message/m350.mbe/000_Sheet1.csv,m350_020_050,,"Наблюдая одну и ту же аномалию несколько раз, мы получили новые
данные о её происхождении."
char_OPERATOR_M,message/m350.mbe/000_Sheet1.csv,m350_020_060,,"Титаны появляются в небе над зданием правительства. Затем
оставшиеся силы Меркуримона вступают с ними в бой."
char_OPERATOR_M,message/m350.mbe/000_Sheet1.csv,m350_020_070,,"Стоит Управлению общественной безопасности применить оружие —
и начинается трёхсторонняя битва. Тогда и появляется рука..."
char_OPERATOR_M,message/m350.mbe/000_Sheet1.csv,m350_020_080,,"Если бы мы только знали, что это за гигантская рука..."
char_OPERATOR_M,message/m350.mbe/000_Sheet1.csv,m350_020_085,,"Возможно, открытие врат вместе с ударными волнами от битвы
вызывает некий эффект... а затем и огромное возмущение."
char_OPERATOR_M,message/m350.mbe/000_Sheet1.csv,m350_020_090,,"Именно так начинается Ад Синдзюку... Значит, остановив вторжение
Титанов в наш мир, мы предотвратим худшее."
char_OPERATOR_M,message/m350.mbe/000_Sheet1.csv,m350_020_100,,"Следовательно, если не допустить вторжения Титанов в наш мир,
катастрофы тоже не произойдёт."
char_OPERATOR_M,message/m350.mbe/000_Sheet1.csv,m350_020_110,,"Другими словами, если Меркуримон победит Титанов и выживет,
исход может измениться."
char_OPERATOR_M,message/m350.mbe/000_Sheet1.csv,m350_020_120,,Исход может измениться.
char_OPERATOR_M,message/m350.mbe/000_Sheet1.csv,m350_020_130,,"На этот раз не будем думать о последствиях переписывания
истории. В конце концов, возможно, мы ошибались во всём."
char_OPERATOR_M,message/m350.mbe/000_Sheet1.csv,m350_020_140,,"Дело в том, что прежде всего эти прыжки во времени..."
char_OPERATOR_M,message/m350.mbe/000_Sheet1.csv,m350_140_060,m350_140_060_M m350_140_060_F,"Прости... Похоже, дальше я уже не смогу тебя сопровождать."
char_OPERATOR_M,message/m350.mbe/000_Sheet1.csv,m350_140_070,m350_140_070_M m350_140_070_F,"Штаб АДАМАСа вот-вот поглотит огромное
пространственно-временное возмущение."
char_OPERATOR_M,message/m350.mbe/000_Sheet1.csv,m350_140_080,m350_140_080_M m350_140_080_F,"Когда это произойдёт, меня сотрут из реальности... Поэтому прошу
лишь об одном: помни меня."
char_OPERATOR_M,message/m350.mbe/000_Sheet1.csv,m350_140_090,m350_140_090_M m350_140_090_F,"Помни, что я действительно существовал..."
char_OPERATOR_M,message/m350.mbe/000_Sheet1.csv,m350_140_100,m350_140_100_M m350_140_100_F,"Если по дороге я встречу доктора Юки, то скажу ему..."
char_OPERATOR_M,message/m350.mbe/000_Sheet1.csv,m350_140_110,m350_140_110_M m350_140_110_F,"...скажу ему, что его ребёнок пытается спасти мир."
char_OPERATOR_M,message/m350.mbe/000_Sheet1.csv,m350_140_120,m350_140_120_M m350_140_120_F,...
char_OPERATOR_M,message/m350.mbe/000_Sheet1.csv,m350_140_130,m350_140_130_M m350_140_130_F,...Мне повезло работать с тобой. Спасибо за всё.
char_OPERATOR_M,message/m350.mbe/000_Sheet1.csv,m350_140_140,m350_140_140_M m350_140_140_F,"Наверное, это всё. Дальше дело за тобой, агент {player}."
char_OPERATOR_M,message/m420.mbe/000_Sheet1.csv,m420_030_010,m420_030_010_M m420_030_010_F,Давно не виделись.
char_OPERATOR_M,message/m420.mbe/000_Sheet1.csv,m420_030_020,m420_030_020_M m420_030_020_F,Ты наверняка уже понимаешь...
char_OPERATOR_M,message/m420.mbe/000_Sheet1.csv,m420_030_030,m420_030_030_M m420_030_030_F,...что не являешься обычным человеком.
char_OPERATOR_M,message/m420.mbe/000_Sheet1.csv,m420_030_040,m420_030_040_M m420_030_040_F,"Тот, кто тебя создал, должно быть, весьма доволен."
char_OPERATOR_M,message/m420.mbe/000_Sheet1.csv,m420_030_050,m420_030_050_M m420_030_050_F,До сих пор тебе прекрасно удавалось исполнять свою роль.
char_OPERATOR_M,message/m420.mbe/000_Sheet1.csv,m420_030_060,m420_030_060_M m420_030_060_F,"В награду за твои достижения позволь рассказать, кто ты на самом
деле."
char_OPERATOR_M,message/m420.mbe/000_Sheet1.csv,m420_030_070,m420_030_070_M m420_030_070_F,"С тех пор как Эгиомон исчез, тебя принимали за Великого Стража..."
char_OPERATOR_M,message/m420.mbe/000_Sheet1.csv,m420_030_080,m420_030_080_M m420_030_080_F,"Ты наверняка понимаешь, почему."
char_OPERATOR_M,message/m420.mbe/000_Sheet1.csv,m420_040_010,m420_040_010_M m420_040_010_F,"Твой создатель... высшее существо, против которого восстал
Хрономон."
char_OPERATOR_M,message/m420.mbe/000_Sheet1.csv,m420_040_020,m420_040_020_M m420_040_020_F,Имя этого высшего существа — Гомеостазис.
char_OPERATOR_M,message/m420.mbe/000_Sheet1.csv,m420_040_030,m420_040_030_M m420_040_030_F,"Замысел Хрономона нарушил равновесие между мирами и угрожает
самому их существованию."
char_OPERATOR_M,message/m420.mbe/000_Sheet1.csv,m420_040_040,m420_040_040_M m420_040_040_F,"Тебе предназначено устранять любого, кто нарушает естественный
порядок."
char_OPERATOR_M,message/m420.mbe/000_Sheet1.csv,m420_050_010,m420_050_010_M m420_050_010_F,"Высшее существо выбрало основу и, использовав её, даровало тебе
жизнь."
char_OPERATOR_M,message/m420.mbe/000_Sheet1.csv,m420_050_020,m420_050_020_M m420_050_020_F,"Этой основой стал Эгиомон, или «тёмная тень»."
char_OPERATOR_M,message/m420.mbe/000_Sheet1.csv,m420_050_030,m420_050_030_M m420_050_030_F,"После бесчисленных путешествий во времени Эгиомон оказался
рассеян по множеству временных линий."
char_OPERATOR_M,message/m420.mbe/000_Sheet1.csv,m420_050_040,m420_050_040_M m420_050_040_F,"Твоё существование основано на тёмной тени из одной из этих
временных линий."
char_OPERATOR_M,message/m420.mbe/000_Sheet1.csv,m420_050_050,m420_050_050_M m420_050_050_F,И на то была веская причина.
char_OPERATOR_M,message/m420.mbe/000_Sheet1.csv,m420_060_010,m420_060_010_M m420_060_010_F,"Высшее существо избегает прямого и чрезмерного вмешательства
в мир, за которым наблюдает."
char_OPERATOR_M,message/m420.mbe/000_Sheet1.csv,m420_060_020,m420_060_020_M m420_060_020_F,"Чтобы свести своё влияние к минимуму, оно решило воспользоваться
тёмными тенями."
char_OPERATOR_M,message/m420.mbe/000_Sheet1.csv,m420_060_030,m420_060_030_M m420_060_030_F,"Высшее существо надеялось запустить своего рода «механизм
самоочищения» мира."
char_OPERATOR_M,message/m420.mbe/000_Sheet1.csv,m420_060_040,m420_060_040_M m420_060_040_F,"Потеряв дорогого ему человека и обезумев от боли, Эгиомон
нарушил законы времени."
char_OPERATOR_M,message/m420.mbe/000_Sheet1.csv,m420_060_050,m420_060_050_M m420_060_050_F,И высшее существо поручило ему исправить собственные ошибки.
char_OPERATOR_M,message/m420.mbe/000_Sheet1.csv,m420_060_060,m420_060_060_M m420_060_060_F,"Оно взяло одну тёмную тень из тех временных линий и создало
из неё тебя."
char_OPERATOR_M,message/m420.mbe/000_Sheet1.csv,m420_070_010,m420_070_010_M m420_070_010_F,"АДАМАС, твоя личность и воспоминания... Всё было подготовлено,
чтобы помочь тебе успешно выполнить миссию."
char_OPERATOR_M,message/m420.mbe/000_Sheet1.csv,m420_070_020,m420_070_020_M m420_070_020_F,Это относится и ко мне. Я существую только в твоём сознании.
char_OPERATOR_M,message/m420.mbe/000_Sheet1.csv,m420_070_030,m420_070_030_M m420_070_030_F,Твоя задача как агента — поддерживать равновесие мира.
char_OPERATOR_M,message/m420.mbe/000_Sheet1.csv,m420_070_040,m420_070_040_M m420_070_040_F,"При создании твоей личности использовали некоторые воспоминания
тёмной тени."
char_OPERATOR_M,message/m420.mbe/000_Sheet1.csv,m420_070_050,m420_070_050_M m420_070_050_F,Таково было желание самой тёмной тени.
char_OPERATOR_M,message/m420.mbe/000_Sheet1.csv,m420_080_010,m420_080_010_M m420_080_010_F,"Желание тёмной тени... Иными словами, желание Эгиомона."
char_OPERATOR_M,message/m420.mbe/000_Sheet1.csv,m420_080_020,m420_080_020_M m420_080_020_F,Эгиомон хотел вновь соединить Инори Мисоно с младшим братом.
char_OPERATOR_M,message/m420.mbe/000_Sheet1.csv,m420_080_030,m420_080_030_M m420_080_030_F,Для этого он попытался занять место её брата.
char_OPERATOR_M,message/m420.mbe/000_Sheet1.csv,m420_080_040,m420_080_040_M m420_080_040_F,"Младший брат Инори был большим поклонником одного персонажа.
Он часто представлял себя этим героем..."
char_OPERATOR_M,message/m420.mbe/000_Sheet1.csv,m420_080_050,m420_080_050_M m420_080_050_F,"Твоя внешность, твои воспоминания..."
char_OPERATOR_M,message/m420.mbe/000_Sheet1.csv,m420_080_060,m420_080_060_M m420_080_060_F,Они были отчасти созданы из воспоминаний младшего брата Инори.
char_OPERATOR_M,message/m420.mbe/000_Sheet1.csv,m420_080_070,m420_080_070_M m420_080_070_F,"Тебя принимают за Эгиомона, потому что он послужил твоей
изначальной основой."
char_OPERATOR_M,message/m420.mbe/000_Sheet1.csv,m420_080_080,m420_080_080_M m420_080_080_F,"По мере приближения слияния твой облик естественным образом
возвращался к облику Эгиомона."
char_OPERATOR_M,message/m420.mbe/000_Sheet1.csv,m420_090_010,m420_090_010_M m420_090_010_F,"Хрономон породил Эгиомона, а Эгиомон — бесчисленные тёмные тени."
char_OPERATOR_M,message/m420.mbe/000_Sheet1.csv,m420_090_020,m420_090_020_M m420_090_020_F,Твоё тело создано из одной из этих тёмных теней.
char_OPERATOR_M,message/m420.mbe/000_Sheet1.csv,m420_090_030,m420_090_030_M m420_090_030_F,"Как в круговороте времени, равновесие сохраняется, пока всё
остаётся взаимосвязано."
char_OPERATOR_M,message/m420.mbe/000_Sheet1.csv,m420_090_040,m420_090_040_M m420_090_040_F,"Да, все в этом мире — лишь шестерёнки времени. Но это не повод
отчаиваться."
char_OPERATOR_M,message/m420.mbe/000_Sheet1.csv,m420_090_050,m420_090_050_M m420_090_050_F,"Тревожиться нужно тогда, когда шестерёнки сбиваются и нарушают
правильный ход времени."
char_OPERATOR_M,message/m420.mbe/000_Sheet1.csv,m420_090_060,m420_090_060_M m420_090_060_F,Именно это и произошло с теми тёмными тенями... с Эгиомоном.
char_OPERATOR_M,message/m420.mbe/000_Sheet1.csv,m420_090_070,m420_090_070_M m420_090_070_F,"Пока время идёт вперёд, мы можем продолжать развиваться..."
char_OPERATOR_M,message/m420.mbe/000_Sheet1.csv,m420_090_080,m420_090_080_M m420_090_080_F,...и выбирать своё будущее. В этом вся наша надежда.
char_OPERATOR_M,message/rumor_npc.mbe/000_Sheet1.csv,r_t0102_0010_0010,,"До работы еще есть время, так что я вполне могу немного
повеселиться!"
char_OPERATOR_M,message/rumor_npc.mbe/000_Sheet1.csv,r_t0102_0010_0020,,Где же была эта станция?
char_OPERATOR_M,message/rumor_npc.mbe/000_Sheet1.csv,r_t0102_0010_0030,,"Я думаю, что заскочу на перерыв в кафе! ♪"
char_OPERATOR_M,message/rumor_npc.mbe/000_Sheet1.csv,r_t0102_0010_0040,,Запастись всем этим барахлом - настоящая мука...
char_OPERATOR_M,message/rumor_npc.mbe/000_Sheet1.csv,r_t0102_0010_0050,,Что мне следует сделать сегодня?..
char_OPERATOR_M,message/rumor_npc.mbe/000_Sheet1.csv,r_t0102_0010_0060,,"Эй, у них появился новый десерт! Думаю, я попробую его!"
char_OPERATOR_M,message/rumor_npc.mbe/000_Sheet1.csv,r_t0102_0010_0070,,"Привет, красотка... Ты свободна сегодня вечером?"
char_OPERATOR_M,message/rumor_npc.mbe/000_Sheet1.csv,r_t0102_0010_0080,,"Что? О, я не знаю..."
char_OPERATOR_M,message/rumor_npc.mbe/000_Sheet1.csv,r_t0102_0010_0090,,"Итак, куда же он направился?.."
char_OPERATOR_M,message/rumor_npc.mbe/000_Sheet1.csv,r_t0102_0010_0100,,Я... я просто хочу пойти домой...
char_OPERATOR_M,message/rumor_npc.mbe/000_Sheet1.csv,r_t0102_0010_0110,,Мне нужно догнать остальных членов банды...
char_OPERATOR_M,message/rumor_npc.mbe/000_Sheet1.csv,r_t0102_0010_0120,,"В этом заведении, где подают рамен, всегда полно народу."
char_OPERATOR_M,message/rumor_npc.mbe/000_Sheet1.csv,r_t0102_0010_0130,,Почему он так долго...?
char_OPERATOR_M,message/rumor_npc.mbe/000_Sheet1.csv,r_t0102_0010_0140,,Во что бы сыграть сегодня...?
char_OPERATOR_M,message/rumor_npc.mbe/000_Sheet1.csv,r_t0102_0010_0150,,Что за безумный протест...
char_OPERATOR_M,message/rumor_npc.mbe/000_Sheet1.csv,r_t0102_0010_0160,,И здесь тоже?
char_OPERATOR_M,message/rumor_npc.mbe/000_Sheet1.csv,r_t0102_0010_0170,,Там что-то случилось?
char_OPERATOR_M,message/rumor_npc.mbe/000_Sheet1.csv,r_t0102_0010_0180,,"Это рисует меня в общих чертах. Возможно, пришло время
уходить..."
char_OPERATOR_M,message/rumor_npc.mbe/000_Sheet1.csv,r_t0102_0010_0190,,"Сегодня в театре люди кажутся еще более сумасшедшими, чем
обычно..."
char_OPERATOR_M,message/rumor_npc.mbe/000_Sheet1.csv,r_t0102_0010_0200,,Дай мне передохнуть...
char_OPERATOR_M,message/rumor_npc.mbe/000_Sheet1.csv,r_t0102_0010_0210,,"Думаю, мне лучше найти место, где можно убить время..."
char_OPERATOR_M,message/rumor_npc.mbe/000_Sheet1.csv,r_t0102_0010_0220,,Путь все еще закрыт?
char_OPERATOR_M,message/rumor_npc.mbe/000_Sheet1.csv,r_t0102_0010_0230,,Что мне следует делать?..
char_OPERATOR_M,message/rumor_npc.mbe/000_Sheet1.csv,r_t0102_0010_0240,,"Что, черт возьми, происходит?"
char_OPERATOR_M,message/rumor_npc.mbe/000_Sheet1.csv,r_t0102_0010_0250,,Я просто хочу вернуться домой...
char_OPERATOR_M,message/rumor_npc.mbe/000_Sheet1.csv,r_t0102_0010_0260,,Что происходит?
char_OPERATOR_M,message/rumor_npc.mbe/000_Sheet1.csv,r_t0302_0010_0010,,Подожди. Что это?
char_OPERATOR_M,message/rumor_npc.mbe/000_Sheet1.csv,r_t0302_0010_0020,,Что это?
char_OPERATOR_M,message/rumor_npc.mbe/000_Sheet1.csv,r_t0302_0010_0030,,Что это за машина...?
char_OPERATOR_M,message/rumor_npc.mbe/000_Sheet1.csv,r_t0302_0010_0040,,"Пожалуйста, эвакуируйтесь в соответствии с указаниями."
char_OPERATOR_M,message/rumor_npc.mbe/000_Sheet1.csv,r_t0302_0010_0050,,Сохраняйте спокойствие и двигайтесь по этому пути.
char_OPERATOR_M,message/rumor_npc.mbe/000_Sheet1.csv,r_t0303_0010_0010,,*тяжело дышит* Ого!
char_OPERATOR_M,message/rumor_npc.mbe/000_Sheet1.csv,r_t0403_0010_0020,,На этот раз я доберусь до тебя!
char_OPERATOR_M,message/rumor_npc.mbe/000_Sheet1.csv,r_t0403_0010_0030,,Нет значит нет!
char_OPERATOR_M,message/rumor_npc.mbe/000_Sheet1.csv,r_t0403_0010_0040,,Пойдем в парк!
char_OPERATOR_M,message/rumor_npc.mbe/000_Sheet1.csv,r_t0403_0010_0050,,Я не помню...
char_OPERATOR_M,message/rumor_npc.mbe/000_Sheet1.csv,r_t0403_0010_0060,,Неужели?..
char_OPERATOR_M,message/rumor_npc.mbe/000_Sheet1.csv,r_d1301_0010_0010,,Ход анализа таков...
char_OPERATOR_M,message/rumor_npc.mbe/000_Sheet1.csv,r_d1301_0010_0020,,Почти на месте...
char_OPERATOR_M,message/rumor_npc.mbe/000_Sheet1.csv,r_d1301_0010_0030,,Всего лишь один последний рывок.
char_OPERATOR_M,message/s910_169.mbe/000_Sheet1.csv,s910_169_610,,"Кажется, перерыв закончился. На всякий случай перемещения
Хироко отслеживались, но что-то не так."
char_OPERATOR_M,message/s910_169.mbe/000_Sheet1.csv,s910_169_620,,"Она была в парке Синдзюку, затем спустилась в канализацию
и исчезла. Рекомендую немедленно ей помочь."
char_OPERATOR_M,message/s910_169.mbe/000_Sheet1.csv,s910_169_630,,"Это примерно в том месте, где пропал сигнал Хироко."
char_OPERATOR_M,message/s910_169.mbe/000_Sheet1.csv,s910_169_640,,"Я предполагаю, что Хироко вошла в нечто Среднее здесь. Тебе
следует разобраться, когда будешь готова."
char_OPERATOR_M,message/s910_169.mbe/000_Sheet1.csv,s910_169_650,,"Как и предполагалось, сигнал Хироко улавливается дальше.
Продолжай двигаться этим курсом."
char_OPERATOR_M,message/s910_169.mbe/000_Sheet1.csv,s910_169_640__H,,"Полагаю, Хироко вошла в Промежуток здесь. Разберись,
когда будешь готова."
char_OPERATOR_M,message/s910_169.mbe/000_Sheet1.csv,s910_169_640__F,,"Полагаю, Хироко вошла в Промежуток здесь. Разберись,
когда будешь готов."
char_OPERATOR_M,message/t01.mbe/000_Sheet1.csv,f_t0108_0010_0060,,"Координаты получены без проблем. Пожалуйста,
двигайся к следующей точке."
char_OPERATOR_M,message/t01.mbe/000_Sheet1.csv,f_t0108_0020_0060,,"Калибровка проходит хорошо. Пожалуйста, двигайся к финальной
точке."
char_OPERATOR_M,message/t03.mbe/000_Sheet1.csv,f_t0302_0130_0010,f_t0302_0130_0010_M f_t0302_0130_0010_F,"Учёная из службы общественной безопасности, значит?
Если она видный специалист, о ней должны быть открытые сведения."
char_OPERATOR_M,message/t03.mbe/000_Sheet1.csv,f_t0302_0130_0020,f_t0302_0130_0020_M f_t0302_0130_0020_F,"Я посмотрю, что смогу о ней выяснить. Свяжусь с тобой, как
только что-нибудь узнаю, так что жди."
char_OPERATOR_M,message/t03.mbe/000_Sheet1.csv,f_t0302_0170_0010,,"Хорошая работа. Калибровка завершена, и теперь мы можем
с высокой точностью определять твои координаты."
char_OPERATOR_M,message/t03.mbe/000_Sheet1.csv,f_t0302_0170_0020,,"Вокруг говорят об аномальных явлениях, верно? Я
снова просматриваю посты в интернете восьмилетней давности."
char_OPERATOR_M,message/t03.mbe/000_Sheet1.csv,f_t0302_0170_0030,,"Похоже, слухи об аномалиях в Синдзюку начались примерно
в то время, куда тебя занесло. Совпадение?"
char_OPERATOR_M,message/t03.mbe/000_Sheet1.csv,f_t0302_0170_0040,,"В одном посте упоминается «странный свет в переулке в Кабукитё,
Синдзюку». Возможно, это какая-то аномалия."
char_OPERATOR_M,message/t03.mbe/000_Sheet1.csv,f_t0302_0170_0050,,"Так что это твоя следующая миссия. Направляйся в этот переулок
в Кабукитё, Синдзюку."
char_OPERATOR_M,message/t03.mbe/000_Sheet1.csv,f_t0304_0020_0010,,"Не годится. Тебя окружают бесчисленные мощные сигналы. Найди
другой маршрут. Откуда вообще эти дигимоны?"
char_OPERATOR_M,message/t03.mbe/000_Sheet1.csv,f_t0304_0020_0020,,"Мир вокруг тебя определённо полон более враждебных
дигимонов, чем тот, который я знаю."
char_OPERATOR_M,message/t03.mbe/000_Sheet1.csv,f_t0304_0020_0030,,"Причина в путешествии во времени? Может ли отклонение от правил
времени и пространства приводить к появлению новых Дигимонов?"
char_OPERATOR_M,message/t03.mbe/000_Sheet1.csv,f_t0304_0020_0040,,"Если исследовательская группа права, и их враждебная природа подобна
антителам в гиперактивной иммунной системе, это имело бы смысл, не так ли?"
char_OPERATOR_M,message/t03.mbe/000_Sheet1.csv,f_t0304_0020_0050,,"В конце концов, существо, путешествовавшее во времени, — не
более чем инородное тело для того мира...!"
char_OPERATOR_M,message/t03.mbe/000_Sheet1.csv,f_t0304_0020_0060,,"Когда враждебные Дигимоны собрались в подземке Синдзюку, я
думал, это из-за яйца, которое оказалось там..."
char_OPERATOR_M,message/t03.mbe/000_Sheet1.csv,f_t0304_0020_0070,,"Но что, если Дигимоны появились там, чтобы избавиться от яйца... как
антитела, уничтожающие инородное тело — путешественника во времени?"
char_OPERATOR_M,message/t03.mbe/000_Sheet1.csv,f_t0304_0020_0080,,"У меня нет никаких доказательств, но если моя теория верна,
враждебные дигимоны усиливаются с каждым путешествием во времени."
char_OPERATOR_M,message/t03.mbe/000_Sheet1.csv,f_t0304_0020_0090,,"Хочешь знать, почему у меня такая дикая теория?"
char_OPERATOR_M,message/t03.mbe/000_Sheet1.csv,f_t0304_0020_0100,,"Ведь АДАМАС уже точно так же пытался уничтожить Дигимонов,
способных путешествовать во времени, словно чужеродные тела."
char_OPERATOR_M,message/t03.mbe/000_Sheet1.csv,f_t0304_0020_0110,,"Впереди многочисленные сигналы враждебных дигимонов. Найди
другой маршрут!"
char_OPERATOR_M,message/t03.mbe/000_Sheet1.csv,f_t0304_0030_0010,,"Район содержания дигимонов службы общественной безопасности...
Впереди много врагов. Найди другой путь!"
char_OPERATOR_M,message/t03.mbe/000_Sheet1.csv,f_t0304_0030_0020,,"Мир вокруг тебя определённо полон более враждебных
дигимонов, чем тот, который я знаю."
char_OPERATOR_M,message/t03.mbe/000_Sheet1.csv,f_t0304_0030_0030,,"Причина в путешествии во времени? Может ли отклонение от правил
времени и пространства приводить к появлению новых Дигимонов?"
char_OPERATOR_M,message/t03.mbe/000_Sheet1.csv,f_t0304_0030_0040,,"Если исследовательская группа права, и их враждебная природа подобна
антителам в гиперактивной иммунной системе, это имело бы смысл, не так ли?"
char_OPERATOR_M,message/t03.mbe/000_Sheet1.csv,f_t0304_0030_0050,,"В конце концов, существо, путешествовавшее во времени, — не
более чем инородное тело для того мира...!"
char_OPERATOR_M,message/t03.mbe/000_Sheet1.csv,f_t0304_0040_0010,,"Когда враждебные Дигимоны собрались в подземке Синдзюку, я
думал, это из-за яйца, которое оказалось там..."
char_OPERATOR_M,message/t03.mbe/000_Sheet1.csv,f_t0304_0040_0020,,"Но что, если Дигимоны появились там, чтобы избавиться от яйца... как
антитела, уничтожающие инородное тело — путешественника во времени?"
char_OPERATOR_M,message/t03.mbe/000_Sheet1.csv,f_t0304_0040_0030,,"У меня нет никаких доказательств, но если моя теория верна,
враждебные дигимоны усиливаются с каждым путешествием во времени."
char_OPERATOR_M,message/t03.mbe/000_Sheet1.csv,f_t0304_0040_0040,,"Хочешь знать, почему у меня такая дикая теория?"
char_OPERATOR_M,message/t03.mbe/000_Sheet1.csv,f_t0304_0040_0050,,"Ведь АДАМАС уже точно так же пытался уничтожить Дигимонов,
способных путешествовать во времени, словно чужеродные тела."
char_OPERATOR_M,message/t03.mbe/000_Sheet1.csv,f_t0304_0040_0060,,"Впереди многочисленные сигналы враждебных дигимонов. Найди
другой маршрут!"
char_OPERATOR_M,message/t03.mbe/000_Sheet1.csv,f_t0304_0020_0060__H,,"Когда враждебные дигимоны собрались в подземке Синдзюку, я
думал, что их привлекло оказавшееся там яйцо..."
char_OPERATOR_M,message/t03.mbe/000_Sheet1.csv,f_t0304_0020_0060__F,,"Когда враждебные дигимоны собрались в подземке Синдзюку, я
думала, что их привлекло оказавшееся там яйцо..."
char_OPERATOR_M,message/t03.mbe/000_Sheet1.csv,f_t0304_0040_0010__H,,"Когда враждебные дигимоны собрались в подземке Синдзюку, я
думал, что их привлекло оказавшееся там яйцо..."
char_OPERATOR_M,message/t03.mbe/000_Sheet1.csv,f_t0304_0040_0010__F,,"Когда враждебные дигимоны собрались в подземке Синдзюку, я
думала, что их привлекло оказавшееся там яйцо..."
char_OPERATOR_M,message/t04.mbe/000_Sheet1.csv,f_t0403_0150_0010,,"Прежде чем мы перейдём к делу, почему бы тебе не осмотреть
гостиную?"
char_OPERATOR_M,message/t04.mbe/000_Sheet1.csv,f_t0404_0230_0010,,"Похоже, Инори предоставила тебе эту одежду. Так заботливо.
Слово «заботливая» подходит ей идеально."
char_OPERATOR_M,message/t04.mbe/000_Sheet1.csv,f_t0404_0230_0020,,"Не сомневаюсь, она будет полезна тебе во многих отношениях.
Тебе стоит принять её доброту и переодеться."
char_OPERATOR_M,message/t04.mbe/000_Sheet1.csv,f_t0404_0240_0010,f_t0404_0240_0010_M f_t0404_0240_0010_F,"В систему добавлена функция, усиливающая синергию
с твоим дигимоном-партнёром и укрепляющая связь между вами."
char_OPERATOR_M,message/t04.mbe/000_Sheet1.csv,f_t0404_0240_0020,f_t0404_0240_0020_M f_t0404_0240_0020_F,Эта функция называется {fc9Навыки Агента}.
char_OPERATOR_M,message/t04.mbe/000_Sheet1.csv,f_t0404_0240_0030,f_t0404_0240_0030_M f_t0404_0240_0030_F,"Навыки агента улучшаются по мере твоего прогресса, позволяя
ускорять эволюцию и усиливать способности кросс-артов."
char_OPERATOR_M,message/t04.mbe/000_Sheet1.csv,f_t0404_0240_0040,f_t0404_0240_0040_M f_t0404_0240_0040_F,"Освой эту функцию и используй её для выполнения
своих миссий."
