package,file,row_id,source_move,approved_ru,old,expected_count,source_sentence,current_sentence
addcont_03_text01,text/digimon_profile_dlc03.mbe/000_Sheet1.csv,digimon_0357_profile,Supreme Cannon,Высшая пушка,Гаруру- пушка,1,"Its special move is Supreme Cannon, which fires a blast of air at absolute zero from its MetalGarurumon-shaped cannon to freeze the enemy.",Особый приём «Гаруру- пушка» выпускает из пушки в форме МеталГарурумона поток воздуха абсолютного нуля и замораживает врага.
patch_text01,text/digimon_profile.mbe/000_Sheet1.csv,digimon_0013_profile,Death Charm,Смертельный Амулет,Дез Чарм,1,Its special move Death Charm casts a powerful curse.,Его особый приём «Дез Чарм» накладывает мощное проклятие.
patch_text01,text/digimon_profile.mbe/000_Sheet1.csv,digimon_0015_profile,Glide Horn,Скользящий Рожок,Глайд Хорн,1,It slams into foes from above with its special move Glide Horn.,Он врезается во врагов сверху своим специальным движением «Глайд Хорн».
patch_text01,text/digimon_profile.mbe/000_Sheet1.csv,digimon_0016_profile,Fang Strike,Удар Клыком,Фанг Страйк,1,"It uses its special move Fang Strike to heat its metal plating to red-hot levels, turning itself into a mass of flame and tackling the opponent in a fearsome maneuver.","Он использует свой особый приём «Фанг Страйк», чтобы раскалить свою металлическую броню до красна, превращаясь в массу пламени и атакуя противника в грозном маневре."
patch_text01,text/digimon_profile.mbe/000_Sheet1.csv,digimon_0024_profile,Ocean Love,Любовь океана,Оушен Лав,1,"Though MarineAngemon generally avoids combat, its special move Ocean Love causes foes to lose the will to fight, thereby guaranteeing victory.","Хотя МаринАнджемон обычно избегает боя, его особый приём «Оушен Лав» заставляет врагов терять волю к борьбе, тем самым гарантируя победу."
patch_text01,text/digimon_profile.mbe/000_Sheet1.csv,digimon_0025_profile,Ambush Crunch,Укус из засады,Амбущ Кранч,1,It performs its special move Ambush Crunch by pouncing on the enemy and biting vitals with its sharp fangs.,"Он выполняет свой особый приём «Амбущ Кранч», набрасываясь на врага и кусая жизненно важные органы своими острыми клыками."
patch_text01,text/digimon_profile.mbe/000_Sheet1.csv,digimon_0031_profile,Earth-Shattering Stomp,Оглушительный Топот,Сотрясающая Землю Топота,1,"Its special move is Earth-Shattering Stomp, a vicious kicking attack drawing upon Matadormon's own original martial arts style.","Его особый приём — «Сотрясающая Землю Топота», подлая атака ногами, основанная на собственном оригинальном стиле боевых искусств Матадормона."
patch_text01,text/digimon_profile.mbe/000_Sheet1.csv,digimon_0035_profile,Darkness Claw,Коготь Тьмы,Даркнесс Коготь,1,"Its signature move is Darkness Claw, with which it raises its sharp claws into the air and then slices through its foe.","Его фирменное движение — «Даркнесс Коготь», с помощью которого он поднимает свои острые когти в воздух и затем рассекает своего врага."
patch_text01,text/digimon_profile.mbe/000_Sheet1.csv,digimon_0038_profile,Flame Inferno,Пламенное инферно,Флейм Инферно,1,It uses its special move Flame Inferno to blast enemies with superheated hellfire.,"Он использует свой особый приём «Флейм Инферно», чтобы обрушить на врагов перегретый адский огонь."
patch_text01,text/digimon_profile.mbe/000_Sheet1.csv,digimon_0041_profile,Animal Nail,Звериный коготь,Энимал Нейл,1,"Its special move is Animal Nail, an attack with the claws normally kept hidden in its paws.","Его особый приём — «Энимал Нейл», атака когтями, обычно скрытыми в его лапах."
patch_text01,text/digimon_profile.mbe/000_Sheet1.csv,digimon_0042_profile,Gear Stinger,Шестерёнчатое жало,Гир Стингер,1,"FunBeemon's special move is Gear Stinger, an attack that fires off a rapid volley of tiny, serrated stingers.","Особый приём ФанБимона — «Гир Стингер», атака, которая выпускает быстрый залп крошечных зазубренных жал."
patch_text01,text/digimon_profile.mbe/000_Sheet1.csv,digimon_0046_profile,Chrono Devolution,Хроно-деволюция,Хроно Деволюшн,1,"It also possesses Chrono Devolution, which converts the Digital World's time data into energy that instantly ages any who touch it, reducing their data to dust.","Он также обладает «Хроно Деволюшн», которая преобразует данные времени Цифрового мира в энергию, которая мгновенно старит любого, кто к ней прикоснется, превращая их данные в пыль."
patch_text01,text/digimon_profile.mbe/000_Sheet1.csv,digimon_0050_profile,Pepper Breath,Малое пламя,Пеппер Бреф,1,"Its special move is Pepper Breath, spitting flames at its foes.","Его особый приём — «Пеппер Бреф», выплевывание пламени в своих врагов."
patch_text01,text/digimon_profile.mbe/000_Sheet1.csv,digimon_0053_profile,Blinding Ray,Ослепляющий Луч,Бландинг Рэй,1,Its special move Blinding Ray dazzles the enemy with a glaring flash emitted from its earring.,"Его особый приём «Бландинг Рэй» ослепляет врага ослепительной вспышкой, испускаемой из его сережки."
patch_text01,text/digimon_profile.mbe/000_Sheet1.csv,digimon_0056_profile,Seed Blast,Взрыв семян,Сид Бласт,1,Its special move Seed Blast shoots hard seeds from its mouth with a surprising degree of accuracy.,Его особый приём «Сид Бласт» выстреливает твердыми семенами из его рта с удивительной степенью точности.
patch_text01,text/digimon_profile.mbe/000_Sheet1.csv,digimon_0071_profile,Trident Revolver,Револьвер «Трезубец»,Трайдент Револьвер,1,RizeGreymon's special move Trident Revolver pushes the limits of Chrondigizoid's durability by firing a three-round burst.,"Особый приём РайзГреймона «Трайдент Револьвер» проверяет пределы прочности Хромдигизоида, стреляя очередью из трех патронов."
patch_text01,text/digimon_profile.mbe/000_Sheet1.csv,digimon_0073_profile,Lila Shower,Сиреневый ливень,Лайла Шауэр,1,"Lilamon's special move is Lila Shower, which fires countless slender beams from its petal-like fingers.","Особый приём Лилламона — «Лайла Шауэр», которое выпускает бесчисленные тонкие лучи из ее лепесткоподобных пальцев."
patch_text01,text/digimon_profile.mbe/000_Sheet1.csv,digimon_0074_profile,Winning Knuckle,Победный кулак,Виннинг Накл,1,"Its special move is Winning Knuckle, a single powerful punch that packs quite a wallop.","Его особый приём — «Виннинг Накл», один мощный удар, который наносит весьма удар."
patch_text01,text/digimon_profile.mbe/000_Sheet1.csv,digimon_0087_profile,Heaven's Knuckle,Небесный кулак,Хевенс Накл,1,"Angemon's special move is Heaven's Knuckle, with which it pummels its foe with a shining fist of gold.","Особый приём Анджемона — «Хевенс Накл», которым он избивает своего врага сияющим кулаком из золота."
patch_text01,text/digimon_profile.mbe/000_Sheet1.csv,digimon_0088_profile,Transcendent Sword,Трансцендентный меч,Трансцендент Сорд,1,"Omnimon's left arm is equipped with the invincible blade, Transcendent Sword.","Левая рука Омнимона оснащена непобедимым клинком, «Трансцендент Сорд»."
patch_text01,text/digimon_profile.mbe/000_Sheet1.csv,digimon_0093_profile,Death Claw,Коготь Смерти,Дез Коготь,1,"Devimon's special move is Death Claw, which uses its two extendable arms to pierce its opponent.","Особый приём Дэвимона — «Дез Коготь», которое использует его две выдвижные руки, чтобы пронзить противника."
patch_text01,text/digimon_profile.mbe/000_Sheet1.csv,digimon_0098_profile,Megaton Hydro Laser,Мегатонный Гидро-лазер,Мегатон Гидро Лазер,1,"JumboGamemon's special moves are Megaton Hydro Laser, which shoots high-speed water currents from its mouth barrel that can penetrate anything, and Jumbo Crater, which strafes with all of its beam cannons over 360 degrees, leaving a crater in the earth in its wake.","Особые приёмы ДжамбоГеймона — «Мегатон Гидро Лазер», который стреляет высокоскоростными потоками воды из ствола во рту, способными пронзить что угодно, и «Джамбо Кратер», который обстреливает все вокруг на 360 градусов из всех своих лучевых пушек, оставляя после себя кратер на земле."
patch_text01,text/digimon_profile.mbe/000_Sheet1.csv,digimon_0098_profile,Jumbo Crater,Гигантский Кратер,Джамбо Кратер,1,"JumboGamemon's special moves are Megaton Hydro Laser, which shoots high-speed water currents from its mouth barrel that can penetrate anything, and Jumbo Crater, which strafes with all of its beam cannons over 360 degrees, leaving a crater in the earth in its wake.","Особые приёмы ДжамбоГеймона — «Мегатон Гидро Лазер», который стреляет высокоскоростными потоками воды из ствола во рту, способными пронзить что угодно, и «Джамбо Кратер», который обстреливает все вокруг на 360 градусов из всех своих лучевых пушек, оставляя после себя кратер на земле."
patch_text01,text/digimon_profile.mbe/000_Sheet1.csv,digimon_0100_profile,Howling Destroyer,Воющий Разрушитель,Хаулинг Дэстройер,1,"Its special move is Howling Destroyer, which creates a shockwave capable of shattering even boulders.","Его особый приём — «Хаулинг Дэстройер», которое создает ударную волну, способную раздробить даже валуны."
patch_text01,text/digimon_profile.mbe/000_Sheet1.csv,digimon_0112_profile,Metal Cannon,Металлическая Пушка,Метал Кэннон,1,"Dorumon's special move is Metal Cannon, which fires an iron ball from its mouth.","Особый приём Дорумона — «Метал Кэннон», которое выстреливает железный шар из его рта."
patch_text01,text/digimon_profile.mbe/000_Sheet1.csv,digimon_0115_profile,Fif Cross,Пятый Крест,Файф Кросс,1,"With its special move Fif Cross, BaoHuckmon cleaves its opponent with its sharp claws.",Своим специальным движением «Файф Кросс» БаоХакмон рассекает своего противника своими острыми когтями.
patch_text01,text/digimon_profile.mbe/000_Sheet1.csv,digimon_0117_profile,Aurora Undulation,Колебание Полярного сияния,Аврора Андулейшн,1,"Its special move is Aurora Undulation, which amplifies the purifying light of Purge Shine to peak brightness before unleashing it upon its foes.","Его особый приём — «Аврора Андулейшн», которое усиливает очищающий свет Пёдж Шайна до пиковой яркости, прежде чем обрушить его на своих врагов."
patch_text01,text/digimon_profile.mbe/000_Sheet1.csv,digimon_0128_profile,Shine of Bee,Пчелиное сияние,Шайн оф Би,1,"TyrantKabuterimon uses Shine of Bee to unleash an unblockable incandescent explosion from its entire body, instantly reducing all hostiles to ash.","ТайрантКабутеримон использует «Шайн оф Би», чтобы развязать неблокируемое ослепительное взрывное излучение из всего своего тела, мгновенно превращая всех враждебных существ в пепел."
patch_text01,text/digimon_profile.mbe/000_Sheet1.csv,digimon_0130_profile,Fossil Bite,Ископаемый Укус,Фоссил Байт,1,"Coelamon's special move is Fossil Bite, which attacks enemies with its massive claws.","Особый приём Коэламона — «Фоссил Байт», которое атакует врагов его массивными когтями."
patch_text01,text/digimon_profile.mbe/000_Sheet1.csv,digimon_0132_profile,Lightning Javelin,Молниеносный Дротик,Лайтнинг Джавелин,1,"MegaSeadramon's special move is Lightning Javelin, which fires a powerful bolt of lightning from the blade on its forehead.","Особый приём МегаСидрамона — «Лайтнинг Джавелин», которое выпускает мощный разряд молнии из лезвия на его лбу."
patch_text01,text/digimon_profile.mbe/000_Sheet1.csv,digimon_0135_profile,Ice Wolf Claw,Коготь Ледяного Волка,Волчий Коготь,1,"It also possesses Ice Wolf Claw, which annihilates foes by unleashing every weapon in MetalGarurumon's arsenal at once.","Он также обладает «Волчий Коготь», который уничтожает врагов одновременным запуском всего оружия в арсенале МеталГарурумона."
patch_text01,text/digimon_profile.mbe/000_Sheet1.csv,digimon_0136_profile,Corona Flame,Коронное пламя,Корона Флейм,1,"Its special move is Corona Flame, which converts all of the stamina in its body into flame power to shoot a fiery missile at the enemy from its forehead.","Его особый приём — «Корона Флейм», которое преобразует всю выносливость в его теле в силу пламени, чтобы выстрелить огненной ракетой в врага со своего лба."
patch_text01,text/digimon_profile.mbe/000_Sheet1.csv,digimon_0139_profile,Lightning Blade,Молниеносный Клинок,Лайтнинг Блейд,1,"Lighdramon's special move is Lightning Blade, which shoots an electric sword from the lightning-imbued blade on its head.","Особый приём Лайдрамона — «Лайтнинг Блейд», которое выстреливает электрический меч из заряженного молнией лезвия на его голове."
patch_text01,text/digimon_profile.mbe/000_Sheet1.csv,digimon_0147_profile,Rosetta Stone,Розеттский камень,Розетта Стоун,1,"Its special move is Rosetta Stone, which summons an enormous stone tablet engraved with ancient DigiCode inscriptions to attack foes.","Его особый приём — «Розетта Стоун», которое призывает огромную каменную табличку с выгравированными древними надписями ДигиКода для атаки врагов."
patch_text01,text/digimon_profile.mbe/000_Sheet1.csv,digimon_0151_profile,Blue Blaster,Синий Бластер,Блю Бластер,1,Its special move is Blue Blaster.,Его особый приём — «Блю Бластер».
patch_text01,text/digimon_profile.mbe/000_Sheet1.csv,digimon_0162_profile,Rain Stream,Дождевая Струя,Рейн Стрим,1,"Lanamon's special move is Rain Stream, which focuses torrential rain to crush the enemy.","Особый приём Лейнамон — «Рейн Стрим», которое фокусирует проливной дождь, чтобы раздавить врага."
patch_text01,text/digimon_profile.mbe/000_Sheet1.csv,digimon_0176_profile,Island Freefall,Свободное падение острова,Айленд Фрифол,1,"Ceresmon's special move is Island Freefall, with which it slams its massive body directly into its foe, sending powerful tremors and violent winds surging in a wide berth around the crash site.","Особый приём Цересмон — «Айленд Фрифол», которым оно врезается своим массивным телом прямо во врага, посылая мощные толчки и яростные ветры, бурлящий на широкой область вокруг места падения."
patch_text01,text/digimon_profile.mbe/000_Sheet1.csv,digimon_0176_profile,Burning Blood Shell,Горящая Кровавая Оболочка,Бернинг Блад Шелл,1,"Ceresmon also has Burning Blood Shell, which shoots a huge, scorching ball of magma from its mouth.","Цересмон также имеет «Бернинг Блад Шелл», которое выстреливает огромный, обжигающий шар магмы из его рта."
patch_text01,text/digimon_profile.mbe/000_Sheet1.csv,digimon_0179_profile,Party of the Heavens,Небесная вечеринка,Парти оф зе Хевенс,1,"Bacchusmon also has Party of the Heavens, with which it produces a form of alcohol laced with poisons that can cause drowsiness and paralysis and then blasts enemies with the concoction to stupefy them.","Бахусмон также имеет «Парти оф зе Хевенс», которым он производит форму алкоголя, содержащего яды, которые могут вызывать сонливость и паралич, а затем обстреливает врагов этим зельем, чтобы ошеломить их."
patch_text01,text/digimon_profile.mbe/000_Sheet1.csv,digimon_0180_profile,Hell's Gate,Врата ада,Хеллз Гейт,1,"In one of those moves, Hell's Gate, a giant mouth appears from the darkness and swallows enemies whole, and their data is broken down into scraps.","В одном из этих движений, «Хеллз Гейт», из тьмы появляется гигантская пасть и проглатывает врагов целиком, и их данные разбираются на лоскуты."
patch_text01,text/digimon_profile.mbe/000_Sheet1.csv,digimon_0192_profile,Legendary Dragon Blade,Клинок легендарного дракона,Легендари Драгон Блейд,1,"Hisyaryumon's special move is Legendary Dragon Blade, which transforms it into a giant steel blade to slice the enemy in half with a single stroke.","Особый приём Хисярюмона — «Легендари Драгон Блейд», которое превращает его в гигантский стальной клинок, чтобы рассечь врага пополам одним ударом."
patch_text01,text/digimon_profile.mbe/000_Sheet1.csv,digimon_0210_profile,Blaze Sonic Breath,Пылающее Звуковое Дыхание,Блейз Соник Бреф,1,"Wingdramon's special move is Blaze Sonic Breath, with which it breathes out a blast of scorching hot air faster than the speed of sound.","Особый приём Вингдрамона — «Блейз Соник Бреф», которым он выдыхает поток обжигающе горячего воздуха быстрее скорости звука."
patch_text01,text/digimon_profile.mbe/000_Sheet1.csv,digimon_0217_profile,Dark Explosion,Тёмный взрыв,Дарк Эксплоужн,1,"Its special move is Dark Explosion, which involves attacking with the shards of a supernova.","Его особый приём — «Дарк Эксплоужн», которое включает атаку осколками сверхновой звезды."
patch_text01,text/digimon_profile.mbe/000_Sheet1.csv,digimon_0229_profile,Heat Viper,Тепловая Гадюка,Хит Вайпер,1,"It can fire a deadly heat ray, Heat Viper, from its four arms.","Он может стрелять смертоносным тепловым лучом, «Хит Вайпер», из своих четырех рук."
patch_text01,text/digimon_profile.mbe/000_Sheet1.csv,digimon_0242_profile,Howling Hertz,Воющий Герц,Хаулинг Херц,1,Kapurimon uses its special move Howling Hertz to make its two horns resonate.,"Капуримон использует свой особый приём «Хаулинг Херц», чтобы заставить свои два рога резонировать."
patch_text01,text/digimon_profile.mbe/000_Sheet1.csv,digimon_0304_profile,Electro Shocker,Электрошокер,Электро Шокер,1,Its special move is Electro Shocker.,Его особый приём — «Электро Шокер».
patch_text01,text/digimon_profile.mbe/000_Sheet1.csv,digimon_0307_profile,Spiral Twister,Спиральный Твистер,Спирал Твистер,1,"Biyomon's special move is Spiral Twister, an attack of spectral flames.","Особый приём Пиёмона — «Спирал Твистер», атака спектральным пламенем."
patch_text01,text/digimon_profile.mbe/000_Sheet1.csv,digimon_0308_profile,Meteor Wing,Метеоритное Крыло,Метеор Винг,1,"Birdramon's special move is Meteor Wing, flapping its wings to send feathers shooting down like meteors.","Особый приём Бирдрамона — «Метеор Винг», взмахи крыльями, чтобы посылать перья, стреляющие вниз, как метеоры."
patch_text01,text/digimon_profile.mbe/000_Sheet1.csv,digimon_0342_profile,Spiral Sword,Спиральный Меч,Спирал Сорд,1,It uses its special move Spiral Sword to fire an energy blade from its arm.,"Он использует свой особый приём «Спирал Сорд», чтобы выстрелить энергетическим лезвием из своей руки."
patch_text01,text/digimon_profile.mbe/000_Sheet1.csv,digimon_0344_profile,Harpoon Torpedo,Гарпунная торпеда,Харпун Торпедо,1,"Its special move is Harpoon Torpedo, with which it fires the horn on its head at the enemy, as the horn can be regrown.","Его особый приём — «Харпун Торпедо», которым он выстреливает рог со своей головы во врага, так как рог может отрасти снова."
patch_text01,text/digimon_profile.mbe/000_Sheet1.csv,digimon_0368_profile,Hydro Blaster,Гидробластер,Гидро Бластер,1,Its special move Hydro Blaster fires liquid at high pressure.,Его особый приём «Гидро Бластер» выпускает жидкость под высоким давлением.
patch_text01,text/digimon_profile.mbe/000_Sheet1.csv,digimon_0380_profile,Poop Bazooka,Какашечная Базука,Пуп Базука,1,Its special move Poop Bazooka is a vile attack fired from a bazooka Garbagemon made from empty cans.,"Его особый приём «Пуп Базука» — это гнусная атака, выпускаемая из базуки, которую Гарбейджмон сделал из пустых банок."
patch_text01,text/digimon_profile.mbe/000_Sheet1.csv,digimon_0385_profile,Infinity Cannon,Бесконечная Пушка,Инфинити Кэннон,1,Its special move Infinity Cannon fires super-dreadnought class energy blasts from both cannons.,Его особый приём «Инфинити Кэннон» выпускает энергетические взрывы класса сверхдредноута из обеих пушек.
patch_text01,text/digimon_profile.mbe/000_Sheet1.csv,digimon_0388_profile,Elastic Bubbles,Эластичные Пузырьки,Эластик Бабблз,1,Motimon uses its mochi-like Elastic Bubbles to restrict opponents' movement.,"Мотимон использует свои моти-подобные «Эластик Бабблз», чтобы ограничивать движение противников."
patch_text01,text/digimon_profile.mbe/000_Sheet1.csv,digimon_0398_profile,Chrono Breaker,Хроноразрушитель,Хроно Брейкер,1,It uses its special move Chrono Breaker to destroy the very time that flows in the enemy's body.,"Он использует свой особый приём «Хроно Брейкер», чтобы уничтожить само время, которое течет в теле врага."
patch_text01,text/digimon_profile.mbe/000_Sheet1.csv,digimon_0400_profile,Dragon Impulse,Импульс Дракона,Драгон Импульс,1,Its special move Dragon Impulse unleashes a shockwave in the shape of a dragon.,Его особый приём «Драгон Импульс» выпускает ударную волну в форме дракона.
patch_text01,text/digimon_profile.mbe/000_Sheet1.csv,digimon_0403_profile,The King of Fists,Король кулаков,Зе Кинг оф Фистс,1,Its special move The King of Fists spins the turbines on its arms so quickly that it's able to distort gravity with a single blow.,"Его особый приём «Зе Кинг оф Фистс» вращает турбины на его руках так быстро, что он способен искажать гравитацию одним ударом."
patch_text01,text/digimon_profile.mbe/000_Sheet1.csv,digimon_0405_profile,Talisman of Light,Талисман света,Талисман оф Лайт,1,It uses its special move Talisman of Light to paint a Sanskrit character in midair while chanting before hurling it at the enemy.,"Он использует свой особый приём «Талисман оф Лайт», чтобы нарисовать санскритский символ в воздухе, напевая, прежде чем швырнуть его в врага."
patch_text01,text/digimon_profile.mbe/000_Sheet1.csv,digimon_0406_profile,Heavy Metal Fire,Огонь тяжёлого металла,Хеви Метал Файр,1,SkullMeramon uses its special move Heavy Metal Fire to melt the heavy metals in its body and spit them at the enemy.,"СкаллМерамон использует свой особый приём «Хеви Метал Файр», чтобы расплавить тяжелые металлы в своем теле и выплюнуть их во врага."
patch_text01,text/digimon_profile.mbe/000_Sheet1.csv,digimon_0417_profile,The Ray of Victory,Луч победы,Зе Рэй оф Виктори,1,"Its special move is The Ray of Victory, with which it fires a beam of energy from the V-shaped armor on its chest to wipe out foes.","Его особый приём — «Зе Рэй оф Виктори», которым он выпускает луч энергии из V-образной брони на своей груди, чтобы стереть прочь врагов."
patch_text01,text/digimon_profile.mbe/000_Sheet1.csv,digimon_0422_profile,Infinity Cannon,Бесконечная Пушка,Гиперпушка бесконечности,1,Its special move Hyper Infinity Cannon fires super-dreadnought class energy blasts from both of its cannons.,Его особый прием «Гиперпушка бесконечности» выпускает энергетические залпы класса сверхдредноута из обеих пушек.
patch_text01,text/digimon_profile.mbe/000_Sheet1.csv,digimon_0425_profile,Amethyst Mandala,Аметистовая Мандала,Аметист Мандала,1,"It uses its special move Amethyst Mandala to strike the ground with its Kongou Shakujou staff, creating a purifying field that exorcises evil.","Она использует свой особый приём «Аметист Мандала», чтобы ударить своим посохом Конго Сякудзё о землю, создавая очищающее поле, которое изгоняет зло."
patch_text01,text/digimon_profile.mbe/000_Sheet1.csv,digimon_0709_profile,Black Pearl Blast,Взрыв Черного Жемчуга,Взрыв Чёрной Жемчужины,1,Its special move Black Pearl Blast fires jadeite formed in its body at the enemy.,"Его специальный приём «Взрыв Чёрной Жемчужины» выстреливает в врага жадеитом, сформированным в его теле."
patch_text01,text/digimon_profile.mbe/000_Sheet1.csv,digimon_0716_profile,Flaming Fist,Пылающий Кулак,Огненная Длань,1,Flamedramon uses its signature move Flaming Fist to pummel its opponents with fists of fire.,"Флеймдрамон использует свою фирменную технику «Огненная Длань», чтобы избивать своих противников кулаками из огня."
patch_text01,text/digimon_profile.mbe/000_Sheet1.csv,digimon_0724_profile,Brachio Bubble,Брахио-пузырь,Пузырь Брахио,1,Brachiomon uses its special move Brachio Bubble to spit countless bubbles that attack the enemy.,"Брахиомон использует свой специальный приём «Пузырь Брахио», чтобы выплюнуть бесчисленные пузыри, которые атакуют врага."
patch_text01,text/digimon_profile.mbe/000_Sheet1.csv,digimon_0732_profile,Mega Death,Мегасмерть,Мега Смерть,1,It uses its special move Mega Death to fire high-density dark matter that swallows everything into dark space.,"Он использует свой специальный приём «Мега Смерть», чтобы выстрелить высокоплотной тёмной материей, которая поглощает всё в тёмное пространство."
patch_text01,text/digimon_profile.mbe/000_Sheet1.csv,digimon_0734_profile,Breath of the Gods,Дыхание богов,Дыхания Богов,1,"Furthermore, it can use its magic shield Avalon to activate Breath of the Gods.","Кроме того, он может использовать свой магический щит Авалон для активации «Дыхания Богов»."
patch_text01,text/digimon_profile.mbe/000_Sheet1.csv,digimon_0741_profile,Burst Shot,Взрывной выстрел,Залп Выстрелов,1,It uses its special move Burst Shot to open fire with a volley of firearms.,"Он использует свой специальный приём «Залп Выстрелов», чтобы открыть огонь залпом из огнестрельного оружия."
patch_text01,text/digimon_profile.mbe/000_Sheet1.csv,digimon_0752_profile,Rare Metal Poop,Какашки из редких металлов,Редкий Металлический Кал,1,PlatinumSukamon uses its special move Rare Metal Poop to hurl poop with a metallic sheen at the enemy.,"ПлатинумСкамон использует свой специальный приём «Редкий Металлический Кал», чтобы швырять какашки с металлическим блеском во врага."
patch_text01,text/digimon_profile.mbe/000_Sheet1.csv,digimon_0776_profile,Corona Blaze Sword,Пламенный меч короны,Меч Венца Пламени,1,"It uses its special move Corona Blaze Sword to fuse its sword and shield of flame into a greatsword of explosive strength, or Final Shining Burst to induce a massive explosion by focusing its entire body and soul.","Он использует свой специальный приём «Меч Венца Пламени», чтобы объединить свой меч и щит из пламени в большой меч взрывной силы, или «Финальный Сияющий Взрыв», чтобы вызвать мощный взрыв, концентрируя всё своё тело и душу."
patch_text01,text/digimon_profile.mbe/000_Sheet1.csv,digimon_0776_profile,Final Shining Burst,Последний сияющий взрыв,Финальный Сияющий Взрыв,1,"It uses its special move Corona Blaze Sword to fuse its sword and shield of flame into a greatsword of explosive strength, or Final Shining Burst to induce a massive explosion by focusing its entire body and soul.","Он использует свой специальный приём «Меч Венца Пламени», чтобы объединить свой меч и щит из пламени в большой меч взрывной силы, или «Финальный Сияющий Взрыв», чтобы вызвать мощный взрыв, концентрируя всё своё тело и душу."
patch_text01,text/digimon_profile.mbe/000_Sheet1.csv,digimon_0908_profile,Lightning Javelin,Молниеносный Дротик,Молниевое Копьё,1,Its special move Lightning Javelin launches a sharp electrical shock from the blade atop its head.,Его специальный приём «Молниевое Копьё» запускает острый электрический разряд от лезвия на макушке его головы.
patch_text01,text/digimon_profile.mbe/000_Sheet1.csv,digimon_0915_profile,Senjin Kishinzan,Сендзин Кишинзан,Сэндзин Кишинзан,1,"SkullBaluchimon (Titamon Riding) uses its special move Senjin Kishinzan to spin its polearm-form Zanjintou around and around, mincing the DigiCores of its foes into tiny particles.","ЧерепБалучимон (Титамон Верхом) использует свой специальный приём «Сэндзин Кишинзан», чтобы вращать своё Зандзинто в форме древкового оружия вокруг и вокруг, измельчая Диги-Ядра своих врагов в мельчайшие частицы."
